Date,AAPL Close,AAPL Volume,AMZN Close,AMZN Volume,GOOGL Close,GOOGL Volume,MSFT Close,MSFT Volume,META Close,META Volume,NVDA Close,NVDA Volume,Dell Close,Dell Volume,Exxon Close,Exxon Volume,CVX Close,CVX Volume,MPC Close,MPC Volume,PSX Close,PSX Volume,VLO Close,VLO Volume,ET Close,ET Volume,COP Close,COP Volume,Treasury Dates,1 Mo,1.5 Month,2 Mo,3 Mo,4 Mo,6 Mo,1 Yr,2 Yr,3 Yr,5 Yr,7 Yr,10 Yr,20 Yr,Oil Dates,Crude Oil,log_return,target,SMA_20,SMA_50,momentum_10,volatility_20,RSI_14,regime,CPI,UMCSENT,tariff_event
2022-10-25,152.34,74732290.0,120.6,50934610.0,104.48,40611380.0,250.66,34775510.0,137.51,38433220.0,13.26,505482300.0,37.74,2434329.0,105.88,15719810.0,174.93,7280616.0,111.44,3139158.0,100.22,2627265.0,126.8,4396353.0,12.04,15099700.0,123.94,7000792.0,10/19/2022,3.31,3.72,4.07,4.32,4.45,4.6,4.55,4.56,4.35,4.26,4.14,4.38,4.15,11/18/2022,88.14,0.0191529762146954,-0.01982232028252338,143.62849999999997,153.237,0.09612893941574341,0.02422758702087918,59.032846715328446,disruption,298.007,59.9,0.0
2022-10-26,149.35,88436170.0,115.66,69002460.0,94.93,88279040.0,231.32,82684850.0,129.82,89294680.0,12.9,535533300.0,37.79,2339668.0,107.14,17390410.0,177.09,6867398.0,113.12,2477731.0,102.26,3172547.0,126.74,3307876.0,12.28,28935460.0,126.57,8141443.0,10/20/2022,3.58,3.83,4.09,4.33,4.48,4.66,4.62,4.66,4.45,4.36,4.24,4.47,4.24,11/21/2022,92.58,-0.01982232028252338,-0.03093906471050265,143.60399999999998,152.7634,0.0795865259505566,0.024477216383961515,55.61604584527217,disruption,298.007,59.9,0.0
2022-10-27,144.8,109180200.0,110.96,129605400.0,92.22,60710860.0,226.75,40424650.0,97.94,232316600.0,13.18,583113100.0,37.76,3395825.0,107.55,18214020.0,177.9,9177445.0,113.65,2518706.0,103.56,3394346.0,128.27,3488577.0,12.44,20488390.0,126.64,8948517.0,10/21/2022,3.55,3.78,4.09,4.31,4.43,4.58,4.49,4.52,4.34,4.28,4.21,4.54,4.33,11/22/2022,91.8,-0.03093906471050265,0.07283447019722411,143.72,152.1684,0.012658227848101333,0.022701136319865162,56.90413368513632,disruption,298.007,59.9,0.0
2022-10-28,155.74,164762400.0,103.41,223133400.0,96.29,43697290.0,235.87,40647720.0,99.2,95928310.0,13.83,521039900.0,39.16,3062272.0,110.7,28169440.0,179.98,10773910.0,113.57,2552826.0,104.2,3561146.0,125.98,3505129.0,12.53,18076770.0,127.17,7293389.0,10/24/2022,3.57,3.83,4.16,4.33,4.52,4.61,4.5,4.52,4.36,4.31,4.25,4.59,4.4,11/23/2022,88.8,0.07283447019722411,-0.015530272018091698,144.597,151.8002,0.1254516548634197,0.026621435072547286,67.12880143112702,disruption,298.007,59.9,0.0
2022-10-31,153.34,97943170.0,102.44,99251400.0,94.51,31675040.0,232.13,28357270.0,93.16,121361400.0,13.5,486341000.0,38.4,2578877.0,110.81,26401840.0,180.9,13281030.0,113.62,3158527.0,104.29,3581559.0,125.55,4265069.0,12.77,25431070.0,126.09,7121033.0,10/25/2022,3.56,3.81,4.14,4.32,4.5,4.6,4.42,4.45,4.25,4.17,4.1,4.45,4.26,11/24/2022,85.79,-0.015530272018091698,-0.017698412554438162,145.1415,151.4366,0.07675022821431088,0.02638937108118953,65.71803852889667,disruption,298.007,59.9,0.0
2022-11-01,150.65,80379350.0,96.79,153370000.0,90.47,47161350.0,228.17,30592270.0,95.2,110189600.0,13.54,432816900.0,39.15,2227383.0,111.91,22213140.0,182.22,9185616.0,119.2,5767338.0,107.38,5810757.0,130.0,3973984.0,12.75,20265830.0,127.78,5875587.0,10/26/2022,3.54,3.85,4.11,4.27,4.47,4.54,4.39,4.41,4.2,4.12,4.04,4.38,4.19,2022-11-25,86.52,-0.017698412554438162,-0.03801864800415159,145.369,151.09820000000002,0.04800000000000004,0.02628690123375516,62.895453593128,disruption,298.786,56.7,0.0
2022-11-02,145.03,93604620.0,92.12,135761800.0,86.97,57038280.0,220.1,38407010.0,90.54,71821060.0,13.22,672627800.0,37.67,2865666.0,109.61,20661780.0,178.5,8095097.0,114.73,4001439.0,103.24,3683020.0,125.83,4057301.0,12.36,31958750.0,126.51,7681864.0,10/27/2022,3.76,3.95,4.13,4.27,4.44,4.5,4.3,4.29,4.09,4.01,3.96,4.32,4.12,2022-11-28,89.14,-0.03801864800415159,-0.04333036666011862,145.3005,150.6542,0.008132906992909694,0.027732593849724416,52.094455852156045,disruption,298.786,56.7,0.0
2022-11-03,138.88,97918520.0,89.3,136683300.0,83.43,61288020.0,214.25,36633920.0,88.91,60664010.0,13.42,500064900.0,37.35,2385273.0,111.1,17103670.0,181.13,6607761.0,118.2,3042142.0,103.12,3073692.0,129.71,3218890.0,12.19,23641020.0,133.82,13209060.0,10/28/2022,3.75,3.95,4.18,4.3,4.51,4.55,4.41,4.38,4.19,4.1,4.02,4.38,4.15,2022-11-29,85.85,-0.04333036666011862,-0.003606726841375038,144.973,150.0812,-0.03145268149801239,0.029329702100797314,50.49761146496816,disruption,298.786,56.7,0.0
2022-11-04,138.38,140814800.0,90.98,129101300.0,86.58,51124900.0,221.39,36789060.0,90.79,55638060.0,14.16,612575900.0,39.0,2816412.0,112.31,17541460.0,183.42,7491859.0,117.65,2748583.0,103.48,3059218.0,128.72,3203978.0,12.3,17958220.0,132.32,10663700.0,10/31/2022,3.73,4.0,4.22,4.33,4.57,4.66,4.51,4.45,4.27,4.18,4.1,4.44,4.22,2022-11-30,86.87,-0.003606726841375038,0.003894703805208198,144.8875,149.4482,-0.06036531540707557,0.028150498138472743,45.68614857632199,disruption,298.786,56.7,0.0
2022-11-07,138.92,83374630.0,90.53,77495730.0,88.49,34078910.0,227.87,33497980.0,96.72,81987300.0,14.3,410061000.0,39.87,2497915.0,113.64,16008040.0,185.61,7577990.0,119.5,4505804.0,105.43,3226657.0,131.78,3767934.0,12.39,12876770.0,134.94,6882396.0,11/01/2022,3.72,4.0,4.23,4.35,4.58,4.75,4.54,4.48,4.27,4.18,4.07,4.37,4.14,2022-12-01,85.62,0.003894703805208198,0.004166373385547123,144.8125,148.95420000000001,-0.07045834727333555,0.028161160169054924,44.73970812459159,disruption,298.786,56.7,0.0
2022-11-08,139.5,89908480.0,89.98,88703370.0,88.9,30429030.0,228.87,28192550.0,96.47,52088320.0,14.6,595292000.0,40.42,2523887.0,114.0,14661030.0,185.34,6308242.0,119.1,2108841.0,105.11,2488599.0,132.25,3736876.0,12.27,14898170.0,134.44,5039770.0,11/02/2022,3.7,4.01,4.22,4.38,4.57,4.76,4.61,4.54,4.3,4.2,4.1,4.41,4.15,2022-12-02,81.69,0.004166373385547123,-0.03375324973265403,144.8385,148.5166,-0.08428515163450179,0.02808271954843539,45.299698145752465,disruption,298.786,56.7,0.0
2022-11-09,134.87,74917790.0,86.14,90796250.0,87.32,31769100.0,224.51,27852910.0,101.47,107677300.0,13.78,454413700.0,39.33,2106542.0,108.9,19522760.0,177.93,8021724.0,115.86,2882369.0,104.09,4702312.0,128.0,4125891.0,11.97,13683770.0,125.26,7069481.0,11/03/2022,3.75,4.04,4.25,4.38,4.57,4.78,4.71,4.63,4.36,4.26,4.14,4.42,4.18,2022-12-05,80.07,-0.03375324973265403,0.08523649023700478,144.665,148.0358,-0.09695346501506519,0.029082960395128934,41.5710328452711,disruption,298.786,56.7,0.0
2022-11-10,146.87,118854000.0,96.63,173414900.0,93.94,51620140.0,242.98,46268020.0,111.87,80670960.0,15.75,700819300.0,41.72,3582249.0,110.5,20146730.0,181.3,6981533.0,119.18,2875487.0,106.24,3457335.0,132.45,2916284.0,12.32,13359440.0,129.46,7543858.0,11/04/2022,3.73,4.0,4.21,4.36,4.55,4.76,4.66,4.58,4.33,4.26,4.17,4.49,4.27,2022-12-06,79.74,0.08523649023700478,0.01908544965981155,144.859,147.8288,0.014295580110497141,0.034212383396014824,49.65905216501875,disruption,298.786,56.7,0.0
2022-11-11,149.7,93979670.0,100.79,111590500.0,96.41,33090480.0,247.11,34620250.0,113.02,59961740.0,16.33,655487500.0,42.68,2524199.0,113.95,20518850.0,186.46,8428326.0,121.23,3390221.0,111.3,5586863.0,133.96,4438213.0,12.2,16960800.0,133.96,8662041.0,11/07/2022,3.78,4.04,4.29,4.39,4.62,4.8,4.72,4.63,4.39,4.31,4.22,4.55,4.34,2022-12-07,80.83,0.01908544965981155,-0.009530913143051021,145.425,147.6636,-0.03878258636188536,0.03344773533844781,50.210757039285106,disruption,298.786,56.7,0.0
2022-11-14,148.28,73374110.0,98.49,99533070.0,95.7,30179540.0,241.55,31123340.0,114.22,53394970.0,16.3,527852500.0,42.25,2741701.0,113.37,20858290.0,186.55,9722363.0,120.53,2801038.0,110.26,3977366.0,136.8,4593674.0,12.03,12506660.0,133.03,6163372.0,11/08/2022,3.66,4.04,4.28,4.39,4.6,4.77,4.67,4.55,4.31,4.22,4.14,4.47,4.28,2022-12-08,77.93,-0.009530913143051021,0.01179954693115503,145.7185,147.513,-0.03299856527977041,0.03304748459873112,46.49031811894882,disruption,298.786,56.7,0.0
2022-11-15,150.04,89868330.0,98.94,111336300.0,98.44,41640820.0,241.97,31390120.0,117.08,50670500.0,16.67,545875500.0,42.35,2967423.0,114.13,19373750.0,188.05,7747319.0,120.0,3580655.0,111.11,3785692.0,140.71,4765766.0,12.04,18907910.0,134.09,8300574.0,11/09/2022,3.65,4.05,4.29,4.4,4.59,4.75,4.61,4.49,4.27,4.2,4.12,4.5,4.31,2022-12-12,76.45,0.01179954693115503,-0.008366009374080587,146.03300000000002,147.4232,-0.004049120477929047,0.03308042669477914,50.60943296237414,disruption,298.786,56.7,0.0
2022-11-16,148.79,64218270.0,97.12,87958830.0,98.85,29105150.0,241.73,24093270.0,113.23,33287770.0,15.91,649546800.0,41.18,2679940.0,112.91,13590970.0,184.99,7941075.0,119.86,2758644.0,107.68,3021877.0,135.53,4649672.0,12.11,13903900.0,129.24,7365573.0,11/10/2022,3.71,4.0,4.28,4.36,4.52,4.59,4.34,4.17,3.95,3.89,3.82,4.24,4.03,2022-12-13,77.1,-0.008366009374080587,0.012887894988446974,146.2795,147.2798,0.025925670550920543,0.033163326799373234,53.74226223972986,disruption,298.786,56.7,0.0
2022-11-17,150.72,80389400.0,94.85,82617870.0,98.36,26052600.0,241.68,23123540.0,111.45,35093820.0,15.68,710893600.0,41.76,2382283.0,113.06,12435740.0,184.09,6553224.0,120.4,3202198.0,109.73,2445969.0,137.91,2900030.0,11.95,12749600.0,131.19,5737002.0,11/14/2022,3.72,4.05,4.34,4.38,4.55,4.63,4.4,4.24,4.0,3.95,3.88,4.28,4.07,2022-12-14,77.96,0.012887894988446974,0.003774713928690576,146.64600000000002,147.205,0.08525345622119818,0.033232987216336676,44.334085778781024,disruption,298.786,56.7,0.0
2022-11-18,151.29,74829570.0,94.14,72428190.0,97.43,28342300.0,241.22,27613520.0,112.05,33357710.0,15.41,492071700.0,42.04,3992255.0,112.08,15415030.0,182.99,7661469.0,121.18,3783502.0,108.99,3696427.0,137.62,3388274.0,12.17,13870600.0,128.59,5727237.0,11/15/2022,3.77,4.1,4.31,4.4,4.54,4.6,4.37,4.17,3.93,3.88,3.8,4.2,3.98,2022-12-15,80.48,0.003774713928690576,-0.021918685707646275,146.847,147.0834,0.0932938285879461,0.03274591248204631,47.58653166941369,disruption,298.786,56.7,0.0
2022-11-21,148.01,58724070.0,92.46,84330270.0,95.6,21647390.0,242.05,26394700.0,109.86,24351070.0,15.32,404739300.0,41.07,7317528.0,110.97,20972980.0,181.24,8432869.0,120.31,5107356.0,109.03,3047236.0,135.96,3927479.0,12.16,16642430.0,125.49,6573237.0,11/16/2022,3.81,4.15,4.32,4.43,4.54,4.62,4.35,4.13,3.83,3.77,3.67,4.03,3.85,2022-12-16,81.06,-0.021918685707646275,0.014554735622640523,146.775,146.775,0.06543334293118352,0.03298299815221976,46.93450998606593,disruption,298.786,56.7,0.0
2022-11-22,150.18,51804130.0,93.2,62191960.0,97.05,23438480.0,245.03,19665700.0,111.44,29028960.0,16.04,472866100.0,43.85,12566150.0,114.18,17719090.0,185.89,9017994.0,126.6,4314031.0,112.29,3494145.0,141.98,3134360.0,12.49,16312950.0,129.98,5604173.0,11/17/2022,3.93,4.2,4.32,4.44,4.57,4.68,4.43,4.22,3.93,3.87,3.77,4.1,3.89,2022-12-19,79.86,0.014554735622640523,0.005908730883895689,146.667,146.7018,0.07655913978494633,0.03285468786227973,56.50088361524868,disruption,298.786,56.7,0.0
2022-11-23,151.07,58301400.0,94.13,59414680.0,98.46,18868090.0,247.58,19508460.0,112.24,21343080.0,16.52,427240900.0,44.61,4938485.0,113.61,11546690.0,184.24,5831218.0,125.6,3941363.0,110.71,2662261.0,139.21,2878324.0,12.43,8746366.0,126.74,7482609.0,11/18/2022,3.93,4.23,4.34,4.46,4.61,4.74,4.51,4.28,3.99,3.92,3.82,4.13,3.92,2022-12-20,76.83,0.005908730883895689,-0.01978806461675223,146.753,146.61700000000002,0.12011566693853326,0.032569608721827625,67.74381368267834,disruption,298.786,56.7,0.0
2022-11-25,148.11,35195860.0,93.41,35088610.0,97.46,9701441.0,247.49,9200772.0,111.41,12007570.0,16.27,167934300.0,44.63,2034711.0,113.21,7136013.0,183.7,2796407.0,125.2,1588506.0,110.78,1409419.0,138.4,998236.0,12.36,4024179.0,126.81,2547757.0,11/21/2022,3.97,4.24,4.41,4.47,4.65,4.75,4.48,4.32,3.97,3.94,3.83,4.14,3.91,2022-12-21,74.21,-0.01978806461675223,-0.026615329450267837,146.9185,146.5318,0.008442840607339797,0.0320937480597635,63.216517250747124,disruption,298.786,56.7,0.0
2022-11-28,144.22,69346520.0,93.95,75062320.0,96.05,26252430.0,241.76,24810270.0,108.78,23332820.0,15.83,304152000.0,43.58,2959955.0,109.81,23017670.0,178.36,9367156.0,121.92,3414724.0,107.82,3601223.0,134.84,3393929.0,12.15,11183710.0,123.84,5649277.0,11/22/2022,3.97,4.26,4.4,4.49,4.68,4.79,4.47,4.27,3.93,3.86,3.76,4.05,3.83,2022-12-22,71.93,-0.026615329450267837,-0.021375073592505248,146.3425,146.4022,-0.03660654642618566,0.027818908059158105,56.59860557768926,disruption,298.786,56.7,0.0
2022-11-29,141.17,83763800.0,92.42,65567290.0,95.19,20061720.0,240.33,17956310.0,109.46,23899240.0,15.64,298384500.0,43.52,3448805.0,110.54,14453170.0,181.03,6985359.0,123.47,2921495.0,108.97,3854134.0,135.2,4075754.0,12.41,12513730.0,124.25,4909898.0,11/23/2022,4.12,4.29,4.4,4.5,4.67,4.75,4.46,4.23,3.88,3.81,3.71,3.97,3.74,2022-12-23,71.3,-0.021375073592505248,0.047450118029292686,145.734,146.136,-0.04794982465605624,0.027978395282973193,51.958714520290854,disruption,298.786,56.7,1.0
2022-11-30,148.03,111380900.0,96.54,102805800.0,100.99,43647480.0,255.14,47594240.0,118.1,43348560.0,16.92,565298200.0,44.79,6805667.0,111.34,23158060.0,183.31,10936710.0,121.81,7568560.0,108.44,3987279.0,133.62,8274270.0,12.54,17082520.0,123.51,8484461.0,11/25/2022,4.16,4.33,4.41,4.52,4.67,4.76,4.42,4.2,3.85,3.78,3.68,3.97,3.74,2022-12-26,71.05,0.047450118029292686,0.001889721828470323,145.603,145.95860000000002,-0.013396427619301488,0.030033154044094235,64.66785555060187,disruption,298.786,56.7,0.0
2022-12-01,148.31,71250420.0,95.5,68487970.0,100.99,28687100.0,254.69,26041520.0,120.44,36551370.0,17.14,470976600.0,44.9,2331442.0,110.8,14398310.0,182.49,5217378.0,120.23,3243598.0,108.04,3214314.0,132.03,4563399.0,12.44,10953150.0,123.06,5285124.0,11/28/2022,4.11,4.29,4.41,4.52,4.72,4.76,4.46,4.22,3.88,3.8,3.69,3.97,3.74,2022-12-27,72.96,0.001889721828470323,-0.003377012529889752,145.767,145.8504,-0.0032260232542509204,0.0287332125157967,52.172601086300546,disruption,298.832,59.8,0.0
2022-12-02,147.81,65447450.0,94.13,72496390.0,100.44,21480700.0,255.02,21528520.0,123.49,39950460.0,16.88,371388600.0,44.54,2517994.0,109.86,15248390.0,181.03,6852304.0,118.23,3889225.0,106.66,2675983.0,127.07,5487993.0,12.53,10036520.0,122.18,4879727.0,11/29/2022,4.08,4.26,4.38,4.51,4.72,4.78,4.48,4.24,3.92,3.85,3.75,4.02,3.81,2022-12-28,75.44,-0.003377012529889752,-0.008015258234993616,146.2135,145.7518,-0.01930732484076436,0.0268044287580594,46.93281402142164,disruption,298.832,59.8,0.0
2022-12-05,146.63,68826440.0,91.01,71535530.0,99.48,24405090.0,250.2,23435290.0,122.43,35474880.0,16.61,352255200.0,43.07,2304252.0,106.85,19287750.0,176.56,8162195.0,112.45,4945647.0,104.15,3015204.0,120.96,5081170.0,12.18,14456700.0,119.37,5478737.0,11/30/2022,4.07,4.25,4.37,4.55,4.7,4.74,4.38,4.13,3.82,3.76,3.68,4.0,3.8,2022-12-29,77.14,-0.008015258234993616,-0.025697345495284404,146.626,145.6758,-0.030801771432348413,0.02688064024165171,47.30127576054955,disruption,298.832,59.8,0.0
2022-12-06,142.91,64727190.0,88.25,75503630.0,96.98,24910660.0,245.12,22463730.0,114.12,43689180.0,15.99,352694300.0,42.47,2844578.0,103.88,21196980.0,172.01,8764989.0,109.29,5049361.0,103.08,3627009.0,118.86,4494794.0,11.94,15234110.0,115.61,6498386.0,12/01/2022,4.04,4.24,4.33,4.52,4.65,4.66,4.25,3.98,3.68,3.62,3.53,3.85,3.64,2022-12-30,75.89,-0.025697345495284404,-0.013880793594827006,146.8255,145.5186,-0.03445713127491379,0.027626810211450036,39.04088533661238,disruption,298.832,59.8,0.0
2022-12-07,140.94,69721090.0,88.46,68086880.0,94.94,31045450.0,244.37,20481520.0,113.93,29461140.0,16.12,372387600.0,41.92,2905988.0,103.65,20061730.0,172.52,6936345.0,109.0,5190248.0,103.01,2817139.0,120.19,4990411.0,11.91,11626310.0,114.88,6099116.0,12/02/2022,3.91,4.25,4.34,4.52,4.65,4.69,4.28,3.99,3.67,3.61,3.51,3.79,3.56,2023-01-02,74.19,-0.013880793594827006,0.012059809760632532,146.89749999999998,145.3022,-0.061526168597682784,0.0278262549450101,38.19548872180452,disruption,298.832,59.8,0.0
2022-12-08,142.65,62128340.0,90.35,73305890.0,93.71,32213290.0,247.4,22611760.0,115.33,30619420.0,17.17,515455500.0,42.23,3438584.0,104.42,21128760.0,173.54,8076601.0,108.85,4547387.0,100.9,2899713.0,116.9,4984321.0,11.7,16872040.0,112.6,7720368.0,12/05/2022,3.93,4.25,4.36,4.56,4.73,4.77,4.41,4.13,3.8,3.72,3.6,3.84,3.62,2023-01-03,75.05,0.012059809760632532,-0.0034408938131132074,147.2865,145.1584,-0.055735751638313236,0.026720655975152347,37.783832879200745,disruption,298.832,59.8,0.0
2022-12-09,142.16,76097010.0,89.09,67398510.0,92.83,28225450.0,245.42,20609740.0,115.9,26033350.0,17.0,465338200.0,41.83,1835156.0,103.54,21298190.0,168.0,10754280.0,106.83,5379930.0,98.0,3210060.0,114.65,4975060.0,11.42,19643720.0,110.02,6385654.0,12/06/2022,3.87,4.19,4.37,4.54,4.74,4.73,4.34,4.07,3.73,3.64,3.51,3.77,3.52,2023-01-04,75.92,-0.0034408938131132074,0.01625711715912401,147.051,145.152,-0.040172844507460836,0.01837704398038817,36.1456752655539,disruption,298.832,59.8,0.0
2022-12-12,144.49,70462650.0,90.55,61999760.0,93.31,29009010.0,252.51,30665070.0,114.71,24747060.0,17.54,457327800.0,42.87,3319745.0,106.09,20413170.0,169.75,9364900.0,111.21,5812632.0,102.07,3692377.0,120.66,5807324.0,11.7,16470450.0,111.78,5636529.0,12/07/2022,3.79,4.1,4.29,4.53,4.72,4.67,4.26,3.97,3.62,3.54,3.42,3.66,3.42,2023-01-05,78.17,0.01625711715912401,0.0067595787798507,146.7905,145.27779999999998,0.00187213978643741,0.018219451443331897,44.500000000000036,stable,298.832,59.8,0.0
2022-12-13,145.47,93886160.0,92.49,100212000.0,95.63,40593660.0,256.92,42196880.0,120.15,44701050.0,18.07,656588800.0,42.85,2816461.0,107.25,24305350.0,173.53,7838780.0,111.12,4260294.0,102.13,2984029.0,120.53,3828781.0,11.91,16687830.0,113.41,6285220.0,12/08/2022,3.75,4.11,4.28,4.53,4.71,4.71,4.31,4.04,3.71,3.63,3.48,3.71,3.44,2023-01-06,77.68,0.0067595787798507,-0.015657795294759396,146.64999999999998,145.3382,0.030459729404264335,0.018218426465273628,42.35637779941576,stable,298.832,59.8,0.0
2022-12-14,143.21,82291180.0,91.58,70298010.0,95.07,28733600.0,257.22,35410930.0,121.59,36922040.0,17.67,496888100.0,41.68,3367885.0,106.46,17597330.0,172.33,7045514.0,110.94,4257790.0,101.28,2646772.0,119.73,3607828.0,11.79,14450210.0,112.87,5926992.0,12/09/2022,3.81,4.13,4.31,4.54,4.72,4.72,4.33,4.07,3.75,3.69,3.57,3.82,3.56,2023-01-09,79.57,-0.015657795294759396,-0.04798746986559683,146.30849999999998,145.2804,-0.03256096737147873,0.018241103674856273,37.787445618396546,stable,298.832,59.8,0.0
2022-12-15,136.5,98931910.0,88.45,84802880.0,90.86,40107030.0,249.01,35568090.0,116.15,34530970.0,16.95,478542100.0,39.38,4463554.0,105.44,15367890.0,171.04,7273274.0,110.87,4255915.0,101.47,2445464.0,119.92,3234506.0,11.66,14768420.0,112.55,6401004.0,12/12/2022,3.86,4.18,4.38,4.6,4.78,4.75,4.39,4.1,3.8,3.73,3.61,3.84,3.57,2023-01-11,79.45,-0.04798746986559683,-0.014686068904524351,145.694,145.0824,-0.07963050367473534,0.020890362665453164,33.843584748121344,disruption,298.832,59.8,0.0
2022-12-16,134.51,160156900.0,87.86,146144100.0,90.26,58011850.0,244.69,86101990.0,119.43,67064000.0,16.57,478231900.0,39.25,4646060.0,104.7,54596620.0,168.72,23876040.0,109.75,14691260.0,100.64,7235170.0,119.37,6945904.0,11.66,20090930.0,110.44,17422570.0,12/13/2022,3.89,4.16,4.35,4.58,4.7,4.64,4.22,3.96,3.66,3.6,3.51,3.74,3.53,2023-01-12,78.89,-0.014686068904524351,-0.016037513994810654,144.8835,144.864,-0.08998038021784727,0.020603507201828224,35.733176608874544,disruption,298.832,59.8,0.0
2022-12-19,132.37,79592610.0,84.92,83531460.0,88.44,29493030.0,240.45,29696440.0,114.48,29769880.0,16.25,354038800.0,39.0,2648649.0,105.17,13611120.0,169.88,7131563.0,111.07,3408890.0,100.61,2451214.0,119.71,3260773.0,11.56,15059320.0,110.44,4991437.0,12/14/2022,3.91,4.14,4.33,4.58,4.68,4.64,4.23,3.94,3.64,3.59,3.49,3.74,3.52,2023-01-13,78.43,-0.016037513994810654,-0.0005289606047693854,143.9375,144.7096,-0.09725158562367864,0.020600816133246703,36.71497584541066,disruption,298.832,59.8,0.0
2022-12-20,132.3,77432820.0,85.19,74348300.0,89.02,23453840.0,241.8,25150800.0,117.09,28742500.0,16.09,403259800.0,38.95,1893357.0,106.69,14680000.0,172.67,6199128.0,113.01,3520727.0,102.64,2442301.0,121.88,3156260.0,11.68,16339780.0,112.65,5538726.0,12/15/2022,3.95,4.24,4.34,4.56,4.7,4.65,4.23,3.96,3.62,3.56,3.44,3.69,3.48,2023-01-16,80.16,-0.0005289606047693854,0.023530497410194036,143.152,144.5472,-0.07424253026380234,0.020321385217457497,20.12913026965441,disruption,298.832,59.8,0.0
2022-12-21,135.45,85927990.0,86.77,59267160.0,89.58,24745640.0,244.43,23690610.0,119.76,20392800.0,16.5,325025400.0,39.12,2864114.0,108.06,13565370.0,174.7,5479426.0,114.55,3226056.0,103.35,2471941.0,122.68,3040126.0,11.95,18758810.0,116.28,5433018.0,12/16/2022,3.94,4.22,4.31,4.54,4.68,4.61,4.17,3.91,3.61,3.58,3.48,3.73,3.53,2023-01-18,76.87,0.023530497410194036,-0.02405973796237262,142.4155,144.4766,-0.03895274584929764,0.020881553216423487,27.979452054794493,disruption,298.832,59.8,1.0
2022-12-22,132.23,77852110.0,83.79,81431310.0,87.76,27658290.0,238.19,28651660.0,117.12,23618120.0,15.34,565045300.0,39.14,2285887.0,105.88,13215500.0,172.08,5756793.0,111.65,2700327.0,100.53,2287727.0,119.62,3037881.0,11.81,17559410.0,112.9,5295900.0,12/19/2022,3.95,4.24,4.37,4.57,4.71,4.64,4.25,3.99,3.7,3.67,3.57,3.82,3.62,2023-01-19,72.82,-0.02405973796237262,-0.0028020768835776825,141.4735,144.3544,-0.0730459165790397,0.02111924533613595,25.59523809523806,disruption,298.832,59.8,0.0
2022-12-23,131.86,63814890.0,85.25,57433660.0,89.23,23003040.0,238.73,21206980.0,118.04,17796630.0,15.21,349325600.0,39.12,1466543.0,108.68,11539450.0,177.4,6079120.0,115.12,2388039.0,103.94,2216304.0,124.37,3270406.0,11.96,17927370.0,117.05,5001719.0,12/20/2022,3.89,4.23,4.35,4.55,4.7,4.64,4.25,4.03,3.79,3.78,3.69,3.94,3.74,2023-01-20,73.61,-0.0028020768835776825,-0.013975560621925202,140.661,144.1318,-0.07245357343837922,0.020903965949361576,26.26165220186435,disruption,298.832,59.8,0.0
2022-12-27,130.03,69007830.0,83.04,57284040.0,87.39,20097350.0,236.96,16688650.0,116.88,21392310.0,14.12,464902300.0,39.41,1832561.0,110.19,11962060.0,179.63,5167962.0,116.82,2420033.0,104.58,2474864.0,126.41,3484446.0,11.9,12203610.0,118.47,3849439.0,12/21/2022,3.9,4.23,4.33,4.57,4.67,4.6,4.21,4.0,3.78,3.77,3.68,3.93,3.74,2023-01-23,73.77,-0.013975560621925202,-0.031165876174154578,139.95149999999998,143.9648,-0.1000761298359748,0.020427516048493282,27.960301163586564,disruption,298.832,59.8,0.0
2022-12-28,126.04,85438390.0,81.82,58228580.0,86.02,19523180.0,234.53,17457100.0,115.62,19612470.0,14.04,351066500.0,38.76,1822909.0,108.38,10702080.0,176.98,4494350.0,114.52,2650566.0,102.15,1910695.0,125.35,3856285.0,11.67,9936281.0,115.31,3856401.0,12/22/2022,3.8,4.2,4.35,4.57,4.66,4.64,4.24,4.02,3.79,3.77,3.67,3.91,3.73,2023-01-24,74.69,-0.031165876174154578,0.027930624546209874,139.195,143.63739999999999,-0.13356705850003436,0.02094680221810072,26.152368758002552,disruption,298.832,59.8,0.0
2022-12-29,129.61,75703710.0,84.18,54995900.0,88.45,23333540.0,241.01,19770690.0,120.26,22366190.0,14.6,354923200.0,39.82,1582784.0,109.2,10534030.0,178.32,4142090.0,116.18,2054071.0,104.11,1827314.0,126.32,2456773.0,11.86,8616971.0,116.39,2921561.0,12/23/2022,3.8,4.2,4.34,4.59,4.67,4.66,4.31,4.09,3.86,3.83,3.75,3.99,3.82,2023-01-25,75.11,0.027930624546209874,0.002465902459361233,138.274,143.3546,-0.09496543537462465,0.01867290993098907,30.302114803625372,disruption,298.832,59.8,0.0
2022-12-30,129.93,77034210.0,84.0,62401190.0,88.23,23986300.0,239.82,21938470.0,120.34,19583830.0,14.61,310489800.0,40.22,1582438.0,110.3,11799640.0,179.49,5005094.0,116.39,2370808.0,104.08,2088915.0,126.86,2043533.0,11.87,7244212.0,118.0,4220531.0,12/27/2022,3.87,4.32,4.46,4.66,4.76,4.75,4.32,4.17,3.94,3.93,3.84,4.1,3.93,2023-01-26,77.46,0.002465902459361233,-0.03812226333382989,137.35500000000002,143.076,-0.048131868131868094,0.0186872083252272,31.430306711205574,disruption,298.832,59.8,0.0
2023-01-03,125.07,112117500.0,85.82,76706040.0,89.12,28131220.0,239.58,25740040.0,124.74,35528530.0,14.32,401276600.0,40.9,2679283.0,106.51,15146170.0,173.99,7565431.0,110.92,4363887.0,101.03,2877150.0,120.04,3671585.0,11.62,12534990.0,113.12,5424363.0,12/28/2022,3.86,4.33,4.46,4.66,4.75,4.71,4.31,4.18,3.97,3.97,3.88,4.13,3.98,2023-01-27,78.32,-0.03812226333382989,0.010261395373069204,136.21800000000002,142.70960000000002,-0.07018065571332988,0.01994314828734844,22.617033276931693,disruption,300.42,64.9,0.0
2023-01-04,126.36,89113630.0,85.14,68885120.0,88.08,34854780.0,229.1,50623390.0,127.37,32397090.0,14.75,431323600.0,40.94,2790006.0,106.82,18058400.0,172.14,7684494.0,110.58,3664596.0,100.68,2959185.0,119.62,3283770.0,11.66,12865240.0,113.34,4837794.0,12/29/2022,4.04,4.39,4.45,4.66,4.73,4.71,4.34,4.16,3.94,3.91,3.83,4.09,3.92,2023-01-30,79.9,0.010261395373069204,-0.010661251430218167,135.2045,142.29139999999998,-0.045403036941905284,0.02037351627094356,23.28767123287669,disruption,300.42,64.9,0.0
2023-01-05,125.02,80962710.0,83.12,67930830.0,86.2,27194380.0,222.31,39585620.0,126.94,25447100.0,14.27,389168100.0,40.87,2483742.0,109.21,15946560.0,175.24,6088214.0,115.73,4093558.0,103.02,3348430.0,126.59,4974643.0,11.93,12246170.0,116.77,5177715.0,12/30/2022,4.12,4.41,4.42,4.69,4.76,4.73,4.41,4.22,3.99,3.96,3.88,4.14,3.97,2023-02-01,80.25,-0.010661251430218167,0.036133368495903706,134.31,141.8028,-0.05502645502645509,0.019937046704609225,23.902439024390205,disruption,300.42,64.9,0.0
2023-01-06,129.62,87754720.0,86.08,83303360.0,87.34,41381500.0,224.93,43613570.0,130.02,27584500.0,14.86,405043600.0,42.42,3179732.0,110.53,16348130.0,176.56,7191222.0,116.82,3102813.0,105.7,3101312.0,127.56,4818820.0,12.15,11341440.0,118.23,4442319.0,01/03/2023,4.17,4.42,4.53,4.7,4.77,4.72,4.4,4.18,3.94,3.89,3.79,4.06,3.88,2023-02-02,79.53,0.036133368495903706,0.004080538441004486,133.744,141.3484,-0.043041712809154586,0.02201554469117743,39.49297495418448,disruption,300.42,64.9,0.0
2023-01-09,130.15,70790810.0,87.36,65266060.0,88.02,29003900.0,227.12,27369780.0,129.47,26649150.0,15.63,504230600.0,42.28,2966450.0,108.47,17964590.0,175.18,8385636.0,115.76,3716831.0,102.01,4707383.0,128.58,4438557.0,12.31,12347110.0,117.36,5403382.0,01/04/2023,4.2,4.42,4.55,4.69,4.77,4.71,4.36,4.11,3.85,3.79,3.69,3.97,3.81,2023-02-03,80.31,0.004080538441004486,0.004446496133194283,133.119,140.9644,-0.015730167133025663,0.02177664141177892,43.03069053708441,disruption,300.42,64.9,0.0
2023-01-10,130.73,63896160.0,89.87,67756600.0,88.42,30467760.0,228.85,27033880.0,132.99,28684430.0,15.91,384101300.0,42.49,2780326.0,110.09,15104600.0,176.04,8307049.0,116.5,2752352.0,101.57,3259164.0,132.01,3518096.0,12.39,8750431.0,118.08,4042752.0,01/05/2023,4.3,4.55,4.66,4.75,4.81,4.78,4.45,4.18,3.9,3.82,3.71,3.96,3.78,2023-02-06,81.27,0.004446496133194283,0.020892441093872414,132.5475,140.683,-0.008569695131199984,0.02186967811254456,47.24091520861371,disruption,300.42,64.9,0.0
2023-01-11,133.49,69458950.0,95.09,103126200.0,91.52,26861970.0,235.77,28669330.0,132.89,25423050.0,16.0,353284900.0,40.77,5620313.0,111.37,16710370.0,175.2,6962580.0,117.6,2977033.0,101.42,3551134.0,133.6,4172549.0,12.53,8658836.0,118.24,4569918.0,01/06/2023,4.32,4.55,4.67,4.74,4.79,4.71,4.24,3.96,3.69,3.63,3.55,3.84,3.67,2023-02-07,81.62,0.020892441093872414,-0.0005994754769263538,131.9975,140.238,0.02660924402061071,0.022120902673940724,51.83585313174945,disruption,300.42,64.9,0.0
2023-01-12,133.41,71379650.0,95.27,85254780.0,91.13,30258140.0,238.51,27269490.0,136.71,30757730.0,16.51,551409100.0,39.93,4410091.0,113.22,15357320.0,177.08,6891351.0,121.01,3091314.0,102.86,2231790.0,135.32,3269557.0,12.64,10386840.0,120.16,5072452.0,01/09/2023,4.37,4.58,4.7,4.74,4.83,4.69,4.19,3.93,3.66,3.6,3.53,3.83,3.66,2023-02-08,79.86,-0.0005994754769263538,0.010068325347637248,131.39450000000002,139.8394,0.058473500476039275,0.021994066556837142,46.523517382413104,disruption,300.42,64.9,0.0
2023-01-13,134.76,57809720.0,98.12,85549430.0,92.12,26329210.0,239.23,21333270.0,136.98,22423840.0,16.9,447287100.0,40.18,3383656.0,113.15,12011360.0,177.56,5726331.0,121.93,2780709.0,103.03,2133215.0,136.13,2603965.0,12.67,5837525.0,121.47,4360209.0,01/10/2023,4.41,4.62,4.73,4.77,4.85,4.74,4.24,3.94,3.72,3.67,3.61,3.91,3.74,2023-02-09,79.78,0.010068325347637248,0.008718193380140099,130.972,139.5216,0.039734588380526015,0.022048742994293012,54.60502366217691,disruption,300.42,64.9,0.0
2023-01-17,135.94,63646630.0,96.05,72755000.0,91.29,32602420.0,240.35,29831260.0,135.36,21147590.0,17.7,511102200.0,40.03,2691621.0,112.93,16542200.0,180.49,10697750.0,121.77,3746939.0,102.51,2600814.0,137.61,2781060.0,12.62,14703230.0,120.24,5228472.0,01/11/2023,4.42,4.62,4.72,4.82,4.84,4.73,4.2,3.9,3.66,3.61,3.54,3.84,3.67,2023-02-10,80.64,0.008718193380140099,-0.00538448654782547,130.94400000000002,139.3398,0.04625567613330239,0.019458582523111487,57.21357850070717,disruption,300.42,64.9,0.0
2023-01-18,135.21,69672800.0,95.46,79570370.0,91.12,29116690.0,235.81,30028690.0,133.02,20215490.0,17.38,439623600.0,40.02,2757552.0,110.61,16399690.0,177.23,8899185.0,121.31,3709344.0,102.71,2908164.0,135.52,3564358.0,12.51,13843090.0,118.55,5138681.0,01/12/2023,4.57,4.59,4.66,4.74,4.76,4.66,4.12,3.79,3.53,3.48,3.43,3.73,3.56,2023-02-13,79.73,-0.00538448654782547,0.0004436557304360303,130.97899999999998,139.2664,0.08107459822499408,0.01920375817000514,59.529065489330385,disruption,300.42,64.9,0.0
2023-01-19,135.27,58280410.0,93.68,69002660.0,93.05,37000400.0,231.93,28623030.0,136.15,28625230.0,16.77,452931600.0,39.46,3341651.0,111.32,12928020.0,179.0,5907163.0,123.23,2475569.0,104.38,2696925.0,138.47,3224866.0,12.6,11364370.0,119.64,5049200.0,01/13/2023,4.58,4.59,4.67,4.73,4.77,4.69,4.22,3.88,3.6,3.55,3.49,3.79,3.61,2023-02-14,77.97,0.0004436557304360303,0.01903843108243507,131.124,139.20420000000001,0.0705128205128207,0.018817350719996673,69.84946236559136,disruption,300.42,64.9,0.0
2023-01-20,137.87,80223630.0,97.25,67481540.0,98.02,63191080.0,240.22,35389810.0,139.37,28688630.0,17.84,564967100.0,40.26,2908047.0,113.35,16515610.0,180.9,10477910.0,125.72,2882014.0,106.96,2986434.0,142.73,3709802.0,12.76,10182940.0,121.8,5101417.0,01/17/2023,4.6,4.63,4.71,4.74,4.82,4.67,4.18,3.86,3.6,3.57,3.53,3.81,3.64,2023-02-15,78.95,0.01903843108243507,0.023228515886131697,131.40249999999997,139.1832,0.10278355463125899,0.01923318545378965,68.53680430879709,disruption,300.42,64.9,0.0
2023-01-23,141.11,81760310.0,97.52,76501100.0,99.79,40005060.0,242.58,31933950.0,143.27,27470090.0,19.19,655162600.0,41.04,2745210.0,112.76,16584420.0,180.66,8381315.0,126.88,3963352.0,106.94,3070063.0,143.08,3908311.0,13.01,17524090.0,120.13,3963235.0,01/18/2023,4.59,4.62,4.69,4.74,4.79,4.63,4.06,3.72,3.43,3.4,3.37,3.65,3.54,2023-02-16,76.34,0.023228515886131697,0.010012775797270213,131.6855,139.2154,0.08864372781978092,0.01921555490991532,72.18253968253966,disruption,300.42,64.9,0.0
2023-01-24,142.53,66435140.0,96.32,66929450.0,97.7,33078510.0,242.04,40234440.0,143.14,21970190.0,19.27,496204100.0,40.59,1903050.0,113.81,13583030.0,180.83,5988995.0,130.21,3782202.0,107.01,2360475.0,145.03,3142401.0,13.07,10545370.0,118.81,4216908.0,01/19/2023,4.69,4.66,4.71,4.74,4.79,4.65,4.09,3.76,3.48,3.43,3.39,3.69,3.57,2023-02-17,75.87,0.010012775797270213,-0.004711848092998863,132.2005,139.3686,0.09512101421436792,0.01826611493983631,90.11948529411762,stable,300.42,64.9,0.0
2023-01-25,141.86,65799350.0,97.18,94261570.0,95.22,42329950.0,240.61,66526640.0,141.5,26622020.0,19.32,449537100.0,40.52,2705810.0,113.21,11914730.0,179.08,6727512.0,129.81,3671645.0,108.85,2889143.0,143.35,2955948.0,13.15,11125110.0,120.37,3984733.0,01/20/2023,4.69,4.64,4.72,4.75,4.8,4.68,4.14,3.83,3.56,3.51,3.48,3.77,3.66,2023-02-20,73.4,-0.004711848092998863,0.01469482743688913,132.7005,139.2684,0.0851373058976519,0.01830711796089249,86.66035950804167,stable,300.42,64.9,0.0
2023-01-26,143.96,54105070.0,99.22,68523560.0,97.52,30113970.0,248.0,33454490.0,147.3,25482080.0,19.8,489535400.0,40.99,1645296.0,117.76,21019680.0,187.79,14307820.0,135.35,4005337.0,111.49,2723551.0,149.96,4708086.0,13.5,24145910.0,124.65,5807356.0,01/23/2023,4.69,4.65,4.73,4.76,4.82,4.7,4.21,3.88,3.61,3.56,3.52,3.8,3.69,2023-02-21,74.11,0.01469482743688913,0.013591571468824453,133.397,139.1536,0.07843284141134177,0.017973375979315132,93.24200913242014,stable,300.42,64.9,0.0
2023-01-27,145.93,70555840.0,102.24,87775610.0,99.37,33879750.0,248.16,26498940.0,151.74,35771870.0,20.37,542142000.0,40.31,2677282.0,115.61,15179210.0,179.45,19654690.0,132.85,3400601.0,108.73,2506688.0,143.21,3638503.0,13.36,16136270.0,123.61,4857454.0,01/24/2023,4.7,4.67,4.72,4.75,4.84,4.7,4.12,3.86,3.58,3.52,3.46,3.73,3.62,2023-02-22,77.17,0.013591571468824453,-0.020282424419747112,134.3915,139.1066,0.09384603852784656,0.015887039265433587,92.31966787752988,stable,300.42,64.9,0.0
2023-01-30,143.0,64015270.0,100.55,70691860.0,96.94,27226200.0,242.71,25867370.0,147.06,28040100.0,19.16,488611200.0,40.01,2444028.0,113.56,18672050.0,174.2,11476040.0,129.14,4152328.0,106.42,3109975.0,140.19,2991348.0,13.1,34494700.0,120.53,5246251.0,01/25/2023,4.67,4.65,4.72,4.75,4.79,4.67,4.11,3.84,3.54,3.51,3.46,3.74,3.62,2023-02-23,78.47,-0.020282424419747112,0.008980533049257052,135.061,138.9658,0.06114574057583866,0.016249776134127092,79.64928472542685,stable,300.42,64.9,0.0
2023-01-31,144.29,65874460.0,103.13,66527250.0,98.84,29870670.0,247.81,26541070.0,148.97,29842110.0,19.54,498016600.0,40.62,2562550.0,116.01,27861850.0,174.02,14481280.0,128.52,5408672.0,100.27,7890068.0,140.03,5427278.0,13.28,13143390.0,121.87,5200119.0,01/26/2023,4.61,4.65,4.71,4.76,4.79,4.68,4.17,3.88,3.58,3.54,3.49,3.75,3.62,2023-02-24,78.04,0.008980533049257052,0.007869707880454494,135.779,138.8758,0.06142415771663967,0.016263372075689397,80.29490616621985,stable,300.42,64.9,0.0
2023-02-01,145.43,77663630.0,105.15,80450120.0,100.43,35531100.0,252.75,31259910.0,153.12,55661020.0,20.94,660477000.0,41.23,3476465.0,114.74,19464870.0,171.36,11526400.0,122.97,5189881.0,97.99,4467782.0,136.23,4159196.0,13.07,24295600.0,117.7,7282283.0,01/27/2023,4.61,4.64,4.73,4.76,4.81,4.68,4.19,3.9,3.62,3.58,3.52,3.77,3.64,2023-02-27,79.74,0.007869707880454494,0.036392201584881996,136.797,138.77,0.07558612528659125,0.012661960685667582,78.75722543352602,stable,301.45,66.9,0.0
2023-02-02,150.82,118339000.0,112.91,158154200.0,107.74,69883760.0,264.6,39940440.0,188.77,150475700.0,21.71,564275800.0,42.42,4623225.0,111.15,24562120.0,169.01,10463350.0,119.9,6275745.0,98.98,4668651.0,133.05,4171067.0,13.28,16323480.0,111.3,11531290.0,01/30/2023,4.6,4.64,4.72,4.76,4.82,4.71,4.25,3.96,3.68,3.62,3.55,3.79,3.66,2023-02-28,80.14,0.036392201584881996,0.0241070235632993,138.02,138.76059999999998,0.11495527463591326,0.014210868111982458,83.39087073264292,stable,301.45,66.9,0.0
2023-02-03,154.5,154357300.0,103.39,144374800.0,104.78,65309260.0,258.35,29077260.0,186.53,76809700.0,21.1,429366000.0,42.24,2936717.0,111.92,20226610.0,169.45,8404871.0,118.2,3255123.0,98.81,3525128.0,131.73,3027312.0,13.28,18015740.0,108.11,13504190.0,01/31/2023,4.58,4.64,4.7,4.74,4.8,4.68,4.21,3.9,3.63,3.59,3.52,3.78,3.65,2023-03-01,79.08,0.0241070235632993,-0.018091470800650468,139.494,138.8904,0.12062087473707117,0.013819969184186692,84.7535211267606,stable,301.45,66.9,0.0
2023-02-06,151.73,69858310.0,102.18,81945200.0,102.9,31999560.0,256.77,22518000.0,186.06,42483810.0,21.09,452197100.0,40.96,4299348.0,111.73,13855210.0,169.64,7659492.0,116.41,4190064.0,98.08,2666327.0,128.09,4401832.0,12.98,16139450.0,107.49,11516340.0,02/01/2023,4.59,4.63,4.66,4.77,4.79,4.66,4.09,3.75,3.48,3.43,3.39,3.67,3.55,2023-03-02,78.57,-0.018091470800650468,0.01906187359392895,140.5995,138.9214,0.07526043512153624,0.013863154626316309,76.32544181393799,stable,301.45,66.9,0.0
2023-02-07,154.65,83322550.0,102.11,119501300.0,107.64,49010230.0,267.56,50841370.0,191.62,47080660.0,22.17,664149600.0,41.99,3268817.0,114.92,16013310.0,174.09,10256500.0,122.23,5361908.0,102.28,3628394.0,134.52,3591355.0,12.85,12692880.0,112.02,7370606.0,02/02/2023,4.62,4.65,4.66,4.75,4.76,4.64,4.09,3.75,3.49,3.44,3.4,3.67,3.55,2023-03-03,78.45,0.01906187359392895,-0.01781043262704829,141.8245,138.993,0.08503472953062508,0.01405082305635841,80.20509633312615,stable,301.45,66.9,0.0
2023-02-08,151.92,64120080.0,100.05,75878300.0,99.37,94743520.0,266.73,54686050.0,183.43,36139070.0,22.21,559651200.0,41.84,2643279.0,113.92,18459680.0,170.0,9784725.0,121.56,3005452.0,102.74,3683762.0,134.12,4991051.0,12.78,15961410.0,110.79,6713232.0,02/03/2023,4.61,4.67,4.7,4.8,4.82,4.79,4.3,3.96,3.67,3.61,3.53,3.77,3.63,2023-03-06,76.31,-0.01781043262704829,-0.006935527652047255,142.884,139.0692,0.0709149866065133,0.0152309226954949,73.88809182209465,stable,301.45,66.9,0.0
2023-02-09,150.87,56007140.0,98.24,64622490.0,95.01,119455000.0,263.62,42375100.0,177.92,37118810.0,22.34,523875800.0,42.04,2878379.0,114.35,17439310.0,168.44,10123360.0,120.74,2788541.0,102.11,2897444.0,132.62,3822410.0,12.76,9458057.0,109.93,5768446.0,02/06/2023,4.61,4.67,4.71,4.81,4.89,4.85,4.44,4.1,3.81,3.73,3.63,3.82,3.67,2023-03-08,76.28,-0.006935527652047255,0.0009275209357145332,143.753,139.2022,0.04799944429008063,0.015215224975849213,69.51951951951952,stable,301.45,66.9,0.0
2023-02-10,151.01,57450710.0,97.61,52740130.0,94.57,54980700.0,263.1,25818490.0,174.15,33433570.0,21.27,550736800.0,42.72,3964177.0,119.17,24918620.0,171.97,11602390.0,126.79,3467618.0,107.38,3003312.0,140.73,4815438.0,12.84,9734623.0,115.06,10779150.0,02/07/2023,4.62,4.68,4.71,4.8,4.89,4.88,4.47,4.11,3.85,3.78,3.67,3.87,3.72,2023-03-09,73.95,0.0009275209357145332,0.01863204198035316,144.63299999999998,139.399,0.0348112108545191,0.015183532420709852,66.39072847682115,stable,301.45,66.9,0.0
2023-02-13,153.85,62199010.0,99.54,52841460.0,94.61,50076120.0,271.32,44630920.0,179.43,31463220.0,21.79,474918600.0,43.4,3705241.0,117.8,14536240.0,171.01,9442889.0,127.81,3499762.0,108.26,2608803.0,139.8,3072456.0,12.95,9203186.0,112.31,6018245.0,02/08/2023,4.64,4.69,4.72,4.85,4.88,4.87,4.45,4.08,3.82,3.75,3.63,3.86,3.7,2023-03-10,75.26,0.01863204198035316,-0.00423384446155997,145.5875,139.5154,0.07587412587412579,0.015417433293843447,67.90006325110689,stable,301.45,66.9,0.0
2023-02-14,153.2,61707570.0,99.7,56202900.0,94.68,54726120.0,272.17,37047920.0,179.48,24034630.0,22.97,675473500.0,43.03,2277181.0,116.42,12078990.0,172.32,8077335.0,128.64,3174489.0,107.95,2267541.0,139.69,3030268.0,13.09,10596480.0,113.55,7308073.0,02/09/2023,4.66,4.77,4.77,4.87,4.9,4.88,4.48,4.15,3.87,3.79,3.67,3.9,3.75,2023-03-13,76.19,-0.00423384446155997,0.01380762869332509,146.4505,139.6132,0.061750641070067225,0.015595833771584067,67.94303797468349,stable,301.45,66.9,0.0
2023-02-15,155.33,65669250.0,101.16,48053880.0,96.94,50298480.0,269.32,28962160.0,177.16,25337970.0,22.76,421188300.0,42.8,2139952.0,116.07,13673360.0,169.01,8888908.0,127.11,3049842.0,106.65,2627471.0,136.37,3978195.0,13.14,9984205.0,111.65,7205062.0,02/10/2023,4.66,4.77,4.79,4.89,4.89,4.89,4.5,4.19,3.93,3.86,3.74,3.96,3.83,2023-03-14,75.57,0.01380762869332509,-0.010484175762975069,147.4565,139.7636,0.06807398748538818,0.015449760767779482,67.97344293392347,stable,301.45,66.9,0.0
2023-02-16,153.71,68167940.0,98.15,56339170.0,95.51,42462620.0,262.15,29603620.0,172.44,25827470.0,22.0,412026300.0,42.72,2961076.0,115.73,11360600.0,166.57,6727542.0,126.51,2595050.0,104.92,2876507.0,133.97,2589829.0,13.05,17515400.0,108.36,6531921.0,02/13/2023,4.66,4.78,4.81,4.9,4.99,4.91,4.52,4.22,3.93,3.84,3.72,3.92,3.79,2023-03-15,76.88,-0.010484175762975069,-0.0075752990741620625,148.3785,139.9052,0.01916191486540253,0.01587873649199282,62.43606138107415,stable,301.45,66.9,0.0
2023-02-17,152.55,59144120.0,97.2,60029410.0,94.35,34284120.0,258.06,30000060.0,172.88,24171260.0,21.39,465887600.0,42.48,2728395.0,111.28,20758330.0,162.85,9612107.0,122.5,3275855.0,99.54,3537586.0,129.61,3380213.0,12.87,13445270.0,104.12,11294540.0,02/14/2023,4.63,4.78,4.8,4.91,4.98,4.99,4.6,4.32,4.0,3.9,3.77,3.94,3.81,2023-03-16,77.57,-0.0075752990741620625,-0.02704214212478832,149.1125,140.098,-0.012621359223300876,0.015878104621974025,66.18095560826838,stable,301.45,66.9,0.0
2023-02-21,148.48,58867230.0,94.58,56580360.0,91.79,33629260.0,252.67,28397440.0,172.08,34592580.0,20.66,410014600.0,41.89,3973160.0,111.17,14469430.0,161.0,7259738.0,123.07,3988081.0,99.65,2569243.0,132.2,3343519.0,12.74,12948670.0,105.31,7200780.0,02/15/2023,4.64,4.79,4.79,4.94,4.97,4.96,4.62,4.35,4.04,3.94,3.81,3.97,3.85,2023-03-17,78.05,-0.02704214212478832,0.00289182756422327,149.481,140.2488,-0.02141962696895805,0.01680252332870942,56.488076803964056,stable,301.45,66.9,0.0
2023-02-22,148.91,51011310.0,95.79,59534090.0,91.65,30884020.0,251.51,22491060.0,171.12,22433160.0,20.75,513184300.0,41.81,2240581.0,109.73,13973840.0,160.35,6205935.0,122.78,3142874.0,99.47,2087817.0,130.69,3245372.0,13.0,13906160.0,104.08,7929502.0,02/16/2023,4.66,4.8,4.84,4.95,4.98,4.99,4.62,4.35,4.06,3.98,3.86,4.05,3.92,2023-03-20,79.62,0.00289182756422327,0.003285176096603322,149.8,140.374,-0.037116068541868774,0.016711161947392635,55.50981633945532,stable,301.45,66.9,0.0
2023-02-23,149.4,48394250.0,95.82,48466990.0,90.89,41206380.0,254.77,29219100.0,172.04,20017780.0,23.66,1117995000.0,42.03,3414212.0,110.74,11289400.0,161.93,6445523.0,125.52,2893662.0,100.35,2737977.0,132.43,2620472.0,13.01,12273590.0,105.43,6095809.0,02/17/2023,4.64,4.81,4.84,4.95,4.99,5.0,4.6,4.33,4.03,3.95,3.82,4.01,3.88,2023-03-21,80.39,0.003285176096603322,-0.01816942354716423,150.17700000000002,140.5188,-0.016587677725118377,0.01663283111248389,47.33883058470768,stable,301.45,66.9,0.0
2023-02-24,146.71,55469610.0,93.5,57053810.0,89.13,36585090.0,249.22,24990910.0,170.39,19791330.0,23.29,589715900.0,41.61,3712849.0,110.75,14351040.0,162.41,5330180.0,124.92,3218737.0,102.0,3005771.0,132.75,3012958.0,12.86,11848480.0,105.25,5617868.0,02/21/2023,4.63,4.83,4.86,4.98,5.07,5.07,4.67,4.44,4.16,4.08,3.95,4.12,3.98,2023-03-22,77.45,-0.01816942354716423,0.008213737927316687,150.3145,140.56320000000002,-0.027573407569430608,0.016993420138602364,34.83845854418067,stable,301.45,66.9,1.0
2023-02-27,147.92,44998470.0,93.76,47470320.0,89.87,27502300.0,250.16,21190040.0,169.54,19277000.0,23.5,452993700.0,41.0,5148218.0,110.55,11710450.0,162.82,6386760.0,126.58,3057628.0,103.65,2699527.0,135.05,2901945.0,12.76,11867730.0,105.86,7429338.0,02/22/2023,4.62,4.81,4.84,5.0,5.08,5.07,4.66,4.43,4.13,4.07,3.93,4.09,3.94,2023-03-23,76.56,0.008213737927316687,-0.0034537670196825134,150.414,140.6122,-0.02046222104496398,0.01682450435122691,42.105263157894754,stable,301.45,66.9,0.0
2023-02-28,147.41,50547000.0,94.23,43959290.0,90.06,30142040.0,249.42,22490950.0,174.94,46051120.0,23.22,455962800.0,40.64,7672583.0,109.91,18107030.0,160.77,10854230.0,123.6,5774574.0,102.56,4104526.0,131.73,5428040.0,12.66,10127260.0,103.35,8771764.0,02/23/2023,4.66,4.83,4.84,5.0,5.05,5.03,4.66,4.4,4.09,4.02,3.88,4.04,3.88,2023-03-24,75.6,-0.0034537670196825134,-0.014348428726582282,150.6345,140.6962,-0.04185895352616187,0.016127474005028647,33.33333333333333,stable,301.45,66.9,0.0
2023-03-01,145.31,55478990.0,92.17,52299520.0,90.36,31111230.0,246.27,27565260.0,173.42,30998380.0,22.7,460025600.0,40.44,7083437.0,110.89,13199960.0,162.05,7470391.0,129.19,4295291.0,107.24,4581106.0,139.29,5042214.0,12.79,12046550.0,106.25,6064687.0,02/24/2023,4.68,4.83,4.86,5.02,5.06,5.05,4.78,4.52,4.19,4.1,3.95,4.11,3.93,2023-03-27,76.55,-0.014348428726582282,0.004120601943326564,150.6855,140.8724,-0.05150130548302867,0.016400715399118027,34.329065908013305,stable,301.821,62.0,0.0
2023-03-02,145.91,52279760.0,92.13,55574820.0,92.0,32226230.0,251.11,24833650.0,174.53,17360710.0,23.31,390074700.0,40.17,9094204.0,111.4,10343080.0,162.56,5582097.0,129.63,3054078.0,105.81,4644015.0,139.23,3473421.0,12.95,10556650.0,108.33,5459001.0,02/27/2023,4.67,4.83,4.89,5.02,5.18,5.03,4.78,4.49,4.17,4.08,3.92,4.11,3.93,2023-03-28,74.68,0.004120601943326564,0.03448849930231914,150.7095,141.1004,-0.060645078220562754,0.016331550141802962,37.984496124031004,stable,301.821,62.0,0.0
2023-03-03,151.03,70732300.0,94.9,55759610.0,93.65,35160110.0,255.29,30760140.0,185.25,45877690.0,23.89,412393300.0,39.79,7775747.0,112.81,13006710.0,164.96,6007546.0,133.5,3651780.0,106.02,3755760.0,141.17,3703897.0,13.05,13324040.0,108.64,7075136.0,02/28/2023,4.65,4.81,4.88,5.0,5.17,5.02,4.81,4.51,4.18,4.07,3.92,4.1,3.93,2023-03-29,71.18,0.03448849930231914,0.018369603989409514,150.72,141.4736,-0.017435430355865034,0.01611338346580636,50.039032006245144,stable,301.821,62.0,0.0
2023-03-06,153.83,87558030.0,93.75,52112360.0,95.13,32639310.0,256.87,24109850.0,184.9,33209390.0,23.55,437429200.0,39.07,5330225.0,113.81,14347410.0,166.17,7703600.0,131.92,3271530.0,103.98,4000193.0,139.69,3413871.0,13.2,9810377.0,109.56,6201092.0,03/01/2023,4.67,4.82,4.9,5.02,5.2,5.06,4.89,4.61,4.27,4.17,4.01,4.17,3.97,2023-03-30,67.38,0.018369603989409514,-0.0146026233593885,150.6865,141.9042,0.008390691576532383,0.015708910629264203,49.96090695856141,stable,301.821,62.0,0.0
2023-03-07,151.6,56182030.0,93.55,49100670.0,93.86,27835480.0,254.15,21473180.0,184.51,36701500.0,23.29,515153900.0,38.0,4812983.0,111.61,11525290.0,164.03,7392967.0,130.21,3592557.0,101.79,3119897.0,136.96,3577673.0,13.13,11204680.0,107.65,4973233.0,03/02/2023,4.75,4.8,4.91,5.02,5.18,5.04,4.89,4.63,4.32,4.24,4.08,4.24,4.03,2023-03-31,68.15,-0.0146026233593885,0.008342413804671631,150.68,142.2272,0.021012931034482873,0.015518190571146047,47.054491899852735,stable,301.821,62.0,0.0
2023-03-08,152.87,47204790.0,93.92,44899130.0,94.25,34103270.0,253.7,17340220.0,184.97,19432410.0,24.18,513573400.0,38.77,3010007.0,109.98,13509820.0,162.99,5435819.0,127.87,3516743.0,99.31,3876430.0,132.77,5029789.0,13.16,12026290.0,107.23,4576832.0,03/03/2023,4.75,4.79,4.91,5.01,5.18,5.03,4.86,4.6,4.26,4.15,3.97,4.12,3.9,2023-04-03,66.61,0.008342413804671631,-0.015026974914214734,150.59099999999998,142.64,0.026593244241488234,0.015000082832617294,45.323193916349794,stable,301.821,62.0,0.0
2023-03-09,150.59,53833580.0,92.25,56218710.0,92.32,28813530.0,252.32,26653390.0,181.69,26582750.0,23.44,501257000.0,37.8,2731224.0,109.13,12961240.0,160.51,6214745.0,128.38,3370852.0,101.14,5194922.0,132.28,4913020.0,12.9,8986622.0,105.81,5191573.0,03/06/2023,4.75,4.79,4.93,5.02,5.22,5.05,4.89,4.61,4.27,4.16,3.98,4.14,3.92,2023-04-04,67.56,-0.015026974914214734,-0.013975953855973828,150.52450000000002,143.0146,0.007965194109772478,0.014843890465031038,44.21364985163204,stable,301.821,62.0,0.0
2023-03-10,148.5,68572400.0,90.73,69827490.0,90.63,35941050.0,248.59,28333930.0,179.51,25665030.0,22.97,474865700.0,36.72,3661893.0,107.78,15795670.0,159.67,7385803.0,128.55,3746735.0,101.22,4367161.0,132.16,3856020.0,12.6,17618130.0,104.22,5313088.0,03/07/2023,4.8,4.88,5.04,5.12,5.32,5.22,5.0,4.66,4.31,4.17,3.97,4.11,3.88,2023-04-05,69.4,-0.013975953855973828,0.013178770528032447,150.406,143.384,0.01220094063117716,0.015087529192341308,42.73933309429903,stable,301.821,62.0,0.0
2023-03-13,150.47,84457120.0,92.43,72397050.0,91.11,37335570.0,253.92,33339720.0,180.9,24727970.0,22.97,421890300.0,36.57,5580849.0,106.54,20745630.0,158.71,10106130.0,123.78,4107674.0,95.52,6037714.0,128.11,5199221.0,12.26,27275250.0,100.68,8789731.0,03/08/2023,4.77,4.88,5.06,5.21,5.34,5.25,5.05,4.71,4.34,4.19,3.98,4.11,3.88,2023-04-06,70.71,0.013178770528032447,0.013990857132857637,150.379,143.8726,0.01723904813412669,0.015406339026823942,53.85808452888718,stable,301.821,62.0,0.0
2023-03-14,152.59,73695890.0,94.88,60912670.0,93.97,36050210.0,260.79,33620290.0,194.02,41642630.0,24.06,474910100.0,37.55,4433854.0,106.94,18263510.0,160.76,10035190.0,127.78,4528122.0,97.95,3521193.0,131.62,4717274.0,12.34,11223210.0,101.36,7090814.0,03/09/2023,4.83,4.96,5.05,5.19,5.32,5.18,4.9,4.56,4.22,4.1,3.93,4.09,3.88,2023-04-07,69.77,0.013990857132857637,0.0026179738756434445,150.316,144.3322,0.03514008547588365,0.015140746350669374,56.6957787481805,stable,301.821,62.0,0.0
2023-03-15,152.99,77167870.0,96.2,70731790.0,96.11,50622050.0,265.44,46028050.0,197.75,42123550.0,24.23,524485700.0,37.51,5072606.0,101.62,25733780.0,153.8,14063140.0,122.69,6669090.0,93.65,6810328.0,124.33,8770720.0,11.94,28747370.0,95.24,10661240.0,03/10/2023,4.81,4.91,5.01,5.08,5.17,4.9,4.6,4.31,3.96,3.86,3.7,3.9,3.7,2023-04-10,69.22,0.0026179738756434445,0.018521446434058394,150.3055,144.7934,0.05285252219393022,0.015127210377491807,56.5534866739686,stable,301.821,62.0,0.0
2023-03-16,155.85,76254420.0,100.04,84558930.0,100.32,65567660.0,276.2,54832140.0,204.93,50819660.0,25.54,584946300.0,38.05,5952214.0,101.03,27476130.0,154.29,12852170.0,125.16,6170646.0,95.05,5801948.0,127.17,7040750.0,12.25,21768090.0,96.4,10112610.0,03/13/2023,4.62,4.81,4.87,4.87,4.81,4.3,4.03,3.88,3.68,3.65,3.55,3.85,3.7,2023-04-11,72.87,0.018521446434058394,-0.005468889294099413,150.3315,145.409,0.06812418614214244,0.015389241524860294,66.5820029027576,stable,301.821,62.0,0.0
2023-03-17,155.0,98944630.0,98.95,87300240.0,101.62,61028550.0,279.43,69527370.0,195.61,50141100.0,25.73,848546600.0,37.22,13488370.0,99.84,43199470.0,152.34,33161770.0,123.66,13118670.0,94.72,10256820.0,126.37,13800930.0,11.99,22859780.0,94.39,17056190.0,03/14/2023,4.47,4.77,4.88,4.95,4.93,4.45,4.2,4.05,3.78,3.74,3.64,3.91,3.77,2023-04-12,73.12,-0.005468889294099413,0.015365219064056359,150.39600000000002,145.9818,0.026286168310931668,0.015246748271498991,63.01470588235295,stable,301.821,62.0,0.0
2023-03-20,157.4,73641420.0,97.71,62388910.0,101.22,32960440.0,272.23,43466650.0,197.81,25186320.0,25.9,432747200.0,38.55,5994133.0,102.45,32042110.0,154.58,8461413.0,126.25,4830744.0,95.55,4692905.0,128.91,5343766.0,11.84,12118830.0,96.16,7932903.0,03/15/2023,4.23,4.56,4.75,4.85,4.73,4.19,3.93,3.83,3.59,3.57,3.51,3.82,3.7,2023-04-13,72.95,0.015365219064056359,0.011873323772638007,150.6385,146.62939999999998,0.0232074367808619,0.015474975439955027,67.17084908903402,stable,301.821,62.0,0.0
2023-03-21,159.28,73938290.0,100.61,58597280.0,104.92,42110280.0,273.78,34558700.0,202.16,31826950.0,26.2,547407800.0,39.15,3619390.0,107.04,31592310.0,159.31,9753541.0,128.29,4607878.0,95.55,7228894.0,132.19,6393185.0,12.11,9857048.0,99.71,6770198.0,03/16/2023,4.22,4.66,4.74,4.92,4.94,4.49,4.14,3.99,3.72,3.67,3.56,3.87,3.71,2023-04-14,74.32,0.011873323772638007,-0.009145155345115272,151.1785,147.2226,0.050659630606860295,0.014071626532788454,74.19466574298576,stable,301.821,62.0,0.0
2023-03-22,157.83,75701810.0,98.7,57475370.0,103.37,43427420.0,272.29,34873330.0,199.81,28477760.0,26.47,797295100.0,38.08,3286304.0,104.59,14952670.0,156.07,6314994.0,126.98,3225956.0,94.69,3012552.0,131.77,3909974.0,11.76,11738870.0,98.37,5635491.0,03/17/2023,4.31,4.51,4.52,4.79,4.71,4.26,3.81,3.68,3.44,3.45,3.39,3.76,3.6,2023-04-17,75.68,-0.009145155345115272,0.006945349297902691,151.62449999999998,147.77620000000002,0.03244586903905278,0.014354066510633909,70.05383580080755,stable,301.821,62.0,0.0
2023-03-23,158.93,67622060.0,98.71,57559310.0,105.6,40797770.0,277.66,36610880.0,204.28,27389670.0,27.19,564888800.0,37.82,3215967.0,103.41,14385870.0,154.52,7859437.0,126.15,3236283.0,93.54,2856274.0,130.38,3793722.0,11.68,12791990.0,96.42,5866448.0,03/20/2023,4.34,4.56,4.81,4.84,4.8,4.34,3.92,3.77,3.56,3.55,3.47,3.83,3.65,2023-04-18,80.4,0.006945349297902691,0.008271242092051186,152.101,148.34019999999998,0.055382163490271585,0.014382422314559447,65.36964980544747,stable,301.821,62.0,0.0
2023-03-24,160.25,59256340.0,98.13,56144800.0,105.44,30411040.0,280.57,28199960.0,206.01,27733040.0,26.78,455414100.0,37.38,4261601.0,103.53,13405810.0,156.06,6601923.0,124.7,3856137.0,93.73,3719072.0,129.26,4362297.0,11.7,11420550.0,95.43,8386765.0,03/21/2023,4.07,4.5,4.78,4.89,4.96,4.68,4.17,3.98,3.73,3.68,3.59,3.9,3.73,2023-04-19,80.7,0.008271242092051186,-0.012369479283555878,152.77800000000002,148.87539999999998,0.07912457912457915,0.01351423689555311,63.25350949628404,stable,301.821,62.0,0.0
2023-03-27,158.28,52390270.0,98.04,46721300.0,102.46,31120860.0,276.38,26840210.0,202.84,18527180.0,26.53,361025700.0,37.99,3018936.0,105.8,14805910.0,157.65,7006768.0,128.91,4107355.0,96.23,3475259.0,131.88,4003945.0,11.84,12296820.0,97.48,6049698.0,03/22/2023,4.16,4.56,4.79,4.91,4.95,4.56,3.96,3.76,3.54,3.53,3.48,3.83,3.68,2023-04-20,80.69,-0.012369479283555878,-0.003988230526153708,153.296,149.3728,0.051904034026716284,0.013985171542217041,63.939899833055115,stable,301.821,62.0,0.0
2023-03-28,157.65,45992150.0,97.24,38720050.0,101.03,32057870.0,275.23,21878650.0,200.68,19127300.0,26.41,356103800.0,38.31,3981934.0,107.12,11047590.0,159.49,5605382.0,131.57,3913210.0,98.78,3350655.0,136.02,4099683.0,12.05,9275266.0,97.93,3791999.0,03/23/2023,4.26,4.48,4.73,4.84,4.8,4.38,3.76,3.57,3.39,3.39,3.38,3.78,3.66,2023-04-21,80.7,-0.003988230526153708,0.019597386183798766,153.808,149.8306,0.03316075758568715,0.013999429745181351,60.248713550600364,stable,301.821,62.0,0.0
2023-03-29,160.77,51305690.0,100.25,49783280.0,101.39,28779570.0,280.51,25087030.0,205.35,18851140.0,26.98,393693900.0,39.12,3746590.0,108.96,14219120.0,160.86,7569727.0,134.08,4418774.0,100.28,3053583.0,136.95,4453867.0,12.2,9686957.0,99.75,7596324.0,03/24/2023,4.28,4.48,4.74,4.78,4.76,4.32,3.76,3.58,3.41,3.4,3.38,3.77,3.64,2023-04-25,79.79,0.019597386183798766,0.00984131979582841,154.581,150.3272,0.05085299692790368,0.013796037249448457,71.06788079470203,stable,301.821,62.0,0.0
2023-03-30,162.36,49501690.0,102.0,53633400.0,100.89,33086180.0,284.05,25053410.0,207.84,22608300.0,27.38,364515700.0,39.86,4139649.0,109.49,11578170.0,162.39,6322353.0,133.94,2936187.0,99.99,2336727.0,137.02,3254678.0,12.44,8488263.0,99.25,5461125.0,03/27/2023,4.22,4.47,4.91,4.9,4.86,4.51,3.94,3.79,3.59,3.57,3.53,3.9,3.77,2023-04-26,81.54,0.00984131979582841,0.015523137594856146,155.4035,150.8702,0.04177093358999051,0.013834888355871988,79.28994082840244,stable,301.821,62.0,0.0
2023-03-31,164.9,68749790.0,103.29,56750320.0,103.73,36863370.0,288.3,32765980.0,211.94,25440270.0,27.78,433932800.0,40.21,3915755.0,109.66,14417960.0,163.16,7041436.0,134.83,3143368.0,101.38,3920648.0,139.6,3330602.0,12.47,7379214.0,99.21,7708836.0,03/28/2023,4.24,4.39,4.8,4.86,4.9,4.55,4.02,3.84,3.63,3.6,3.55,3.9,3.77,2023-04-27,83.26,0.015523137594856146,0.007672131147568978,156.097,151.4628,0.06387096774193557,0.012296351855544639,79.77713578208838,stable,301.821,62.0,0.0
2023-04-03,166.17,56976190.0,102.41,41135730.0,104.36,25035400.0,287.23,24883340.0,213.07,17924610.0,27.97,398715600.0,40.97,4756258.0,116.13,28087680.0,169.95,12868170.0,135.64,4745657.0,102.91,4212311.0,138.53,6276124.0,12.82,14849850.0,108.42,12394310.0,03/29/2023,4.34,4.5,4.8,4.91,4.92,4.59,4.08,3.87,3.67,3.62,3.57,3.91,3.78,2023-04-28,82.16,0.007672131147568978,-0.0032549757490592185,156.714,152.0288,0.05571791613722987,0.011882077047491618,79.04191616766471,stable,302.845,63.7,0.0
2023-04-04,165.63,46278300.0,103.95,48662500.0,104.72,24420080.0,287.18,25824300.0,214.72,21026370.0,27.45,368591500.0,40.87,3749333.0,115.02,16365490.0,169.04,7521448.0,125.82,5256801.0,98.28,4202315.0,127.43,8945015.0,12.75,9375545.0,106.3,5425514.0,03/30/2023,4.74,4.77,4.97,4.94,4.92,4.63,4.1,3.87,3.66,3.61,3.55,3.88,3.74,2023-05-01,82.58,-0.0032549757490592185,-0.011354443611028924,157.4155,152.5192,0.03986690105474633,0.011205846674430045,76.87074829931979,stable,302.845,63.7,0.0
2023-04-05,163.76,51511740.0,101.1,45175390.0,104.47,28290500.0,284.34,22064770.0,211.48,19396630.0,26.88,515014700.0,40.8,3046654.0,116.99,16479470.0,169.88,6478114.0,132.71,6391331.0,104.43,6353422.0,135.09,8034228.0,12.76,7046421.0,107.75,5806765.0,03/31/2023,4.74,4.79,4.85,4.97,4.94,4.64,4.06,3.81,3.6,3.55,3.48,3.81,3.67,2023-05-02,80.93,-0.011354443611028924,0.005480800517246007,157.96,152.9438,0.03757207121586492,0.011698215984116078,67.55437194851314,stable,302.845,63.7,0.0
2023-04-06,164.66,45390120.0,102.06,43808020.0,108.42,48711480.0,291.6,29770330.0,216.1,26104410.0,27.04,397654300.0,40.23,2186483.0,115.05,15777960.0,167.65,5803168.0,128.68,3280091.0,102.84,3808311.0,132.59,3170466.0,12.51,9591856.0,106.26,5087830.0,04/03/2023,4.7,4.79,4.9,4.98,4.88,4.6,3.97,3.73,3.52,3.48,3.43,3.78,3.64,2023-05-03,80.85,0.005480800517246007,-0.016101238597370535,158.6635,153.3998,0.036053608506889656,0.010863253671500712,71.3906111603189,stable,302.845,63.7,0.0
2023-04-10,162.03,47716880.0,102.17,37261190.0,106.44,27067360.0,289.39,23102990.0,214.75,16106070.0,27.58,395278600.0,41.43,3470222.0,114.54,13006550.0,168.29,5923503.0,131.24,2765901.0,104.96,2887785.0,135.1,2369600.0,12.51,6674797.0,105.95,4374681.0,04/04/2023,4.66,4.8,4.88,4.9,4.8,4.5,3.84,3.6,3.39,3.38,3.35,3.72,3.6,2023-05-04,79.18,-0.016101238597370535,-0.007620146528043399,159.34,153.7612,0.011107644305772268,0.011061729937297463,60.14905743095136,stable,302.845,63.7,0.0
2023-04-11,160.8,47644220.0,99.92,60417850.0,105.35,26311800.0,282.83,27276590.0,213.85,16710100.0,27.17,314378200.0,41.6,2897808.0,115.35,11758460.0,169.22,5469592.0,132.19,2582925.0,106.46,2484051.0,136.71,2476263.0,12.56,9861158.0,106.75,4812163.0,04/05/2023,4.62,4.77,4.86,4.9,4.82,4.43,3.79,3.55,3.36,3.34,3.3,3.67,3.56,2023-05-05,77.27,-0.007620146528043399,-0.004362736742197071,159.8565,154.0586,0.01592115238817282,0.011166189046490334,53.42960288808668,stable,302.845,63.7,0.0
2023-04-12,160.1,50133060.0,97.83,56735010.0,104.64,24370270.0,283.49,27403430.0,214.0,18972170.0,26.5,446259000.0,41.87,3519191.0,115.23,10919020.0,169.82,6157875.0,130.22,2411924.0,106.03,3192466.0,133.72,2968706.0,12.62,5286305.0,107.53,8108154.0,04/06/2023,4.57,4.85,4.91,4.98,4.93,4.51,3.82,3.59,3.37,3.34,3.3,3.66,3.54,2023-05-08,77.86,-0.004362736742197071,0.03353504687786262,160.232,154.40060000000003,0.015540754836663506,0.010995936944810538,55.301261092947186,stable,302.845,63.7,0.0
2023-04-13,165.56,68445650.0,102.4,67925140.0,107.43,24843580.0,289.84,24222680.0,220.35,23310360.0,26.46,353615300.0,42.65,4411866.0,115.77,12399650.0,172.09,6856568.0,130.48,2495423.0,106.27,2765358.0,133.13,3223081.0,12.76,6068837.0,109.04,7160126.0,04/07/2023,4.56,4.9,4.95,5.07,4.95,4.61,3.97,3.72,3.49,3.45,3.39,3.73,3.61,2023-05-09,78.64,0.03353504687786262,-0.0021162749380318254,160.8605,154.826,0.029794115817627587,0.01301561041973978,62.86379511059372,stable,302.845,63.7,0.0
2023-04-14,165.21,49386480.0,102.51,51450520.0,108.87,26578000.0,286.14,20987920.0,221.49,21591210.0,26.76,395660100.0,43.28,7116928.0,116.05,11530830.0,172.44,4930721.0,130.78,2402720.0,106.26,2111466.0,131.86,2463365.0,12.84,4999355.0,108.5,5052162.0,04/10/2023,4.53,4.89,5.08,5.08,4.98,4.65,4.0,3.75,3.52,3.47,3.41,3.74,3.62,2023-05-10,77.05,-0.0021162749380318254,0.00012105072039954903,161.3285,155.2216,0.01755358462675538,0.012611216341355787,60.00000000000003,stable,302.845,63.7,0.0
2023-04-17,165.23,41516220.0,102.74,39919460.0,105.97,37571220.0,288.8,23836220.0,218.86,15481870.0,27.0,321471300.0,43.93,6329647.0,114.7,13260350.0,170.92,7005985.0,129.3,2875349.0,103.92,3326842.0,128.3,3525909.0,12.88,7517815.0,105.61,6278847.0,04/11/2023,4.27,4.89,5.04,5.06,4.99,4.67,4.03,3.76,3.54,3.48,3.43,3.75,3.62,2023-05-11,74.33,0.00012105072039954903,0.007476670343020137,161.83999999999997,155.5098,0.002001212856276524,0.012476828804863942,65.20787746170679,stable,302.845,63.7,0.0
2023-04-18,166.47,49923010.0,102.3,39790520.0,104.5,26596450.0,288.37,20161850.0,217.89,12280980.0,27.67,604811500.0,45.5,9277745.0,116.94,17436140.0,170.52,8045627.0,129.06,2960612.0,104.31,2932417.0,127.11,3827964.0,12.91,6471937.0,104.95,7745310.0,04/12/2023,4.27,4.89,5.02,5.1,4.98,4.64,3.95,3.68,3.46,3.43,3.41,3.75,3.64,2023-05-12,74.77,0.007476670343020137,0.006944056637266807,162.2935,155.7492,0.0018053800324968616,0.01219333598060528,68.79795396419438,stable,302.845,63.7,0.0
2023-04-19,167.63,47720170.0,104.3,58398890.0,104.18,20905680.0,288.45,17150270.0,215.7,15898080.0,27.93,358660400.0,43.83,7267044.0,116.57,10682610.0,170.68,5506770.0,126.39,3835562.0,103.06,3676839.0,124.4,4409216.0,12.68,8829077.0,105.26,4717450.0,04/13/2023,4.08,4.96,5.1,5.1,4.95,4.66,3.96,3.7,3.51,3.48,3.45,3.8,3.69,2023-05-15,76.78,0.006944056637266807,-0.00586336488943772,162.711,156.06719999999999,0.012075107166576116,0.012049277626401811,65.953488372093,stable,302.845,63.7,0.0
2023-04-20,166.65,52456380.0,103.81,57696870.0,105.29,27820790.0,286.11,23244360.0,213.07,16475440.0,27.1,427713300.0,42.92,4489175.0,115.64,17038750.0,169.85,5851104.0,125.69,3061131.0,101.25,3784393.0,122.95,3966550.0,12.67,6181584.0,103.78,5351734.0,04/14/2023,4.29,4.98,5.14,5.16,5.03,4.77,4.08,3.83,3.6,3.56,3.52,3.85,3.74,2023-05-16,75.65,-0.00586336488943772,-0.009829126077551523,163.152,156.30720000000002,0.017647777234978124,0.011903018046049664,60.268070847295355,stable,302.845,63.7,0.0
2023-04-21,165.02,58337340.0,106.96,86774190.0,105.41,25800080.0,285.76,21676390.0,212.89,17717170.0,27.12,345102800.0,43.11,4905007.0,116.01,14315330.0,169.12,7179013.0,123.53,3256262.0,100.15,3111024.0,119.63,6644645.0,12.77,5665675.0,102.26,5279044.0,04/17/2023,4.09,5.04,5.21,5.24,5.07,4.8,4.18,3.92,3.69,3.64,3.6,3.92,3.81,2023-05-17,71.71,-0.009829126077551523,0.00187679788705659,163.4565,156.5692,0.0021863233329284526,0.01217736185546153,50.30030030030031,stable,302.845,63.7,0.0
2023-04-24,165.33,41949580.0,106.21,69575610.0,105.97,23542830.0,281.77,26611010.0,212.79,15750920.0,27.04,339281900.0,42.68,2814398.0,118.2,15831310.0,171.48,7177576.0,126.51,4208145.0,100.69,2897956.0,120.0,5268600.0,12.69,8279211.0,103.65,5215951.0,04/18/2023,3.89,5.04,5.2,5.19,5.09,4.81,4.19,3.92,3.69,3.63,3.58,3.91,3.79,2023-05-18,68.62,0.00187679788705659,-0.009480472101477786,163.7105,156.8584,0.020366598778004175,0.012084317999543232,47.79179810725559,stable,302.845,63.7,0.0
2023-04-25,163.77,48714060.0,102.57,65026820.0,103.85,46664100.0,275.42,45772240.0,207.55,19198180.0,26.24,378527200.0,41.71,2395956.0,116.52,12179830.0,168.99,5807244.0,123.15,2884934.0,99.32,2738676.0,117.85,4058270.0,12.53,8784925.0,102.09,5355812.0,04/19/2023,3.95,5.03,5.16,5.22,5.1,4.84,4.24,3.97,3.71,3.66,3.6,3.9,3.79,2023-05-19,68.52,-0.009480472101477786,-6.10631087419618e-05,163.985,157.11360000000002,0.01847014925373136,0.01192526283622272,45.35928143712579,stable,302.845,63.7,0.0
2023-04-26,163.76,45498800.0,104.98,73803790.0,103.71,53347560.0,295.37,64599180.0,209.4,41992730.0,26.96,406336800.0,41.67,2501488.0,115.45,15566090.0,165.98,5927431.0,122.53,3425211.0,99.27,2716070.0,116.64,5711833.0,12.48,6977685.0,100.47,4295136.0,04/20/2023,3.4,5.04,5.12,5.17,5.06,4.77,4.14,3.87,3.63,3.59,3.54,3.87,3.75,2023-05-22,71.32,-6.10631087419618e-05,0.02799954111492878,164.2905,157.3118,0.022860712054965537,0.011858734243339084,50.0,stable,302.845,63.7,0.0
2023-04-27,168.41,64902330.0,109.82,149961200.0,107.59,50089190.0,304.83,46462640.0,238.56,71196530.0,27.23,377161200.0,42.8,2988541.0,116.83,16279190.0,166.95,6417225.0,121.43,4610790.0,97.74,3132762.0,114.64,7742723.0,12.79,10035600.0,101.23,4196680.0,04/21/2023,3.36,4.98,5.14,5.19,5.07,4.78,4.17,3.89,3.66,3.62,3.57,3.9,3.78,2023-05-23,73.13,0.02799954111492878,0.007512827788464046,164.6725,157.616,0.01721430297173221,0.012641619037154028,58.54993160054719,stable,302.845,63.7,0.0
2023-04-28,169.68,55275850.0,105.45,130715900.0,107.34,36139850.0,307.26,36469610.0,240.32,39554040.0,27.75,292216100.0,43.49,3792385.0,118.34,24381950.0,168.58,10036290.0,122.0,5342330.0,99.0,2710485.0,114.67,4042843.0,12.88,10366140.0,102.89,6638223.0,04/24/2023,3.54,5.09,5.2,5.15,5.06,4.76,4.12,3.84,3.6,3.56,3.52,3.85,3.73,2023-05-24,73.68,0.007512827788464046,-0.0005305509011179143,165.0385,157.903,0.027056473579081253,0.012579286316503081,68.59504132231405,stable,302.845,63.7,0.0
2023-05-01,169.59,52472940.0,102.05,74728100.0,107.2,26681680.0,305.56,21294120.0,243.18,29143910.0,28.91,570328500.0,43.82,4516203.0,114.67,17354990.0,167.24,6099800.0,122.46,4173223.0,98.4,2546587.0,115.41,3054252.0,12.91,12632080.0,102.53,3644944.0,04/25/2023,4.11,5.05,5.12,5.11,4.98,4.6,3.86,3.62,3.43,3.42,3.4,3.77,3.65,2023-05-25,72.53,-0.0005305509011179143,-0.006210649011101915,165.273,158.2206,0.026387459904375854,0.012190919796330902,72.61966031909412,stable,303.334,59.0,0.0
2023-05-02,168.54,48425700.0,103.63,73469350.0,105.32,30997250.0,305.41,26404430.0,239.24,24350150.0,28.21,402729600.0,44.76,6777968.0,110.1,24324100.0,160.04,10701670.0,116.97,5342436.0,94.73,4207234.0,110.78,4598310.0,12.69,16880950.0,98.64,8100082.0,04/26/2023,3.91,5.07,5.16,5.17,5.0,4.64,3.9,3.65,3.46,3.45,3.43,3.81,3.7,2023-05-26,70.81,-0.006210649011101915,-0.006488311103993742,165.3915,158.54039999999998,0.012434672914038547,0.012210348445069543,71.33468149646103,stable,303.334,59.0,0.0
2023-05-03,167.45,65136020.0,103.65,65051930.0,105.41,21795410.0,304.4,22360750.0,237.03,34463860.0,27.8,383387400.0,45.16,5124861.0,107.93,16212340.0,156.83,7538057.0,110.07,6635083.0,95.95,6286041.0,107.06,4871926.0,12.66,15148100.0,96.09,9085109.0,04/27/2023,4.27,5.13,5.18,5.21,5.05,4.78,4.07,3.82,3.6,3.57,3.53,3.88,3.76,2023-05-29,70.02,-0.006488311103993742,-0.009962871988839767,165.48250000000002,158.9198,-0.0010737934737219401,0.012286747532041854,56.13238157040876,stable,303.334,59.0,0.0
2023-05-04,165.79,81235430.0,104.0,45345520.0,104.69,23419510.0,305.41,22519910.0,233.52,17889390.0,27.56,321850400.0,44.18,3549730.0,106.04,17177150.0,156.22,7500368.0,105.06,7334114.0,92.31,4619484.0,104.31,5083917.0,12.61,15437900.0,97.36,6840031.0,04/28/2023,4.35,5.14,5.1,5.2,5.06,4.8,4.04,3.75,3.51,3.49,3.44,3.8,3.67,2023-05-30,71.07,-0.009962871988839767,0.04585904898141634,165.584,159.25740000000002,-0.0051605160516052795,0.012219563630892884,51.73444976076549,stable,303.334,59.0,0.0
2023-05-05,173.57,113453200.0,105.66,56951740.0,105.57,26639250.0,310.65,28197050.0,232.78,27000480.0,28.68,361494100.0,45.39,3699659.0,108.68,14968200.0,160.21,5801986.0,106.9,4351117.0,93.44,2720782.0,107.04,3872185.0,12.36,13296880.0,100.37,5566846.0,05/01/2023,4.49,5.17,5.27,5.22,5.14,4.86,4.14,3.85,3.64,3.62,3.59,3.95,3.84,2023-05-31,70.85,0.04585904898141634,-0.00040337684587633056,166.0295,159.7408,0.05181190158768634,0.015859222914874495,67.03431372549016,stable,303.334,59.0,0.0
2023-05-08,173.5,55962790.0,105.83,49430910.0,107.77,26511450.0,308.65,21318610.0,233.27,16400530.0,29.15,344978900.0,46.02,3888001.0,109.11,11187750.0,159.58,5028202.0,108.71,4440937.0,93.96,3352863.0,107.38,3179997.0,12.33,8989096.0,100.9,5058854.0,05/02/2023,4.56,5.33,5.24,5.19,5.06,4.74,3.97,3.67,3.46,3.44,3.44,3.82,3.72,2023-06-01,72.78,-0.00040337684587633056,-0.010021226737979814,166.603,160.2766,0.049416318877396614,0.015260286959060825,65.07936507936506,stable,303.334,59.0,0.0
2023-05-09,171.77,45326870.0,106.62,44089360.0,107.35,36360140.0,307.0,21340830.0,233.37,16865590.0,28.57,314869500.0,45.98,3220612.0,109.14,11370770.0,159.12,5019809.0,110.94,5638008.0,93.98,3274214.0,108.4,4146013.0,12.5,12535950.0,101.53,4896149.0,05/03/2023,4.7,5.33,5.26,5.25,5.08,4.7,3.89,3.58,3.37,3.37,3.38,3.79,3.7,2023-06-02,71.82,-0.010021226737979814,0.010366988281215893,167.1515,160.75359999999998,0.04884899554252908,0.015360823969783452,58.668341708542734,stable,303.334,59.0,0.0
2023-05-10,173.56,53724500.0,110.19,78627620.0,111.75,63153370.0,312.31,30078040.0,233.08,19119010.0,28.89,369350000.0,45.83,3062185.0,107.74,14884790.0,157.09,6161227.0,111.72,5078448.0,94.23,3323817.0,111.01,6454130.0,12.45,7074399.0,100.47,5285881.0,05/04/2023,5.76,5.24,5.26,5.23,5.04,4.59,3.75,3.47,3.29,3.32,3.37,3.8,3.73,2023-06-05,71.57,0.010366988281215893,0.0010941235147514585,167.8245,161.2766,0.05984367366878374,0.015327181287267365,63.99351964358038,stable,303.334,59.0,0.0
2023-05-11,173.75,49514680.0,112.18,74924840.0,116.57,78900030.0,310.11,31680180.0,235.79,20448990.0,28.58,322149000.0,44.7,3737472.0,105.79,17165900.0,156.22,6666132.0,110.1,3579495.0,93.4,3428605.0,110.66,4411430.0,12.34,7408575.0,99.89,5671717.0,05/05/2023,5.59,5.23,5.26,5.26,5.13,4.73,3.92,3.63,3.41,3.41,3.44,3.85,3.76,2023-06-06,71.81,0.0010941235147514585,-0.006814533185414003,168.23399999999998,161.8454,0.03170833085921276,0.013667831640231366,68.77419354838705,stable,303.334,59.0,0.0
2023-05-12,172.57,45533140.0,110.26,49852670.0,117.51,41102330.0,308.97,19774700.0,233.81,16161450.0,28.34,274222300.0,44.76,2397273.0,105.78,12613250.0,156.62,4898904.0,109.88,3260415.0,93.22,2776955.0,110.52,3526776.0,12.32,8373262.0,99.43,5004431.0,05/08/2023,5.51,5.17,5.31,5.26,5.14,4.79,4.0,3.7,3.49,3.5,3.52,3.92,3.84,2023-06-07,72.87,-0.006814533185414003,-0.0029015804944212843,168.60200000000003,162.37859999999998,0.017032060348892042,0.013789628747666592,65.00829187396346,stable,303.334,59.0,0.0
2023-05-15,172.07,37266660.0,111.2,53011150.0,116.51,36266770.0,309.46,16336550.0,238.86,20653230.0,28.95,293925900.0,44.93,2996359.0,105.07,13715580.0,157.2,5096748.0,110.63,3937735.0,94.22,3344012.0,112.91,4611965.0,12.51,13349470.0,100.29,5838070.0,05/09/2023,5.56,5.16,5.29,5.27,5.18,4.81,4.01,3.67,3.51,3.51,3.53,3.94,3.85,2023-06-08,74.37,-0.0029015804944212843,0.0,168.94400000000002,162.7994,0.014623503744324529,0.01382987872857995,67.99653078924538,stable,303.334,59.0,0.0
2023-05-16,172.07,42110290.0,113.4,71472910.0,119.51,45035560.0,311.74,26730350.0,238.82,18163770.0,29.21,449404900.0,45.38,3910213.0,102.52,14800200.0,153.51,7009079.0,106.75,4514762.0,91.89,4390724.0,109.64,4956126.0,12.46,11534900.0,98.07,4822389.0,05/10/2023,5.5,4.99,5.24,5.24,5.13,4.7,3.9,3.55,3.37,3.4,3.43,3.88,3.8,2023-06-09,71.68,0.0,0.00359670883151242,169.224,163.1642,0.020944582888335228,0.01377579360989295,68.02603036876356,stable,303.334,59.0,0.0
2023-05-17,172.69,57951600.0,115.5,65655180.0,120.84,33323590.0,314.0,24315010.0,242.49,21193080.0,30.18,432535400.0,45.85,2404596.0,104.82,14064740.0,155.71,6169555.0,110.63,3730626.0,94.79,3408562.0,112.1,4231438.0,12.53,9024509.0,100.71,5013660.0,05/11/2023,5.81,4.82,5.2,5.23,5.14,4.7,3.89,3.56,3.36,3.37,3.39,3.82,3.73,2023-06-12,72.35,0.00359670883151242,0.013573567804096048,169.477,163.586,0.0312929232606749,0.013728396575723749,61.25131440588853,stable,303.334,59.0,0.0
2023-05-18,175.05,65496660.0,118.15,73174090.0,122.83,35234230.0,318.52,27275990.0,246.85,22943300.0,31.68,748725000.0,47.12,3923440.0,105.77,12005610.0,154.01,7477698.0,110.98,3359306.0,96.28,4404978.0,111.55,4692252.0,12.72,10004850.0,100.74,5503403.0,05/12/2023,5.79,4.87,5.25,5.27,5.16,4.75,3.98,3.65,3.45,3.45,3.46,3.87,3.78,2023-06-14,69.45,0.013573567804096048,0.0006281945325228099,169.897,164.0296,0.05585379094034626,0.013867945312522665,63.35156638488315,stable,303.334,59.0,0.0
2023-05-19,175.16,55809480.0,116.25,55056310.0,122.76,41353450.0,318.34,27546700.0,245.64,21733580.0,31.26,473907700.0,47.75,5111045.0,106.26,13359630.0,155.23,8100946.0,110.31,2325541.0,94.94,3206527.0,111.27,3708266.0,12.76,6278986.0,102.6,6068181.0,05/15/2023,5.64,4.97,5.21,5.26,5.24,4.73,3.99,3.67,3.46,3.48,3.5,3.92,3.84,2023-06-15,68.11,0.0006281945325228099,-0.005495777514795229,170.40400000000002,164.52100000000002,0.00916056922279207,0.01357429578003475,63.835072031793324,stable,303.334,59.0,0.0
2023-05-22,174.2,43570930.0,115.01,70741120.0,125.05,35253030.0,321.18,24115660.0,248.32,27738480.0,31.18,371999700.0,47.54,3805579.0,104.97,12882000.0,152.44,11660950.0,110.63,3000281.0,95.56,2398058.0,112.79,3819493.0,12.73,13233020.0,103.73,5561913.0,05/16/2023,5.58,4.98,5.23,5.24,5.26,4.88,4.06,3.74,3.52,3.53,3.54,3.96,3.87,2023-06-16,70.09,-0.005495777514795229,-0.015271004769722592,170.8475,165.035,0.00403458213256469,0.013705352524489919,64.12175648702595,stable,303.334,59.0,0.0
2023-05-23,171.56,50747260.0,114.99,67576260.0,122.56,34046250.0,315.26,30797170.0,246.74,17748120.0,30.69,356253300.0,46.35,4141058.0,106.4,14394440.0,156.85,10436210.0,109.92,3982028.0,95.64,3113670.0,112.5,5606652.0,12.76,11166340.0,104.39,5415899.0,05/17/2023,5.5,5.06,5.26,5.36,5.3,4.92,4.12,3.8,3.58,3.58,3.57,3.96,3.88,2023-06-19,71.76,-0.015271004769722592,0.001630751671820239,171.237,165.45680000000002,-0.0012225650579263947,0.014031555517728573,59.518295507179296,stable,303.334,59.0,0.0
2023-05-24,171.84,45143490.0,116.75,63487940.0,120.9,34182640.0,313.85,23384890.0,249.21,17724340.0,30.54,721418500.0,45.91,3230722.0,107.59,16340290.0,157.27,7063999.0,110.54,3699126.0,96.56,2780433.0,114.79,4179174.0,12.8,6537707.0,103.98,5141870.0,05/18/2023,5.59,5.22,5.31,5.43,5.38,5.02,4.24,3.94,3.69,3.67,3.65,4.02,3.91,2023-06-20,72.14,0.001630751671820239,0.006669978038386105,171.64100000000002,165.8418,-0.00991011753860338,0.014021519349542533,64.96783770410693,stable,303.334,59.0,0.0
2023-05-25,172.99,56058260.0,115.0,66496680.0,123.48,42316990.0,325.92,43301740.0,252.69,22371440.0,37.98,1543911000.0,48.08,4081727.0,105.66,14316460.0,154.56,7037671.0,109.52,3897612.0,95.14,3091753.0,113.18,4426948.0,12.73,8808905.0,101.69,4952048.0,05/19/2023,5.62,5.27,5.29,5.46,5.36,5.02,4.28,3.98,3.76,3.74,3.7,4.07,3.95,2023-06-21,71.71,0.006669978038386105,0.014006313582207318,171.86999999999998,166.2418,-0.004374100719424456,0.012723685017759518,47.86450662739328,stable,303.334,59.0,0.0
2023-05-26,175.43,54834980.0,120.11,96779890.0,124.61,35635940.0,332.89,36630630.0,262.04,25768660.0,38.95,714396800.0,48.51,4297112.0,104.97,12370330.0,154.08,7736203.0,108.81,3479350.0,94.91,2442781.0,113.82,3087459.0,12.65,8693305.0,101.85,5709469.0,05/22/2023,5.69,5.35,5.4,5.5,5.43,5.07,4.29,3.98,3.77,3.74,3.72,4.09,3.97,2023-06-22,72.52,0.014006313582207318,0.010603110139068832,172.1575,166.6334,0.0165729848757028,0.012969911533860888,56.05015673981193,stable,303.334,59.0,0.0
2023-05-30,177.3,55964400.0,121.66,64314810.0,123.67,35076660.0,331.21,29503070.0,262.52,23816480.0,40.11,923401100.0,47.32,5464420.0,104.04,11938030.0,153.12,7814766.0,107.79,4101954.0,93.59,2943571.0,111.66,3515336.0,12.49,9932334.0,101.2,6721927.0,05/23/2023,5.67,5.26,5.34,5.42,5.39,5.06,4.26,3.99,3.76,3.73,3.7,4.08,3.96,2023-06-23,71.28,0.010603110139068832,-0.0002820476679253569,172.54299999999998,167.0794,0.03039460684605122,0.013108848419287706,67.18458669981355,stable,303.334,59.0,0.0
2023-05-31,177.25,99625290.0,120.58,72800790.0,122.87,37325790.0,328.39,45950550.0,264.72,25473690.0,37.83,1002580000.0,44.81,9937448.0,102.18,24926120.0,150.62,13346440.0,104.91,12831940.0,91.61,4851674.0,107.04,11087040.0,12.4,8956394.0,99.3,22757260.0,05/24/2023,5.73,5.22,5.37,5.52,5.42,5.12,4.31,4.04,3.75,3.76,3.73,4.1,3.97,2023-06-26,70.16,-0.0002820476679253569,0.015895560519624617,172.9785,167.47639999999998,0.030104027430696956,0.01297444445025831,62.85714285714283,stable,303.334,59.0,0.0
2023-06-01,180.09,68901810.0,122.77,54375130.0,123.72,30772680.0,332.58,26773850.0,272.61,25609510.0,39.77,635873000.0,45.46,14458270.0,103.36,13551940.0,152.16,9887729.0,105.87,4180028.0,93.05,3100970.0,105.93,5241697.0,12.6,7634906.0,99.53,5857807.0,05/25/2023,5.95,5.44,5.38,5.55,5.46,5.24,4.5,4.21,3.9,3.86,3.83,4.16,4.01,2023-06-27,67.08,0.015895560519624617,0.004764024077889918,173.6105,167.8926,0.04285135213388158,0.013121133554350572,68.64705882352939,stable,304.014,64.2,0.0
2023-06-02,180.95,61996910.0,124.25,61264410.0,124.67,26980150.0,335.4,25873770.0,272.61,19416930.0,39.33,482731200.0,47.27,7914735.0,105.76,14112040.0,156.26,9464262.0,108.91,3627588.0,97.03,4658623.0,109.27,4709591.0,12.88,11102930.0,102.35,4958494.0,05/26/2023,6.02,5.47,5.34,5.55,5.44,5.25,4.54,4.23,3.92,3.86,3.8,4.13,3.96,2023-06-28,69.39,0.004764024077889918,-0.007599958917088782,174.36849999999998,168.355,0.03370465581262483,0.012724905837590441,75.11990407673859,stable,304.014,64.2,0.0
2023-06-05,179.58,121946500.0,125.3,47950130.0,126.01,32305530.0,335.94,21307050.0,271.39,20742950.0,39.17,396093800.0,45.48,5765686.0,105.29,10628000.0,155.51,6443842.0,108.69,2744741.0,96.02,2996096.0,107.39,3946068.0,12.89,5828837.0,102.07,5154045.0,05/30/2023,5.31,5.31,5.55,5.54,5.52,5.22,4.46,4.1,3.81,3.75,3.69,4.06,3.9,2023-06-29,68.22,-0.007599958917088782,-0.0020624885373653236,174.669,168.768,0.025234071705869,0.008448341769456096,71.39601139601147,stable,304.014,64.2,0.0
2023-06-06,179.21,64848370.0,126.61,45695210.0,127.31,26638300.0,333.68,20396220.0,271.12,19419010.0,38.65,388729100.0,46.85,5466201.0,106.15,12209770.0,155.79,6176434.0,109.03,2949632.0,96.82,2888028.0,109.27,3894949.0,12.91,7428966.0,101.94,3622436.0,05/31/2023,5.28,5.37,5.52,5.53,5.46,5.18,4.4,4.04,3.74,3.69,3.64,4.01,3.85,2023-06-30,70.61,-0.0020624885373653236,-0.0077864998623044576,174.9545,169.14719999999997,0.028760045924225208,0.00847819554226556,69.92187500000006,stable,304.014,64.2,0.0
2023-06-07,177.82,61944620.0,121.23,95663280.0,122.5,52538990.0,323.38,40717130.0,263.6,26163630.0,37.48,511997900.0,47.66,4095959.0,108.53,16027090.0,159.83,9900022.0,114.12,4090925.0,101.05,3871062.0,113.52,5141089.0,12.9,10924040.0,104.81,4827718.0,06/01/2023,5.3,5.39,5.5,5.5,5.44,5.11,4.33,3.98,3.7,3.66,3.61,3.98,3.84,2023-07-03,71.81,-0.0077864998623044576,0.015346711534796179,175.257,169.53800000000004,0.03648869200279781,0.00833014464145541,63.723916532905285,stable,304.014,64.2,0.0
2023-06-08,180.57,50214880.0,124.25,62159270.0,122.14,29389170.0,325.26,23277710.0,264.58,20899360.0,38.51,417772400.0,47.89,3976290.0,108.19,13517920.0,159.24,7142908.0,112.43,3811942.0,99.14,3653791.0,112.44,5158750.0,12.89,9435100.0,104.54,5232512.0,06/02/2023,5.28,5.39,5.5,5.52,5.5,5.22,4.5,4.13,3.84,3.78,3.69,4.03,3.88,2023-07-05,70.94,0.015346711534796179,0.0021574981400213143,175.60750000000002,169.9964,0.050803072625698276,0.008669379221801766,64.46540880503142,stable,304.014,64.2,0.0
2023-06-09,180.96,48899970.0,123.43,51396020.0,122.23,23778320.0,326.79,22528950.0,264.95,16949790.0,38.77,427717500.0,47.61,3293572.0,107.39,12252530.0,158.86,6669832.0,113.01,2699216.0,98.76,3247747.0,113.39,3143687.0,12.74,10064180.0,103.89,4086562.0,06/05/2023,5.25,5.35,5.46,5.47,5.46,5.17,4.46,4.1,3.82,3.77,3.69,4.03,3.89,2023-07-06,72.55,0.0021574981400213143,0.01551778910957232,175.96800000000002,170.4002,0.04607202728481408,0.008666922270715001,64.97933884297522,stable,304.014,64.2,0.0
2023-06-12,183.79,54755000.0,126.57,51473380.0,123.64,28338740.0,331.85,24306750.0,271.05,15471700.0,39.48,389673400.0,48.07,3596854.0,106.42,14115160.0,157.33,7162092.0,112.37,3063778.0,96.78,2884111.0,113.08,4114018.0,12.61,9902696.0,102.82,6049836.0,06/06/2023,5.15,5.26,5.44,5.44,5.44,5.2,4.51,4.15,3.85,3.78,3.7,4.02,3.87,2023-07-07,69.22,0.01551778910957232,-0.002615092746109284,176.529,170.8288,0.047654335062417896,0.008902461639710977,72.58596325953842,stable,304.014,64.2,0.0
2023-06-13,183.31,54929130.0,126.66,50564790.0,123.83,22278310.0,334.29,22951280.0,271.32,16164020.0,41.02,613208200.0,48.8,2805666.0,106.44,13533780.0,158.51,7660771.0,112.5,3174993.0,96.88,2733415.0,113.08,3710032.0,12.67,7070906.0,103.41,4904282.0,06/07/2023,5.07,5.26,5.42,5.42,5.43,5.16,4.56,4.21,3.93,3.88,3.79,4.12,3.95,2023-07-10,68.91,-0.002615092746109284,0.003485272819509956,177.091,171.197,0.03389734912577547,0.008892437555655207,80.80755112742528,stable,304.014,64.2,0.0
2023-06-14,183.95,57462880.0,126.42,52422460.0,123.67,30592300.0,337.34,26003790.0,273.35,19175070.0,43.0,740465000.0,49.38,4013664.0,105.16,16627680.0,157.09,7721057.0,111.64,3152402.0,95.7,2297510.0,111.83,3399708.0,12.65,10268880.0,102.67,4915283.0,06/08/2023,5.25,5.29,5.38,5.42,5.39,5.12,4.52,4.17,3.87,3.8,3.73,4.05,3.89,2023-07-11,69.09,0.003485272819509956,0.011136454158076165,177.685,171.5526,0.03779971791255288,0.008861268055948085,81.16314976839938,stable,304.014,64.2,0.0
2023-06-15,186.01,65433170.0,127.11,60458470.0,125.09,35246270.0,348.1,38899080.0,281.83,25973460.0,42.65,568622000.0,50.2,3216611.0,105.89,16224120.0,158.28,7705434.0,113.83,3240412.0,97.02,2123043.0,114.03,3873663.0,12.84,8284210.0,104.15,4614623.0,06/09/2023,5.25,5.32,5.37,5.45,5.39,5.17,4.59,4.23,3.92,3.84,3.75,4.05,3.89,2023-07-12,67.68,0.011136454158076165,-0.005877136588834789,178.351,171.96019999999996,0.03287245266255745,0.009031593553447032,82.00589970501474,stable,304.014,64.2,0.0
2023-06-16,184.92,101256200.0,125.49,84247100.0,123.53,45535550.0,342.33,46551990.0,281.0,43127730.0,42.69,655709400.0,49.67,9363258.0,105.13,43128870.0,157.26,22875220.0,113.29,10770600.0,97.13,4965113.0,114.21,9938997.0,12.82,9323720.0,104.92,9928380.0,06/12/2023,5.24,5.31,5.4,5.43,5.38,5.18,4.55,4.16,3.89,3.82,3.73,4.04,3.87,2023-07-13,69.54,-0.005877136588834789,0.00048657855148655894,178.8445,172.3834,0.02193976236529438,0.008961114160946634,74.98683517640862,stable,304.014,64.2,0.0
2023-06-20,185.01,49799090.0,125.78,56930120.0,123.1,26097490.0,338.05,26375410.0,284.33,20701590.0,43.81,451153100.0,49.33,4213507.0,102.72,17519380.0,153.68,10443230.0,110.94,3816636.0,93.48,3274828.0,110.96,4058161.0,12.75,8496166.0,102.03,8590745.0,06/13/2023,5.19,5.24,5.36,5.37,5.36,5.26,4.67,4.3,4.01,3.94,3.84,4.12,3.94,2023-07-14,69.85,0.00048657855148655894,-0.005691534999787985,179.337,172.79039999999998,0.030237220180420854,0.008962928585402817,72.39976757699009,stable,304.014,64.2,0.0
2023-06-21,183.96,49515700.0,124.83,52137670.0,120.55,30306340.0,333.56,25117800.0,281.64,20556170.0,43.05,551602900.0,50.06,5943345.0,103.87,13285740.0,154.88,7328152.0,112.0,2943570.0,93.28,2902845.0,111.62,3776246.0,12.78,12131930.0,103.7,6477538.0,06/14/2023,5.18,5.25,5.36,5.37,5.36,5.27,4.74,4.37,4.06,3.95,3.83,4.09,3.9,2023-07-17,70.66,-0.005691534999787985,0.016390274182863554,179.825,173.229,0.026505217342782217,0.008972492353754932,68.42394288852286,stable,304.014,64.2,0.0
2023-06-22,187.0,51245330.0,130.15,90354570.0,123.15,26952250.0,339.71,23556760.0,284.88,17563060.0,43.03,417737400.0,51.28,6326781.0,103.3,12458810.0,152.64,7089588.0,111.42,2911860.0,90.81,3516093.0,110.39,3122330.0,12.67,9207063.0,101.43,4967926.0,06/15/2023,5.18,5.25,5.33,5.37,5.33,5.21,4.62,4.23,3.91,3.82,3.72,4.02,3.85,2023-07-18,69.71,0.016390274182863554,-0.0017126957729717623,180.597,173.753,0.05162523900573612,0.008405271705820836,68.76697447039658,stable,304.014,64.2,0.0
2023-06-23,186.68,53117000.0,129.33,71927780.0,122.34,34913640.0,335.02,23146900.0,288.73,51092040.0,42.21,358139800.0,50.87,18291800.0,102.4,17933600.0,151.35,15172660.0,111.64,3536104.0,90.86,4192024.0,111.3,5722529.0,12.5,10915220.0,100.46,7148968.0,06/16/2023,5.18,5.27,5.34,5.38,5.35,5.24,4.7,4.32,3.99,3.88,3.77,4.05,3.86,2023-07-20,71.78,-0.0017126957729717623,-0.00758170051969353,181.339,174.28460000000004,0.03383729301655869,0.00849411760831528,66.03245663122561,stable,304.014,64.2,0.0
2023-06-26,185.27,48088660.0,127.33,59989320.0,118.34,33969900.0,328.6,21520580.0,278.47,24232650.0,40.63,594321900.0,51.32,3404548.0,104.29,14283410.0,154.01,7371817.0,113.04,2352059.0,91.52,2846011.0,112.99,3152491.0,12.6,9068375.0,101.31,4361047.0,06/20/2023,5.17,5.26,5.39,5.39,5.41,5.24,4.68,4.29,3.96,3.85,3.74,4.01,3.83,2023-07-21,71.76,-0.00758170051969353,0.014946840287009402,181.953,174.67879999999997,0.023817418213969876,0.008860730526631083,65.8849804578448,stable,304.014,64.2,0.0
2023-06-27,188.06,50730850.0,129.18,46801010.0,118.33,39535940.0,334.57,24354110.0,287.05,26108260.0,41.88,462174700.0,51.39,3496000.0,104.55,13227490.0,153.53,6581662.0,113.98,2341864.0,92.57,3763977.0,115.35,3740683.0,12.64,8095821.0,100.79,3816967.0,06/21/2023,5.16,5.27,5.4,5.44,5.41,5.25,4.68,4.29,3.95,3.84,3.72,3.99,3.81,2023-07-24,73.91,0.014946840287009402,0.006307831468627219,182.5845,175.13580000000002,0.023233037706077653,0.008922104944069082,71.76586325627154,stable,304.014,64.2,0.0
2023-06-28,189.25,51216800.0,129.04,52149510.0,120.18,27091450.0,335.85,20259520.0,285.29,16722120.0,41.12,582639300.0,51.77,2946842.0,105.4,13084060.0,154.92,5773828.0,115.1,2514752.0,93.4,2574060.0,115.69,2506083.0,12.74,7262947.0,102.51,5462975.0,06/22/2023,5.18,5.31,5.4,5.44,5.41,5.29,4.77,4.37,4.03,3.92,3.8,4.06,3.88,2023-07-25,73.05,0.006307831468627219,0.001794953496388748,183.18200000000002,175.61620000000002,0.03240412416125693,0.008792271388058647,78.39046199701947,stable,304.014,64.2,0.0
2023-06-29,189.59,46347310.0,127.9,40760960.0,119.1,24090900.0,335.05,16997040.0,281.53,15395690.0,40.82,380514300.0,53.1,4033421.0,106.7,11364440.0,156.24,5633479.0,116.34,2324891.0,94.53,2254388.0,116.61,2272785.0,12.77,5660967.0,103.06,4260450.0,06/23/2023,5.17,5.3,5.41,5.44,5.41,5.25,4.71,4.32,3.99,3.88,3.74,4.01,3.82,2023-07-26,74.87,0.001794953496388748,0.022839662116253382,183.799,176.0786,0.030660505572166485,0.008760425116960822,75.45146726862313,stable,304.014,64.2,0.0
2023-06-30,193.97,85213220.0,130.36,54350680.0,119.7,29532240.0,340.54,26832760.0,286.98,19694870.0,42.3,501147800.0,54.11,5182432.0,107.25,13544660.0,157.35,6346777.0,116.6,2654569.0,95.38,2574225.0,117.3,2975707.0,12.7,10177140.0,103.61,6999955.0,06/26/2023,5.17,5.31,5.5,5.44,5.45,5.27,4.65,4.3,3.96,3.85,3.72,4.01,3.83,2023-07-27,75.77,0.022839662116253382,-0.007815168001945576,184.493,176.6054,0.04279339820439776,0.009397621606517895,79.96315062183334,stable,304.014,64.2,0.0
2023-07-03,192.46,31346600.0,130.22,27939570.0,119.9,14442850.0,337.99,12484240.0,286.02,8608555.0,42.41,197754100.0,54.61,1828579.0,107.46,7396992.0,157.21,3272586.0,117.54,1537197.0,95.66,1348799.0,117.43,1466093.0,12.85,3776700.0,104.23,2233953.0,06/27/2023,5.17,5.31,5.44,5.44,5.46,5.33,4.74,4.38,4.02,3.9,3.77,4.03,3.84,2023-07-28,76.86,-0.007815168001945576,-0.005888654031343417,185.06850000000003,177.1216,0.04077438892494056,0.009738302349480563,71.2604217753802,stable,304.609,71.5,0.0
2023-07-05,191.33,46920260.0,130.38,35895410.0,121.75,27584810.0,338.15,18172380.0,294.37,33865460.0,42.32,323617600.0,54.21,2639962.0,106.91,12491210.0,156.31,6320294.0,116.21,2777208.0,96.13,3854909.0,116.75,2753291.0,12.84,7132589.0,104.02,4155100.0,06/28/2023,5.17,5.32,5.44,5.49,5.47,5.32,4.71,4.32,3.97,3.83,3.71,4.0,3.81,2023-07-31,75.44,-0.005888654031343417,0.0025056128366851334,185.656,177.6478,0.034160315658613216,0.009646579317629229,69.05893536121681,stable,304.609,71.5,0.0
2023-07-06,191.81,45156010.0,128.36,40697850.0,120.11,24778800.0,341.27,28195530.0,291.99,47733830.0,42.1,304138800.0,53.8,3596194.0,102.92,17964880.0,152.88,9206088.0,113.34,3084863.0,95.4,4693913.0,113.46,4178251.0,12.8,5949539.0,100.34,6005673.0,06/29/2023,5.25,5.4,5.46,5.51,5.5,5.41,4.87,4.49,4.14,3.99,3.85,4.11,3.92,2023-08-01,74.17,0.0025056128366851334,-0.005908668396971762,186.286,178.1774,0.042672320069580216,0.009569969739992959,68.82183908045985,stable,304.609,71.5,0.0
2023-07-07,190.68,46815000.0,129.78,41992250.0,119.48,21709550.0,337.22,21214820.0,290.53,25585980.0,42.5,355881500.0,53.53,5404221.0,103.16,21929160.0,154.22,6602217.0,118.02,4147642.0,99.44,5340880.0,114.88,4587860.0,12.75,8812697.0,103.23,7393100.0,06/30/2023,5.24,5.39,5.43,5.5,5.47,5.4,4.87,4.49,4.13,3.97,3.81,4.06,3.85,2023-08-02,75.76,-0.005908668396971762,-0.010915239273545508,186.929,178.71560000000002,0.019679144385026826,0.009463084131987747,61.704260651629156,stable,304.609,71.5,0.0
2023-07-10,188.61,59922160.0,127.13,61889290.0,116.45,35315240.0,331.83,32791450.0,294.1,37058310.0,42.18,353908100.0,54.87,3238466.0,104.69,14877620.0,155.25,5167916.0,117.84,2582577.0,100.33,3785248.0,112.61,4199291.0,12.84,8525629.0,104.35,6405872.0,07/03/2023,5.27,5.4,5.44,5.52,5.53,5.43,4.94,4.56,4.19,4.03,3.86,4.08,3.87,2023-08-03,75.4,-0.010915239273545508,-0.002813986831265311,187.331,179.21259999999998,0.010338547246625307,0.009553063090536936,58.81509794553282,stable,304.609,71.5,0.0
2023-07-11,188.08,46638120.0,128.78,49951460.0,117.14,23078780.0,332.47,26698220.0,298.29,27585920.0,42.41,298244100.0,55.74,4597127.0,105.97,12581080.0,158.12,5061517.0,120.01,2652589.0,101.52,3060825.0,115.95,3683352.0,12.95,13900190.0,107.44,5648842.0,07/05/2023,5.28,5.38,5.44,5.51,5.52,5.4,4.94,4.59,4.25,4.11,3.95,4.17,3.95,2023-08-04,75.65,-0.002813986831265311,0.008945408334073328,187.68699999999998,179.606,0.01516705348950187,0.009618087218455218,57.182966775854084,stable,304.609,71.5,0.0
2023-07-12,189.77,60750250.0,130.8,54022850.0,118.93,30404410.0,337.2,29995260.0,309.34,36677130.0,43.9,481277000.0,54.17,5882103.0,106.49,13238240.0,159.64,6463957.0,119.96,2395668.0,101.96,2374181.0,115.04,3032903.0,12.99,13100420.0,109.31,6229243.0,07/06/2023,5.32,5.47,5.46,5.52,5.54,5.44,4.99,4.68,4.37,4.22,4.05,4.23,4.01,2023-08-07,77.06,0.008945408334073328,0.004049333712745697,187.986,180.00779999999997,0.009092842709773619,0.009233995848449113,63.19854611540213,stable,304.609,71.5,0.0
2023-07-13,190.54,41342340.0,134.3,61170880.0,124.54,44297920.0,342.66,20567160.0,313.41,30280970.0,45.98,478203700.0,55.64,5375814.0,104.54,26826840.0,157.51,8143855.0,119.92,2374533.0,102.58,2886437.0,115.51,2966115.0,13.03,14448620.0,110.55,6054896.0,07/07/2023,5.32,5.47,5.46,5.52,5.53,5.41,4.94,4.64,4.35,4.23,4.06,4.27,4.05,2023-08-08,78.81,0.004049333712745697,0.0007869265679022027,188.3475,180.42680000000001,0.006816380449141235,0.009194007594283253,58.966565349544084,stable,304.609,71.5,0.0
2023-07-14,190.69,41616240.0,134.68,54487090.0,125.42,33283080.0,345.24,28352730.0,308.87,23054110.0,45.47,772075300.0,55.42,4227961.0,100.94,28181920.0,153.58,7065664.0,118.41,2007451.0,100.46,2865206.0,113.48,2335397.0,12.9,15183470.0,107.09,4738178.0,07/10/2023,5.34,5.47,5.48,5.53,5.54,5.38,4.85,4.54,4.25,4.14,4.01,4.24,4.05,2023-08-09,79.76,0.0007869265679022027,0.017157538496479198,188.6845,180.8698,0.005801993776042957,0.009189845486570387,60.245273377618815,stable,304.609,71.5,0.0
2023-07-17,193.99,50520160.0,133.56,48450200.0,124.65,25716220.0,345.73,20363930.0,310.62,25323130.0,46.46,510488200.0,54.7,4146549.0,101.38,18055850.0,153.44,4353317.0,118.13,2117325.0,99.04,3078258.0,113.71,2968663.0,12.97,9647526.0,106.44,4082279.0,07/11/2023,5.35,5.48,5.49,5.53,5.55,5.44,4.88,4.52,4.24,4.13,3.99,4.22,4.03,2023-08-10,79.11,0.017157538496479198,-0.0013411742441602579,189.08350000000002,181.40059999999997,0.00010310872815399996,0.009601241305506623,70.31686859273071,stable,304.609,71.5,0.0
2023-07-18,193.73,48353770.0,132.83,54969130.0,123.76,26226450.0,359.49,64872710.0,312.05,20764580.0,47.49,570190400.0,53.83,5677942.0,100.92,24617800.0,153.75,6798680.0,119.43,2314149.0,101.16,2367543.0,115.42,2858729.0,13.11,9132639.0,108.75,4396928.0,07/12/2023,5.36,5.49,5.47,5.52,5.53,5.35,4.72,4.36,4.07,3.97,3.86,4.14,3.96,2023-08-11,80.17,-0.0013411742441602579,0.007046810530211034,189.524,181.95940000000002,0.006598773771173239,0.009455347360878299,64.97622820919175,stable,304.609,71.5,0.0
2023-07-19,195.1,80507320.0,135.36,54531040.0,122.03,37224030.0,355.08,39732900.0,316.01,21763690.0,47.08,427501800.0,54.3,3292656.0,101.62,15556540.0,154.69,5653115.0,122.11,2883244.0,102.46,3052143.0,118.02,2797306.0,13.18,5458444.0,109.48,5408236.0,07/13/2023,5.37,5.5,5.47,5.51,5.49,5.27,4.59,4.21,3.93,3.85,3.76,4.07,3.9,2023-08-14,80.55,0.007046810530211034,-0.010148710344557488,190.0285,182.39,0.0197041760309411,0.009501812863512432,65.30612244897958,stable,304.609,71.5,0.0
2023-07-20,193.13,59581200.0,129.96,59820580.0,119.2,37906760.0,346.87,33778400.0,302.52,23836880.0,45.52,537864500.0,53.6,3414902.0,103.41,15740200.0,156.4,5866574.0,124.25,3143068.0,104.05,2520486.0,120.73,3947242.0,13.2,7327941.0,111.69,6702271.0,07/14/2023,5.37,5.49,5.49,5.53,5.52,5.34,4.74,4.35,4.04,3.94,3.83,4.11,3.93,2023-08-15,81.8,-0.010148710344557488,-0.006180714095026356,190.48700000000002,182.78260000000003,0.006881810124602428,0.009756732072575852,58.53423336547733,stable,304.609,71.5,0.0
2023-07-21,191.94,71951680.0,130.0,133307300.0,120.02,71606470.0,343.77,69405380.0,294.26,42139260.0,44.31,963768600.0,53.56,2875677.0,103.89,17121490.0,158.69,8760132.0,125.82,2587371.0,105.73,2711753.0,122.99,3556638.0,13.15,8529568.0,112.89,4957130.0,07/17/2023,5.37,5.51,5.49,5.53,5.52,5.33,4.74,4.34,4.02,3.91,3.81,4.1,3.94,2023-08-16,81.37,-0.006180714095026356,0.004211189253957202,190.734,183.18600000000004,0.0066079295154184425,0.009354332711483964,44.216524216524206,stable,304.609,71.5,0.0
2023-07-24,192.75,45505100.0,128.8,45671540.0,121.53,29723670.0,345.11,26719210.0,291.61,24949410.0,44.61,383099700.0,53.73,2937705.0,105.52,15090860.0,161.82,9722057.0,128.39,3079649.0,106.85,3691802.0,125.71,4398075.0,13.28,9769756.0,114.72,3999564.0,07/18/2023,5.37,5.5,5.49,5.53,5.51,5.32,4.74,4.35,4.0,3.9,3.8,4.08,3.91,2023-08-17,79.5,0.004211189253957202,0.004503462848486702,191.0375,183.56980000000004,0.021950055670431068,0.009347578849056617,50.860534124629055,stable,304.609,71.5,0.0
2023-07-25,193.62,37283200.0,129.13,39236660.0,122.21,52509550.0,350.98,41637740.0,294.47,19585580.0,45.68,348080900.0,54.37,2395580.0,105.68,14116080.0,162.56,6767564.0,128.61,2994903.0,107.71,2744836.0,124.54,3398231.0,13.21,9701622.0,116.18,3664667.0,07/19/2023,5.37,5.51,5.49,5.54,5.51,5.32,4.74,4.34,3.98,3.87,3.75,4.01,3.84,2023-08-18,81.56,0.004503462848486702,0.0045346877665754255,191.455,183.96720000000002,0.029455550829434296,0.0091104150823027,56.901748040988515,stable,304.609,71.5,0.0
2023-07-26,194.5,47471870.0,128.15,53910090.0,129.27,61682090.0,337.77,58383700.0,298.57,47256930.0,45.45,364237300.0,53.92,1931326.0,105.09,15159620.0,161.34,6056366.0,130.35,2863703.0,109.59,2687565.0,126.18,3849501.0,13.16,9701792.0,116.83,4006263.0,07/20/2023,5.44,5.53,5.49,5.54,5.52,5.35,4.8,4.43,4.08,3.98,3.85,4.1,3.91,2023-08-21,82.76,0.0045346877665754255,-0.006602726969137493,191.777,184.40579999999997,0.024924909100489945,0.00862868065239481,57.916421424367265,stable,304.609,71.5,0.0
2023-07-27,193.22,47460180.0,128.25,52610660.0,129.4,44952070.0,330.72,39635260.0,311.71,64229170.0,45.9,455975500.0,53.71,2957525.0,105.42,17677890.0,159.66,6470137.0,129.58,3027169.0,108.89,2925876.0,125.47,4422618.0,13.14,8511831.0,115.78,4568487.0,07/21/2023,5.43,5.54,5.5,5.54,5.53,5.35,4.82,4.44,4.09,3.97,3.84,4.1,3.91,2023-08-22,81.94,-0.006602726969137493,0.013417499839381564,191.97549999999998,184.8288,0.014065288128477071,0.008746647114381728,57.40956826137687,stable,304.609,71.5,0.0
2023-07-28,195.83,48291440.0,132.21,46317380.0,132.58,36591160.0,338.37,28484870.0,325.48,39220270.0,46.75,331194200.0,52.61,4748122.0,104.16,17571680.0,158.87,6546464.0,131.83,2559231.0,110.35,2141474.0,129.07,2958961.0,13.25,8160519.0,115.93,3142166.0,07/24/2023,5.44,5.54,5.51,5.55,5.55,5.38,4.81,4.48,4.13,4.0,3.86,4.11,3.92,2023-08-23,82.94,0.013417499839381564,0.0031610100757235426,192.2875,185.304,0.02695474330064518,0.00917518709296817,70.41855203619905,stable,304.609,71.5,0.0
2023-07-31,196.45,38824110.0,133.68,41901520.0,132.72,28055530.0,335.92,25446020.0,318.6,25799600.0,46.73,251055300.0,52.92,3865564.0,107.24,24200300.0,163.66,13062490.0,133.02,4066578.0,111.55,3801275.0,128.91,4360181.0,13.29,11954600.0,117.72,4126075.0,07/25/2023,5.46,5.54,5.51,5.55,5.57,5.38,4.85,4.53,4.15,4.05,3.91,4.14,3.95,2023-08-24,84.35,0.0031610100757235426,-0.0042850649662006315,192.4115,185.77919999999997,0.0126810660343315,0.007719428713770278,73.55092853123233,stable,304.609,71.5,0.0
2023-08-01,195.61,35281430.0,131.69,42298930.0,131.55,23276440.0,336.34,18381250.0,322.71,22889870.0,46.51,239276000.0,53.37,3681357.0,106.62,14212940.0,162.3,7534939.0,134.94,3491881.0,112.11,2695397.0,128.77,3353219.0,13.28,11395290.0,117.38,3309684.0,07/26/2023,5.46,5.53,5.51,5.57,5.55,5.37,4.82,4.47,4.09,3.99,3.86,4.12,3.94,2023-08-25,82.81,-0.0042850649662006315,-0.015611229226130152,192.56900000000002,186.1904,0.00970422753316491,0.0075546397929563665,67.25768321513004,stable,306.082,69.4,0.0
2023-08-02,192.58,50389330.0,128.21,51027610.0,128.38,26273260.0,327.5,27761260.0,314.31,20461090.0,44.27,530141600.0,52.95,2789083.0,105.29,13489810.0,159.73,7071269.0,135.87,4479106.0,108.99,4888063.0,126.31,4190656.0,13.14,14932340.0,115.59,4577833.0,07/27/2023,5.47,5.55,5.51,5.58,5.56,5.4,4.91,4.58,4.24,4.13,4.01,4.26,4.06,2023-08-28,83.17,-0.015611229226130152,-0.007348567271211076,192.63150000000002,186.5388,-0.01291645310097378,0.008285913946107197,55.318039624609014,stable,306.082,69.4,0.0
2023-08-03,191.17,62243280.0,128.91,91163740.0,128.45,20159530.0,326.66,18360350.0,313.19,15215420.0,44.52,325076600.0,53.51,2615546.0,107.12,16283110.0,159.67,6682224.0,136.22,3719515.0,110.41,3512340.0,125.6,3446500.0,12.84,27379600.0,114.99,7289530.0,07/28/2023,5.47,5.54,5.52,5.57,5.54,5.37,4.87,4.52,4.18,4.08,3.96,4.22,4.03,2023-08-29,82.5,-0.007348567271211076,-0.04921134402861131,192.59949999999998,186.8782,-0.010148604566872055,0.008440990647131611,51.174168297455935,stable,306.082,69.4,0.0
2023-08-04,181.99,115956800.0,139.57,153128500.0,128.11,26147160.0,327.78,23741480.0,310.73,17612760.0,44.68,362666200.0,53.24,2533645.0,107.42,14279630.0,159.31,10185370.0,137.95,3483599.0,110.48,2650599.0,126.89,2665089.0,12.75,19094620.0,113.71,6928850.0,07/31/2023,5.48,5.54,5.55,5.56,5.53,5.37,4.88,4.51,4.18,4.08,3.97,4.22,4.02,2023-08-30,81.06,-0.04921134402861131,-0.01740427480728878,192.16500000000002,187.0868,-0.05183911639053862,0.01382669308243384,27.203647416413375,stable,306.082,69.4,0.0
2023-08-07,178.85,97576070.0,142.22,71213110.0,131.53,22746290.0,330.11,17741530.0,316.56,16236500.0,45.42,322153500.0,54.57,2738380.0,107.2,12410830.0,159.89,13927390.0,140.0,4106494.0,111.44,2982091.0,129.29,3045800.0,12.94,13785910.0,114.48,3635136.0,08/01/2023,5.49,5.54,5.54,5.57,5.54,5.38,4.92,4.57,4.24,4.15,4.05,4.3,4.11,2023-08-31,79.4,-0.01740427480728878,0.005297656332493191,191.677,187.227,-0.07211413748378737,0.0141118917931089,24.52054794520548,stable,306.082,69.4,0.0
2023-08-08,179.8,67823000.0,139.94,51710500.0,131.4,23535180.0,326.05,22327570.0,312.64,15183530.0,44.66,353843400.0,57.58,8257969.0,107.73,14065570.0,159.65,6451267.0,141.78,4232336.0,112.68,2865139.0,131.34,4119026.0,12.88,14137680.0,115.59,4281335.0,08/02/2023,5.48,5.53,5.53,5.54,5.52,5.36,4.88,4.54,4.24,4.17,4.08,4.35,4.17,2023-09-01,80.43,0.005297656332493191,-0.008994725298196648,191.263,187.3632,-0.07137692387150085,0.014223259965461995,23.41904100069496,stable,306.082,69.4,0.0
2023-08-09,178.19,60378490.0,137.85,50017350.0,129.66,24912920.0,322.23,22373270.0,305.21,19955780.0,42.55,586449100.0,56.57,2754278.0,109.56,19919600.0,159.86,10531480.0,144.05,4779251.0,114.42,3864782.0,133.95,3898036.0,12.98,16491250.0,116.44,4818826.0,08/03/2023,5.54,5.52,5.54,5.53,5.52,5.37,4.9,4.58,4.3,4.26,4.2,4.49,4.32,2023-09-04,81.25,-0.008994725298196648,-0.001235399977429129,190.68400000000003,187.4184,-0.08385604113110545,0.014044559002926792,23.71569317382128,stable,306.082,69.4,0.0
2023-08-10,177.97,54686850.0,138.56,58928400.0,129.69,20857750.0,322.93,20113730.0,305.74,14358900.0,42.39,492705300.0,56.0,3189129.0,110.12,15837170.0,160.83,8647064.0,145.28,4137326.0,114.67,2587861.0,134.86,3738741.0,13.07,16747960.0,115.83,3589283.0,08/04/2023,5.54,5.51,5.54,5.52,5.5,5.33,4.78,4.45,4.15,4.1,4.05,4.36,4.21,2023-09-05,80.71,-0.001235399977429129,-0.0010119182334140055,190.0555,187.4318,-0.07892557706241587,0.0139514229480121,24.553734061930797,stable,306.082,69.4,0.0
2023-08-11,177.79,52036670.0,138.41,42905830.0,129.56,19591080.0,321.01,24355490.0,301.64,14046250.0,40.86,533085300.0,56.84,3118060.0,111.83,14047040.0,164.15,6682611.0,149.75,4395957.0,116.64,2558962.0,139.06,3420638.0,12.76,12956330.0,117.81,3771611.0,08/07/2023,5.54,5.51,5.56,5.53,5.53,5.3,4.76,4.44,4.16,4.13,4.09,4.42,4.27,2023-09-06,80.25,-0.0010119182334140055,0.009349263341431456,189.4105,187.44260000000003,-0.09212071694837365,0.013928706013798408,22.110365398956006,stable,306.082,69.4,0.0
2023-08-14,179.46,43675630.0,140.57,47148700.0,131.33,24695610.0,324.04,18836140.0,306.19,15641920.0,43.75,690285800.0,56.76,2253876.0,111.92,12973380.0,164.03,6060083.0,148.54,3440252.0,114.67,3044005.0,136.5,3410307.0,12.72,10404530.0,117.69,4252439.0,08/08/2023,5.54,5.53,5.57,5.52,5.53,5.35,4.74,4.36,4.1,4.06,4.02,4.35,4.2,2023-09-07,78.91,0.009349263341431456,-0.01126346277740628,188.684,187.43,-0.0864851107151946,0.01341925849619758,24.36640115858077,stable,306.082,69.4,0.0
2023-08-15,177.45,43622590.0,137.67,42781520.0,129.78,19770730.0,321.86,16966290.0,301.95,11623610.0,43.94,676511500.0,55.73,2279395.0,108.16,14909580.0,159.24,7876471.0,142.62,5569512.0,113.43,5087597.0,131.14,4969614.0,12.56,11578260.0,115.51,4214904.0,08/09/2023,5.51,5.52,5.55,5.34,5.54,5.35,4.79,4.41,4.12,4.07,4.0,4.33,4.18,2023-09-08,79.52,-0.01126346277740628,-0.0049714807777985716,187.86999999999998,187.36,-0.09283778947906562,0.013503115577213037,20.34782608695656,stable,306.082,69.4,0.0
2023-08-16,176.57,46964860.0,135.07,41675900.0,128.7,25216070.0,320.4,20698860.0,294.29,18547740.0,43.49,527450700.0,55.22,1834689.0,106.34,13695120.0,158.63,7920458.0,141.4,3623316.0,113.27,3904400.0,130.94,3502729.0,12.77,19967040.0,114.64,3767199.0,08/10/2023,5.55,5.52,5.54,5.53,5.52,5.33,4.82,4.47,4.21,4.17,4.09,4.41,4.24,2023-09-11,80.47,-0.0049714807777985716,-0.014662099100177803,186.9435,187.2998,-0.08313428185689076,0.013232122333058613,20.634920634920675,stable,306.082,69.4,0.0
2023-08-17,174.0,66062880.0,133.98,48354090.0,129.92,33446280.0,316.88,21257160.0,285.09,23950090.0,43.34,452394800.0,54.86,3966952.0,108.4,16709540.0,159.75,8270458.0,142.49,3351405.0,113.59,4704415.0,132.02,3311057.0,12.9,14856770.0,116.73,4044801.0,08/11/2023,5.54,5.51,5.54,5.54,5.52,5.36,4.89,4.56,4.31,4.26,4.16,4.45,4.27,2023-09-12,80.65,-0.014662099100177803,0.002812134195609571,185.987,187.1956,-0.0898153475963801,0.013362581626336982,11.444719180501608,stable,306.082,69.4,0.0
2023-08-18,174.49,61172150.0,133.22,48497700.0,127.46,30504770.0,316.48,24755010.0,283.25,35347930.0,43.3,583767900.0,54.93,2324635.0,110.04,16223950.0,160.9,5999190.0,144.62,3154528.0,114.24,4896486.0,133.58,3012091.0,13.0,10321890.0,117.29,4267613.0,08/14/2023,5.55,5.52,5.56,5.53,5.56,5.37,4.96,4.64,4.36,4.29,4.19,4.46,4.29,2023-09-13,81.14,0.002812134195609571,0.007707057245172687,185.11450000000002,187.129,-0.04121105555250293,0.013479183343845976,11.03619588360553,stable,306.082,69.4,0.0
2023-08-21,175.84,46311880.0,134.68,41442480.0,128.37,25248730.0,321.88,24039960.0,289.9,20181480.0,46.97,692573400.0,56.05,4076048.0,108.71,11092380.0,160.36,6802337.0,142.85,3495318.0,113.33,2662829.0,131.16,3734002.0,13.0,12568440.0,117.21,3271628.0,08/15/2023,5.53,5.52,5.56,5.51,5.55,5.36,4.92,4.64,4.36,4.31,4.21,4.49,4.32,2023-09-14,81.64,0.007707057245172687,0.00787383341173706,184.26899999999998,187.03439999999998,-0.016829745596868784,0.013623613116359073,15.54548623213671,stable,306.082,69.4,0.0
2023-08-22,177.23,42084250.0,134.25,32935100.0,129.08,22067520.0,322.46,16102020.0,287.6,12999910.0,45.67,757206900.0,55.8,2188497.0,108.1,10520840.0,159.04,6081658.0,142.95,2330386.0,112.94,2220777.0,130.89,2563838.0,12.97,9982744.0,116.15,3195938.0,08/16/2023,5.52,5.53,5.56,5.54,5.54,5.37,4.97,4.68,4.42,4.37,4.28,4.55,4.38,2023-09-15,83.55,0.00787383341173706,0.02171147094776997,183.4495,186.9598,-0.014293659621802068,0.01376216885247846,21.626617375231078,stable,306.082,69.4,0.0
2023-08-23,181.12,52722750.0,135.52,42801040.0,132.37,27819710.0,327.0,21166380.0,294.24,18287000.0,47.12,779046100.0,56.83,2643684.0,107.15,11435550.0,159.25,4975570.0,143.25,3645632.0,112.26,2027553.0,129.37,4025780.0,12.96,11893100.0,115.81,3136727.0,08/17/2023,5.55,5.52,5.56,5.54,5.53,5.36,4.94,4.67,4.42,4.38,4.3,4.58,4.41,2023-09-18,85.52,0.02171147094776997,-0.02651903655478346,182.7805,186.9064,0.016443122509680608,0.014844010331702854,32.98340670504578,stable,306.082,69.4,0.0
2023-08-24,176.38,54945800.0,131.84,43646250.0,129.78,28500690.0,319.97,23281430.0,286.75,18360880.0,47.16,1156044000.0,56.71,3925955.0,106.35,10818480.0,157.94,5989609.0,143.6,2888155.0,112.39,1713642.0,129.46,2764701.0,12.94,9989202.0,114.8,3538524.0,08/18/2023,5.53,5.52,5.55,5.54,5.52,5.35,4.92,4.63,4.38,4.34,4.26,4.55,4.38,2023-09-20,86.74,-0.02651903655478346,0.012563899456357483,181.9385,186.7678,-0.008934090015171092,0.015701877668693527,38.82024711040257,stable,306.082,69.4,0.0
2023-08-25,178.61,51449590.0,133.26,44147450.0,129.88,26762890.0,322.98,21684100.0,285.5,23701440.0,46.02,925340500.0,56.21,2680980.0,108.25,13579300.0,159.12,5291847.0,143.98,4481147.0,113.89,2262140.0,133.12,5167228.0,13.16,12859170.0,116.52,3710368.0,08/21/2023,5.55,5.53,5.57,5.55,5.58,5.37,4.97,4.7,4.46,4.42,4.34,4.64,4.45,2023-09-21,87.55,0.012563899456357483,0.008807191822330614,181.07750000000001,186.66099999999997,0.004612182912424823,0.01565152128312047,49.50372208436729,stable,306.082,69.4,0.0
2023-08-28,180.19,43820700.0,133.14,34108410.0,131.01,20543270.0,323.7,14808480.0,290.26,14239290.0,46.84,685192200.0,57.19,3252569.0,109.16,10382120.0,160.21,4386082.0,143.03,2520439.0,113.13,1702264.0,131.6,2680112.0,13.41,15743880.0,117.52,2821634.0,08/22/2023,5.54,5.53,5.57,5.55,5.57,5.39,5.02,4.75,4.49,4.44,4.34,4.61,4.42,2023-09-22,86.87,0.008807191822330614,0.021575869210317872,180.2645,186.54460000000003,0.004067758832051682,0.015848595602279306,50.78597339782343,stable,306.082,69.4,0.0
2023-08-29,184.12,53003950.0,134.91,38646090.0,134.57,43075560.0,328.41,19284590.0,297.99,20844520.0,48.78,701397000.0,56.5,4939372.0,109.81,9665010.0,159.96,5374765.0,143.27,2673603.0,112.69,1933180.0,131.39,3041769.0,13.52,13435850.0,117.66,3213683.0,08/23/2023,5.54,5.53,5.57,5.56,5.55,5.35,4.95,4.64,4.36,4.3,4.19,4.46,4.27,2023-09-25,87.51,0.021575869210317872,0.018990806631989123,179.69,186.5286,0.03758805297266843,0.016873409475426565,60.928861039439724,stable,306.082,69.4,0.0
2023-08-30,187.65,60813890.0,135.07,36137020.0,135.88,28315770.0,328.79,15222110.0,295.1,17717020.0,49.26,735206000.0,55.69,6340577.0,110.88,11922060.0,160.18,5534892.0,143.14,2539327.0,113.65,2113438.0,131.45,3167882.0,13.55,9250100.0,118.7,2847501.0,08/24/2023,5.55,5.53,5.58,5.57,5.59,5.39,4.98,4.69,4.39,4.34,4.23,4.49,4.3,2023-09-26,87.3,0.018990806631989123,0.0011717086981777867,179.4435,186.5814,0.06275131675822632,0.01728410617395468,65.90013140604466,stable,306.082,69.4,0.0
2023-08-31,187.87,60794470.0,138.01,58781310.0,136.17,30053800.0,327.76,26410950.0,295.89,17229870.0,49.36,528569800.0,56.24,7050346.0,111.19,17479830.0,161.1,7003681.0,142.77,5114721.0,114.16,3086357.0,129.9,4154274.0,13.47,9046206.0,119.03,4395692.0,08/25/2023,5.56,5.53,5.61,5.59,5.61,5.44,5.03,4.72,4.44,4.37,4.25,4.5,4.3,2023-09-27,88.87,0.0011717086981777867,0.008427686168180834,179.27849999999998,186.65959999999998,0.079712643678161,0.017232013724225732,66.53543307086613,stable,306.082,69.4,0.0
2023-09-01,189.46,45766500.0,138.12,40991540.0,135.66,21543690.0,328.66,14942020.0,296.38,12842260.0,48.51,463830300.0,68.19,32070500.0,113.52,14843480.0,164.3,6663003.0,145.96,3027739.0,117.17,2787680.0,133.58,2999619.0,13.62,8994389.0,122.14,6398268.0,08/28/2023,5.56,5.53,5.58,5.6,5.56,5.44,4.98,4.69,4.38,4.32,4.2,4.48,4.29,2023-09-28,88.59,0.008427686168180834,0.0012659564935798922,179.652,186.7088,0.08579288211358826,0.013029170200173298,66.44736842105262,stable,307.276,67.8,0.0
2023-09-05,189.7,45280030.0,137.27,40636740.0,135.77,19403110.0,333.55,18553860.0,300.15,14955990.0,48.55,382652600.0,68.1,9466373.0,113.53,18304010.0,166.46,9755844.0,147.02,3080889.0,116.74,2326951.0,133.12,2997563.0,13.78,11538450.0,122.83,5785711.0,08/29/2023,5.54,5.53,5.56,5.57,5.52,5.37,4.87,4.56,4.26,4.21,4.12,4.42,4.23,2023-09-29,90.13,0.0012659564935798922,-0.03644964835313406,180.1945,186.76919999999998,0.07882165605095537,0.012207823257535761,71.39364303178485,stable,307.276,67.8,0.0
2023-09-06,182.91,81755820.0,135.36,41785510.0,134.46,18684530.0,332.88,17535770.0,299.17,15418090.0,47.06,468669600.0,70.47,7585616.0,114.51,13325540.0,166.63,7195549.0,147.89,2593758.0,116.64,1764173.0,134.03,3163409.0,13.5,12650720.0,123.07,4664053.0,08/30/2023,5.55,5.53,5.56,5.6,5.51,5.39,4.9,4.57,4.27,4.22,4.12,4.42,4.23,2023-10-02,90.83,-0.03644964835313406,-0.029685648621999895,180.35,186.722,0.032048750211589594,0.015027754143859198,59.177764910248996,stable,307.276,67.8,0.0
2023-09-07,177.56,112488800.0,137.85,48498910.0,135.26,18844340.0,329.91,18381000.0,298.67,33748740.0,46.24,433329900.0,68.98,7649325.0,113.95,13248540.0,166.64,7925879.0,150.89,3641548.0,118.75,3348859.0,136.25,3691544.0,13.7,14262100.0,121.71,3504089.0,08/31/2023,5.52,5.55,5.56,5.61,5.48,5.37,4.85,4.54,4.23,4.19,4.09,4.39,4.2,2023-10-03,91.47,-0.029685648621999895,0.0034856953266633552,180.3185,186.51199999999997,-0.01965547703180215,0.016391982183126742,54.76956055734191,stable,307.276,67.8,0.0
2023-09-08,178.18,65602070.0,138.23,38365930.0,136.38,23584190.0,334.27,19548170.0,297.89,17572200.0,45.57,473899900.0,70.5,5550484.0,115.61,14286480.0,167.21,7435923.0,155.31,4432247.0,122.23,4711697.0,142.06,5147053.0,13.76,10202630.0,122.72,4368399.0,09/01/2023,5.51,5.55,5.53,5.58,5.47,5.36,4.87,4.57,4.29,4.27,4.18,4.48,4.29,2023-10-04,91.16,0.0034856953266633552,0.006600684031352093,180.329,186.29059999999998,0.010205238689193763,0.01640992328979673,54.92656875834446,stable,307.276,67.8,0.0
2023-09-11,179.36,58953050.0,143.1,56764530.0,136.92,20763350.0,337.94,16583320.0,307.56,19489330.0,45.18,473965600.0,72.16,7449202.0,114.16,14383560.0,163.76,7155050.0,154.07,3803002.0,122.34,3105436.0,143.74,5554923.0,13.6,10555640.0,120.44,4294523.0,09/05/2023,5.51,5.56,5.55,5.59,5.51,5.42,4.94,4.65,4.37,4.35,4.27,4.56,4.38,2023-10-05,89.2,0.006600684031352093,-0.017207869920025237,180.4075,186.08599999999998,0.004199092995912812,0.016471947114045808,54.72103004291847,stable,307.276,67.8,0.0
2023-09-12,176.3,90370190.0,141.23,42668450.0,135.34,18405510.0,331.77,17565480.0,301.66,13480400.0,44.87,349256300.0,70.73,4782518.0,117.49,20145760.0,166.81,7521146.0,155.83,2841342.0,124.28,4229642.0,146.26,4273891.0,13.66,9695628.0,123.08,4486691.0,09/06/2023,5.52,5.55,5.55,5.6,5.52,5.44,5.01,4.73,4.44,4.39,4.3,4.56,4.37,2023-10-06,89.56,-0.017207869920025237,-0.011925621351756389,180.2495,185.7326,-0.021588323436372625,0.016783391702300917,48.806161745828014,stable,307.276,67.8,0.0
2023-09-13,174.21,84267930.0,144.85,60465180.0,136.71,20749500.0,336.06,16544410.0,305.06,13210920.0,45.49,398355400.0,70.45,2801459.0,116.44,13472800.0,166.2,5759464.0,155.48,3177277.0,123.17,2779402.0,145.48,3185010.0,13.54,9848055.0,122.31,3879694.0,09/07/2023,5.52,5.56,5.53,5.59,5.5,5.4,4.94,4.66,4.38,4.35,4.27,4.55,4.36,2023-10-09,90.0,-0.011925621351756389,0.008744162015628939,180.0875,185.3676,-0.05382359330871167,0.016805574091555368,40.69986541049799,stable,307.276,67.8,0.0
2023-09-14,175.74,60895760.0,144.72,64033610.0,138.1,24750970.0,338.7,20267050.0,311.72,19343100.0,45.58,370097200.0,71.16,5116847.0,118.52,15210700.0,167.23,8822822.0,156.19,3526417.0,122.97,2526293.0,145.95,3737702.0,13.57,16086230.0,124.5,4686211.0,09/08/2023,5.52,5.56,5.55,5.6,5.49,5.42,4.98,4.68,4.39,4.35,4.26,4.52,4.33,2023-10-10,89.68,0.008744162015628939,-0.004162514919631139,180.046,185.0558,-0.06346922462030369,0.016911117916456952,49.05715969357692,stable,307.276,67.8,0.0
2023-09-15,175.01,109259500.0,140.39,102909300.0,137.4,38919610.0,330.22,37679790.0,300.31,28131140.0,43.9,506830500.0,69.29,6093460.0,116.7,34568390.0,166.5,17439740.0,153.81,11636400.0,121.03,9312919.0,143.68,8067973.0,13.59,10758870.0,123.57,12440960.0,09/11/2023,5.52,5.56,5.55,5.58,5.51,5.4,4.97,4.64,4.4,4.37,4.29,4.56,4.37,2023-10-11,91.43,-0.004162514919631139,0.01677188161382818,180.09650000000002,184.7198,-0.06845158886464053,0.01659980461564039,44.45129469790379,stable,307.276,67.8,0.0
2023-09-18,177.97,67257570.0,139.98,42823480.0,138.21,21861350.0,329.06,16834210.0,302.55,14234160.0,43.97,500270800.0,69.15,3527363.0,117.64,14045310.0,167.22,7027558.0,156.34,3003576.0,122.45,2237463.0,146.28,4418418.0,13.77,10298270.0,124.48,4945258.0,09/12/2023,5.52,5.56,5.56,5.58,5.53,5.42,4.98,4.66,4.41,4.36,4.27,4.54,4.35,2023-10-12,93.67,0.01677188161382818,0.006161794086773882,180.2705,184.46559999999997,-0.06064604665892537,0.017000125841876147,46.71791839148434,stable,307.276,67.8,0.0
2023-09-19,179.07,51826940.0,137.63,61482470.0,138.04,20353650.0,328.65,16514490.0,305.07,15931620.0,43.52,373064200.0,69.9,3844194.0,117.33,12569720.0,167.2,6617029.0,152.15,4508270.0,120.22,2970167.0,142.66,4568950.0,13.82,9223734.0,123.16,4193297.0,09/13/2023,5.53,5.56,5.55,5.6,5.51,5.42,4.96,4.64,4.39,4.34,4.25,4.52,4.34,2023-10-13,91.65,0.006161794086773882,-0.02019472962315274,180.43200000000002,184.2748,-0.056035846072746476,0.016971465829197018,41.85221039044851,stable,307.276,67.8,0.0
2023-09-20,175.49,58436180.0,135.29,46263720.0,133.74,29927480.0,320.77,21436530.0,299.67,19379520.0,42.24,367107700.0,68.94,3091710.0,116.4,11883210.0,166.69,5942108.0,152.67,2540202.0,120.07,2491645.0,142.97,3720415.0,13.9,14834580.0,121.17,3444949.0,09/14/2023,5.52,5.57,5.55,5.59,5.5,5.42,5.0,4.68,4.42,4.38,4.29,4.57,4.39,2023-10-16,90.77,-0.02019472962315274,-0.00892914180545344,180.345,184.02300000000002,-0.04056639877535395,0.017517076295478134,30.412371134020617,stable,307.276,67.8,0.0
2023-09-21,173.93,63149120.0,129.33,70343340.0,130.44,31503910.0,319.53,35560360.0,295.73,21319580.0,41.02,450736000.0,68.44,3924650.0,114.76,14409640.0,165.19,7150432.0,154.77,4152762.0,119.94,2732189.0,146.3,6814025.0,13.71,13572660.0,119.07,4470852.0,09/15/2023,5.51,5.56,5.56,5.6,5.49,5.43,5.02,4.72,4.45,4.41,4.33,4.59,4.42,2023-10-17,88.81,-0.00892914180545344,0.0049323339269332096,179.9855,183.7062,-0.020443793647217823,0.016797994379274993,28.47436689314391,stable,307.276,67.8,0.0
2023-09-22,174.79,56725390.0,129.12,59904350.0,130.25,26397340.0,317.01,21447890.0,299.08,25369590.0,41.61,479236300.0,70.05,4495031.0,114.94,13200210.0,166.28,5965497.0,153.46,2809267.0,118.58,2427225.0,145.27,4114807.0,13.82,31389800.0,119.16,3641227.0,09/18/2023,5.53,5.56,5.55,5.6,5.51,5.44,5.05,4.74,4.46,4.41,4.32,4.57,4.4,2023-10-18,89.26,0.0049323339269332096,0.007353183871211162,179.906,183.3912,-0.019025704343921923,0.015828502848724654,26.824644549762994,stable,307.276,67.8,0.0
2023-09-25,176.08,46172740.0,131.27,46017830.0,131.11,20094640.0,317.54,17835960.0,300.83,18987010.0,42.22,419091000.0,70.03,3643708.0,116.23,11316010.0,168.71,5509956.0,154.2,2123802.0,120.26,2499087.0,146.54,3241861.0,14.01,19853270.0,121.07,3291260.0,09/19/2023,5.53,5.56,5.54,5.59,5.51,5.45,5.08,4.79,4.51,4.47,4.37,4.6,4.43,2023-10-19,84.32,0.007353183871211162,-0.023676545590125463,179.7795,183.09900000000002,-0.01828724353256017,0.015644790869565117,29.174311926605554,stable,307.276,67.8,0.0
2023-09-26,171.96,64588950.0,125.98,73048210.0,128.57,25718700.0,312.14,26297570.0,298.96,19417160.0,41.91,402282100.0,68.93,3214382.0,116.41,11805430.0,167.8,5659200.0,151.02,3004875.0,119.42,2350834.0,141.58,4936809.0,13.86,14293880.0,120.14,5204548.0,09/20/2023,5.53,5.57,5.56,5.61,5.51,5.47,5.12,4.82,4.52,4.46,4.35,4.57,4.4,2023-10-20,82.3,-0.023676545590125463,-0.008937236390935535,179.368,182.6584,-0.024617129892229195,0.016277754682331638,31.768231768231814,stable,307.276,67.8,0.0
2023-09-27,170.43,66921810.0,125.98,66553450.0,130.54,22746450.0,312.79,19410080.0,297.74,36429840.0,42.47,444935200.0,67.95,5517393.0,120.2,23976160.0,171.04,9124395.0,152.43,2709848.0,120.8,2793805.0,143.95,3643911.0,13.95,17224730.0,123.09,5364088.0,09/21/2023,5.52,5.57,5.57,5.61,5.52,5.46,5.12,4.85,4.61,4.57,4.49,4.74,4.56,2023-10-23,82.83,-0.008937236390935535,0.0015243905390963399,178.6835,182.1924,-0.021697950749095973,0.015320257647022472,36.39832125143078,stable,307.276,67.8,0.0
2023-09-28,170.69,56294420.0,125.98,54554970.0,132.31,22513130.0,313.64,19683560.0,303.96,22167080.0,43.09,424662800.0,68.5,3375091.0,119.47,16808120.0,170.59,7151760.0,154.43,2994709.0,123.38,3294259.0,147.18,3587272.0,14.02,18305070.0,122.72,3964642.0,09/22/2023,5.52,5.58,5.56,5.61,5.52,5.46,5.1,4.8,4.57,4.53,4.44,4.7,4.53,2023-10-25,85.89,0.0015243905390963399,0.0030418274404849423,177.8355,181.70420000000001,-0.028735632183908066,0.01442031453875706,35.512572533849124,stable,307.276,67.8,0.0
2023-09-29,171.21,51861080.0,127.12,62411730.0,130.86,30859790.0,315.75,24147300.0,300.21,25373700.0,43.5,397829900.0,68.9,6379819.0,117.58,18813570.0,168.62,7396096.0,151.34,3331172.0,120.15,2841901.0,141.71,4302381.0,14.03,14724220.0,119.8,5308920.0,09/25/2023,5.54,5.58,5.58,5.6,5.52,5.45,5.09,4.83,4.62,4.61,4.55,4.84,4.67,2023-10-26,83.7,0.0030418274404849423,0.01472661122817496,177.0025,181.26579999999998,-0.02171304496885884,0.014466630276894871,33.82294561333863,stable,307.276,67.8,0.0
2023-10-02,173.75,52164540.0,129.46,48029740.0,134.17,22288040.0,321.8,20570010.0,306.82,16265570.0,44.78,433298200.0,67.7,3902534.0,115.63,14395000.0,166.54,6839611.0,150.02,3986903.0,119.02,2445763.0,138.09,4109678.0,13.78,17022320.0,117.1,4769473.0,09/26/2023,5.54,5.58,5.58,5.61,5.53,5.45,5.04,4.84,4.62,4.62,4.56,4.86,4.7,2023-10-27,82.87,0.01472661122817496,-0.007800126215308751,176.217,180.90199999999996,-0.023711861549699398,0.014830159910972139,44.83177948925819,stable,307.696,63.8,0.0
2023-10-03,172.4,49594610.0,124.72,51564990.0,132.43,22989400.0,313.39,21033490.0,300.94,17362250.0,43.52,470849500.0,67.24,4329670.0,115.83,13297060.0,166.93,6168626.0,147.27,3734171.0,115.63,2988368.0,133.58,5762095.0,13.55,16255510.0,117.6,4162818.0,09/27/2023,5.54,5.59,5.58,5.62,5.53,5.49,5.1,4.89,4.67,4.69,4.61,4.91,4.73,2023-10-30,87.67,-0.007800126215308751,0.007282006402906303,175.35200000000003,180.495,-0.03724800357402125,0.014788673546173216,46.21813623067279,stable,307.696,63.8,0.0
2023-10-04,173.66,53020290.0,127.0,44203870.0,135.24,26752300.0,318.96,20720140.0,305.58,16880480.0,44.04,361820900.0,67.2,6075271.0,111.5,19622230.0,163.04,9664693.0,141.89,5777650.0,110.49,4464181.0,128.67,4097008.0,13.34,17627220.0,113.33,7287593.0,09/28/2023,5.56,5.61,5.56,5.61,5.53,5.46,5.04,4.83,4.62,4.63,4.59,4.9,4.71,2023-10-31,86.65,0.007282006402906303,0.007172191286472731,174.8895,180.09580000000003,-0.010427944612228734,0.012982601516991769,45.60439560439557,stable,307.696,63.8,0.0
2023-10-05,174.91,48527920.0,125.96,39660640.0,135.07,19832620.0,319.36,16965630.0,304.79,19129960.0,44.69,393483100.0,66.19,7329844.0,108.99,20128780.0,163.9,8073048.0,142.28,4003717.0,109.48,3206047.0,127.48,3399518.0,13.36,10350320.0,113.42,4070087.0,09/29/2023,5.55,5.6,5.55,5.61,5.53,5.46,5.03,4.8,4.6,4.61,4.59,4.92,4.73,2023-11-01,86.66,0.007172191286472731,0.014642713381283392,174.757,179.704,0.005634450641062383,0.011461518534483106,49.793217535153026,stable,307.696,63.8,0.0
2023-10-06,177.49,57266680.0,127.96,46836700.0,137.58,27597600.0,327.26,25673630.0,315.43,21803860.0,45.76,434436000.0,66.41,8053994.0,107.17,25367470.0,162.23,10190410.0,143.18,3372115.0,109.19,2625538.0,126.53,2829540.0,13.46,10007820.0,115.33,4209663.0,10/02/2023,5.56,5.6,5.62,5.62,5.58,5.49,5.12,4.88,4.72,4.73,4.69,5.0,4.81,2023-11-02,88.35,0.014642713381283392,0.008415669058153363,174.72250000000003,179.3894,0.01544710795812132,0.0119401437017494,48.99159663865548,stable,307.696,63.8,0.0
2023-10-09,178.99,42390770.0,128.26,38773740.0,138.42,19278070.0,329.82,19891180.0,318.36,22503660.0,45.27,409674700.0,67.18,6012462.0,110.92,22369890.0,166.72,8183490.0,146.57,3353953.0,111.21,2769837.0,126.95,3798919.0,13.69,10080420.0,121.82,6532807.0,10/03/2023,5.55,5.6,5.62,5.62,5.58,5.49,5.15,4.95,4.8,4.84,4.81,5.13,4.95,2023-11-03,89.35,0.008415669058153363,-0.0033577735952325274,174.704,179.05259999999998,0.016526578827805505,0.012001244592278778,49.834710743801686,stable,307.696,63.8,0.0
2023-10-10,178.39,43698020.0,129.48,42178620.0,138.06,27786610.0,328.39,20557090.0,321.84,19037970.0,45.8,368582100.0,67.98,8039459.0,110.45,13891950.0,166.54,6512874.0,148.91,2946415.0,112.39,2662275.0,130.21,3998884.0,13.81,7935220.0,120.39,5705550.0,10/04/2023,5.56,5.58,5.61,5.62,5.57,5.42,5.05,4.85,4.72,4.75,4.73,5.05,4.87,2023-11-06,89.12,-0.0033577735952325274,0.007872957274343912,174.8085,178.6914,0.03739241684112571,0.011343906862881219,56.83317624882181,stable,307.696,63.8,0.0
2023-10-11,179.8,47551100.0,131.83,40741840.0,140.55,25884300.0,332.42,20063250.0,327.82,22036300.0,46.81,378136900.0,70.34,5088644.0,106.49,57939020.0,161.1,12570720.0,148.52,2825130.0,112.13,2035924.0,129.6,3012255.0,13.76,9100717.0,120.04,7300713.0,10/05/2023,5.57,5.59,5.61,5.62,5.56,5.39,5.03,4.82,4.68,4.73,4.72,5.06,4.89,2023-11-07,85.49,0.007872957274343912,0.005048414372552726,175.088,178.3752,0.05497858358270258,0.011054485365170409,63.929757949691485,stable,307.696,63.8,0.0
2023-10-12,180.71,56743120.0,132.33,55528580.0,138.97,24765540.0,331.16,19313100.0,324.16,20530520.0,46.95,481325000.0,69.05,4301745.0,106.47,31182960.0,161.23,7396969.0,147.59,2773972.0,110.75,1976849.0,126.23,3961728.0,13.77,8023469.0,121.11,3859459.0,10/06/2023,5.59,5.6,5.63,5.64,5.59,5.43,5.08,4.87,4.75,4.79,4.78,5.13,4.95,2023-11-08,84.58,0.005048414372552726,-0.010346070705045956,175.3365,178.1378,0.05870291171128961,0.010958887283492499,64.0151515151515,stable,307.696,63.8,0.0
2023-10-13,178.85,51456080.0,129.79,45824690.0,137.36,23435600.0,327.73,21085700.0,314.69,21360790.0,45.46,475426000.0,68.04,4635966.0,109.87,30290330.0,164.06,8044677.0,148.2,2568781.0,110.6,3393245.0,126.05,3826148.0,13.83,11474010.0,124.86,5592376.0,10/10/2023,5.6,5.61,5.61,5.63,5.57,5.37,4.96,4.74,4.62,4.66,4.66,5.03,4.85,2023-11-09,86.07,-0.010346070705045956,-0.0007271303841361216,175.52849999999998,177.8914,0.044623561707844095,0.011208301604483594,56.385431074227704,stable,307.696,63.8,0.0
2023-10-16,178.72,52516980.0,132.55,42832920.0,139.1,28501870.0,332.64,22158050.0,321.15,16536110.0,46.1,375099200.0,67.76,5387491.0,109.95,18452000.0,165.4,5445954.0,150.75,2406882.0,111.78,2750191.0,129.2,2851978.0,13.9,11653400.0,125.31,3769643.0,10/11/2023,5.58,5.59,5.61,5.63,5.56,5.38,4.99,4.73,4.59,4.61,4.58,4.92,4.73,2023-11-10,83.8,-0.0007271303841361216,-0.008823504009409537,175.566,177.826,0.028604316546762654,0.010584986577439143,69.09604519774004,stable,307.696,63.8,0.0
2023-10-17,177.15,57549350.0,131.47,49344550.0,139.72,23515780.0,332.06,18338520.0,324.0,16387800.0,43.94,812332700.0,67.9,4220108.0,111.39,19775440.0,167.59,7538316.0,151.34,1991376.0,113.91,2471913.0,130.72,2277867.0,13.84,10419400.0,125.46,4213810.0,10/12/2023,5.61,5.59,5.63,5.63,5.58,5.43,5.06,4.82,4.69,4.73,4.7,5.05,4.86,2023-11-13,86.04,-0.008823504009409537,-0.007422340656169735,175.47,177.792,0.027552204176334083,0.01067154914005029,68.94024802705746,stable,307.696,63.8,0.0
2023-10-18,175.84,54764380.0,128.13,42699480.0,137.96,23375000.0,330.11,23153600.0,316.97,16851000.0,42.2,627294300.0,66.89,3434594.0,112.95,23380270.0,168.92,6893452.0,153.99,2215720.0,116.25,3249740.0,134.03,3780419.0,13.93,9161642.0,126.59,4781897.0,10/13/2023,5.6,5.58,5.62,5.62,5.57,5.41,5.04,4.8,4.65,4.66,4.63,4.97,4.78,2023-11-14,83.03,-0.007422340656169735,-0.002163393955073432,175.4875,177.71280000000002,0.012553265000575964,0.009778152833351378,63.70409792442786,stable,307.696,63.8,0.0
2023-10-19,175.46,59302860.0,128.4,60961360.0,137.75,26066010.0,331.32,25052070.0,312.81,18709160.0,42.1,501233100.0,67.03,4750767.0,113.02,20972490.0,169.1,6580157.0,152.84,1906622.0,115.19,2091534.0,132.42,2998627.0,14.03,11674920.0,126.38,4491345.0,10/16/2023,5.57,5.58,5.61,5.63,5.58,5.42,5.09,4.87,4.72,4.74,4.71,5.06,4.87,2023-11-15,81.64,-0.002163393955073432,-0.014813384501607393,175.564,177.6582,0.0031444743010691223,0.00956404200261037,61.39410187667559,stable,307.696,63.8,0.0
2023-10-20,172.88,64244030.0,125.17,56406410.0,135.6,26335670.0,326.67,25027720.0,308.65,22312280.0,41.39,477266100.0,65.91,4617030.0,111.08,22445270.0,166.83,7458286.0,150.86,2478896.0,113.54,2667169.0,131.18,3075851.0,14.0,9847453.0,124.06,5289405.0,10/17/2023,5.58,5.58,5.62,5.64,5.6,5.48,5.19,5.01,4.86,4.88,4.83,5.14,4.94,2023-11-16,81.05,-0.014813384501607393,0.0006938822991483712,175.4685,177.5564,-0.025973294270099756,0.010080869093671537,47.67255216693419,stable,307.696,63.8,0.0
2023-10-23,173.0,55980110.0,126.56,48259950.0,136.5,26317930.0,329.32,24374750.0,314.01,17796790.0,42.98,478530500.0,65.54,2945050.0,109.45,18184950.0,160.68,16232380.0,149.45,2422736.0,113.05,2463535.0,130.73,2748975.0,13.78,17909160.0,121.34,5969409.0,10/18/2023,5.57,5.56,5.61,5.62,5.58,5.47,5.19,5.03,4.92,4.95,4.91,5.2,5.0,2023-11-17,83.04,0.0006938822991483712,0.002540123753502385,175.3145,177.46059999999997,-0.03346555673501317,0.00991472170089218,51.71821305841923,stable,307.696,63.8,0.0
2023-10-24,173.44,43816640.0,128.56,46477360.0,138.81,44814320.0,330.53,31153570.0,312.55,19525490.0,43.66,401463400.0,66.95,4078472.0,108.39,16786110.0,156.65,17689940.0,148.63,1759134.0,111.93,2331660.0,128.8,2913443.0,13.75,13190330.0,119.95,4664482.0,10/19/2023,5.58,5.57,5.6,5.62,5.56,5.44,5.14,5.01,4.95,5.0,4.98,5.3,5.11,2023-11-20,81.19,0.002540123753502385,-0.013583537353133628,175.3885,177.3402,-0.02774819216323776,0.008352447784303812,49.338942307692314,stable,307.696,63.8,0.0
2023-10-25,171.1,57156960.0,121.39,74577540.0,125.61,84366210.0,340.67,55053830.0,299.53,42192470.0,41.78,398379200.0,66.34,4581168.0,108.59,22047320.0,155.87,10502370.0,147.35,2479483.0,110.74,2581248.0,126.86,3056167.0,13.69,12853660.0,120.41,5010668.0,10/20/2023,5.56,5.56,5.58,5.61,5.54,5.41,5.07,4.93,4.86,4.93,4.93,5.27,5.09,2023-11-21,81.54,-0.013583537353133628,-0.024913268142836346,175.422,177.2132,-0.048387096774193616,0.008684665803509758,39.255499153976345,stable,307.696,63.8,0.0
2023-10-26,166.89,70625260.0,119.57,100419500.0,122.28,57061140.0,327.89,37828540.0,288.35,66684140.0,40.33,541001300.0,64.51,4406117.0,107.6,18768290.0,154.75,10830420.0,148.06,2929297.0,110.1,3517855.0,125.36,3992585.0,13.57,17311370.0,118.31,6066469.0,10/23/2023,5.57,5.57,5.58,5.59,5.56,5.42,5.05,4.89,4.81,4.87,4.86,5.19,5.01,2023-11-22,77.96,-0.024913268142836346,0.007937733778979876,175.232,177.0196,-0.07647612196336684,0.010328340006970044,22.623966942148797,stable,307.696,63.8,0.0
2023-10-27,168.22,58499130.0,127.74,125309300.0,122.17,44566510.0,329.81,29856520.0,296.73,29596260.0,40.5,416784400.0,65.96,5273279.0,105.55,23092020.0,144.35,24524340.0,146.0,3524323.0,110.93,5214890.0,123.56,3674533.0,13.11,14927930.0,117.8,5312460.0,10/24/2023,5.57,5.57,5.58,5.6,5.57,5.41,5.02,4.91,4.82,4.86,4.83,5.15,4.96,2023-11-23,75.85,0.007937733778979876,0.012230219504221885,175.0825,176.90400000000002,-0.0594352809616997,0.010489083688274194,21.93850964043783,stable,307.696,63.8,0.0
2023-10-30,170.29,51130960.0,132.71,72485540.0,124.46,28940080.0,337.31,22828080.0,302.66,28435050.0,41.16,388028100.0,66.43,3741991.0,105.88,19379920.0,146.09,13857150.0,146.86,2949028.0,112.44,3194635.0,124.24,2925365.0,13.15,15203850.0,118.14,5830549.0,10/25/2023,5.56,5.57,5.59,5.61,5.57,5.43,5.08,4.98,4.89,4.98,4.95,5.27,5.09,11/24/2023,76.34,0.012230219504221885,0.002814755860634412,174.9095,176.82,-0.047168755595344725,0.010306850171043297,30.396902226524745,stable,307.696,63.8,0.0
2023-10-31,170.77,44846020.0,133.09,51589380.0,124.08,26292340.0,338.11,20265280.0,301.27,19434170.0,40.78,517968700.0,66.91,3114202.0,105.85,22185150.0,145.73,14261260.0,151.25,4139714.0,114.07,3618684.0,127.0,3914769.0,13.15,17451730.0,118.8,4504952.0,10/26/2023,5.57,5.57,5.59,5.6,5.55,5.39,5.02,4.89,4.79,4.86,4.86,5.19,5.01,2023-11-28,78.86,0.002814755860634412,0.018565248657311163,174.828,176.7186,-0.03601467682754722,0.010211424392272685,27.116066903193158,stable,307.696,63.8,0.0
2023-11-01,173.97,56934910.0,137.0,61529410.0,126.45,30082440.0,346.07,28158820.0,311.85,20434580.0,42.33,437592900.0,68.67,3407637.0,105.64,28984870.0,143.98,10819560.0,155.21,4023244.0,116.09,3343079.0,127.73,3741669.0,13.15,19117140.0,116.67,8350870.0,10/27/2023,5.57,5.57,5.59,5.6,5.55,5.39,4.99,4.84,4.76,4.83,4.84,5.19,5.03,2023-11-29,78.9,0.018565248657311163,0.020482026814284352,174.8435,176.6534,-0.010634667879890869,0.010947685695272756,34.69573115349682,stable,308.148,61.3,0.0
2023-11-02,177.57,77334750.0,138.07,52236690.0,127.49,27124650.0,348.32,24348070.0,310.87,21631820.0,43.51,409171900.0,68.65,3747186.0,109.11,25212690.0,148.76,11099080.0,155.77,3828353.0,118.12,2566872.0,128.96,3569486.0,13.64,27661400.0,122.02,9068754.0,10/30/2023,5.56,5.57,5.6,5.61,5.53,5.41,5.03,4.87,4.8,4.88,4.88,5.21,5.04,2023-11-30,77.15,0.020482026814284352,-0.005194523565589096,174.97650000000002,176.58239999999998,0.012025532884987866,0.0117742500286329,47.30639730639731,stable,308.148,61.3,0.0
2023-11-03,176.65,79829250.0,138.6,44059810.0,129.1,26393110.0,352.8,23637670.0,314.6,16764320.0,45.01,424609600.0,69.51,3924642.0,107.78,30555550.0,147.61,13159990.0,150.78,3275872.0,116.79,2524985.0,126.43,3297755.0,13.66,16727690.0,119.75,5935585.0,10/31/2023,5.56,5.57,5.59,5.61,5.54,5.44,5.07,4.9,4.82,4.89,4.88,5.21,5.04,2023-12-01,73.5,-0.005194523565589096,0.014499523438351727,174.9345,176.58780000000002,0.02180703378065707,0.011371398912903062,45.78411405295318,stable,308.148,61.3,0.0
2023-11-06,179.23,63841310.0,139.74,44970420.0,130.25,19052740.0,356.53,23828300.0,315.8,12887700.0,45.75,400733400.0,71.97,6350272.0,105.87,19097270.0,147.0,10634160.0,149.92,2427680.0,116.85,2484723.0,125.82,2073056.0,13.51,16901740.0,118.47,4611040.0,11/01/2023,5.56,5.55,5.57,5.54,5.51,5.37,4.95,4.76,4.67,4.75,4.77,5.13,4.96,2023-12-04,76.47,0.014499523438351727,0.014347289450206285,174.94650000000001,176.6002,0.03601156069364153,0.011691908354581613,54.06885758998432,stable,308.148,61.3,0.0
2023-11-07,181.82,70529970.0,142.71,53553540.0,130.97,29757280.0,360.53,25833930.0,318.82,14055610.0,45.96,343165500.0,71.61,5657491.0,104.21,20272490.0,144.41,15054580.0,146.16,2843250.0,113.86,2180700.0,123.05,2641455.0,13.31,13644160.0,115.25,5490996.0,11/02/2023,5.52,5.56,5.54,5.53,5.5,5.38,4.98,4.78,4.65,4.68,4.67,4.99,4.82,2023-12-05,78.1,0.014347289450206285,0.005867692522772056,175.118,176.63279999999997,0.048316420664206605,0.012082692931348431,61.140089418777926,stable,308.148,61.3,0.0
2023-11-08,182.89,49340280.0,142.08,44521660.0,131.84,26425850.0,363.2,26767830.0,319.78,13609700.0,46.57,346718900.0,72.48,3526275.0,102.93,19184070.0,142.4,12654140.0,143.5,2949816.0,111.81,2898607.0,121.58,3278182.0,13.07,14730540.0,114.45,5884491.0,11/03/2023,5.53,5.56,5.53,5.5,5.45,5.29,4.83,4.62,4.49,4.55,4.57,4.93,4.77,2023-12-06,78.35,0.005867692522772056,-0.0026279785176610655,175.2725,176.6082,0.06890707188778489,0.012030448731778061,63.4943697784235,stable,308.148,61.3,0.0
2023-11-09,182.41,53763540.0,140.6,36235370.0,130.24,23747770.0,360.69,24847330.0,320.55,16103070.0,46.95,540496000.0,72.24,3555690.0,102.96,18380540.0,141.94,10359500.0,141.8,2297464.0,110.63,1802213.0,119.92,2553262.0,13.02,11547330.0,114.15,4306290.0,11/06/2023,5.53,5.56,5.56,5.49,5.47,5.33,4.93,4.72,4.6,4.66,4.67,5.0,4.84,2023-12-07,76.8,-0.0026279785176610655,0.021638001552667766,175.35750000000002,176.5034,0.09299538618251546,0.012011959078524658,68.7377113645301,stable,308.148,61.3,0.0
2023-11-10,186.4,66177920.0,143.56,49349940.0,132.59,26927830.0,369.67,28065160.0,328.77,19116920.0,48.34,422441600.0,73.5,2560282.0,103.75,17831340.0,142.95,11990410.0,145.13,2377760.0,113.44,2429424.0,122.67,2966380.0,13.14,9618457.0,115.61,4603092.0,11/07/2023,5.53,5.56,5.55,5.48,5.47,5.33,4.91,4.64,4.53,4.58,4.58,4.91,4.75,2023-12-11,74.83,0.021638001552667766,-0.008620743043906975,175.735,176.47400000000002,0.10807276185946968,0.01261060767647683,72.86689419795223,stable,308.148,61.3,0.0
2023-11-13,184.8,43627520.0,142.59,35680570.0,132.09,18324750.0,366.68,19986510.0,329.19,16908950.0,48.62,384135700.0,73.77,3234680.0,104.84,15308380.0,144.0,8747672.0,146.76,2400900.0,114.15,1487894.0,124.27,2831893.0,13.19,12451660.0,115.36,3225900.0,11/08/2023,5.52,5.54,5.54,5.49,5.46,5.34,4.93,4.65,4.51,4.54,4.49,4.82,4.64,2023-12-12,74.46,-0.008620743043906975,0.014184634991956381,176.039,176.3808,0.08520758705737275,0.012824385066369596,68.64740643466845,stable,308.148,61.3,0.0
2023-11-14,187.44,60108380.0,145.8,56674550.0,133.62,32395180.0,370.27,27683860.0,336.31,17179400.0,49.66,416953900.0,73.89,5171966.0,104.29,18260520.0,145.05,11224350.0,150.67,2986441.0,115.02,2407969.0,126.08,2847491.0,13.31,9906609.0,115.54,5421704.0,11/09/2023,5.53,5.56,5.54,5.5,5.46,5.39,5.03,4.77,4.65,4.68,4.62,4.97,4.77,2023-12-13,76.09,0.014184634991956381,0.0030363587051535548,176.55349999999999,176.3356,0.09761667740235391,0.012865175546707434,76.56046814044217,stable,308.148,61.3,0.0
2023-11-15,188.01,53790500.0,143.2,63875720.0,134.62,23861520.0,369.67,26860100.0,332.71,14531180.0,48.89,475497400.0,72.94,5266956.0,103.66,20137560.0,145.56,10052080.0,150.33,3226651.0,115.49,3203544.0,126.7,3239145.0,13.36,9034093.0,115.03,4733260.0,11/10/2023,5.53,5.55,5.53,5.47,5.46,5.38,5.04,4.8,4.65,4.68,4.61,4.93,4.73,2023-12-14,77.56,0.0030363587051535548,0.009001437459760396,177.162,176.43760000000003,0.08070356958096214,0.012637349279310171,88.93805309734522,stable,308.148,61.3,0.0
2023-11-16,189.71,54412920.0,142.83,49653510.0,136.93,28013180.0,376.17,27182320.0,334.19,18932570.0,49.48,339756200.0,72.54,4044292.0,102.46,22469070.0,141.77,14031350.0,145.1,3494230.0,113.53,4559639.0,121.92,3365841.0,13.18,16412830.0,111.99,6733326.0,11/13/2023,5.53,5.55,5.55,5.49,5.48,5.37,5.02,4.8,4.66,4.69,4.63,4.95,4.75,2023-12-15,75.66,0.009001437459760396,-0.00010542962582250905,177.8745,176.68060000000003,0.0683674044038971,0.01262776072583745,89.08694070571126,stable,308.148,61.3,0.0
2023-11-17,189.69,50941400.0,145.18,49678440.0,135.31,37287690.0,369.85,40325370.0,335.04,14519210.0,49.3,325896900.0,73.6,4052671.0,104.96,22991820.0,144.46,11077900.0,147.9,3453121.0,116.37,3354387.0,124.11,3132772.0,13.52,15026000.0,114.59,5799107.0,11/14/2023,5.52,5.55,5.52,5.45,5.41,5.24,4.8,4.56,4.42,4.45,4.44,4.8,4.61,2023-12-18,73.7,-0.00010542962582250905,0.00923551718467184,178.715,176.91080000000002,0.07381828474384378,0.011886872999650359,88.12893081761013,stable,308.148,61.3,0.0
2023-11-20,191.45,46538610.0,146.13,41978770.0,136.25,27850760.0,377.44,52528960.0,339.97,16976130.0,50.41,416142600.0,73.36,3241972.0,104.5,17464020.0,144.38,8064012.0,148.99,2387198.0,118.11,2877278.0,124.73,2324620.0,13.56,13481170.0,115.39,4046639.0,11/15/2023,5.52,5.54,5.53,5.46,5.41,5.27,4.9,4.68,4.52,4.56,4.53,4.87,4.68,2023-12-19,72.73,0.00923551718467184,-0.0042398451328168225,179.6375,177.15259999999998,0.06818055013111635,0.01189108865244143,88.6976047904192,stable,308.148,61.3,0.0
2023-11-21,190.64,38134490.0,143.9,71225990.0,136.97,22635270.0,373.07,28423150.0,336.98,12027860.0,49.94,565746900.0,73.62,3737309.0,104.46,14988980.0,144.04,6783311.0,147.63,1926801.0,117.41,2039391.0,123.17,2369905.0,13.7,13384890.0,115.17,3720155.0,11/16/2023,5.53,5.55,5.51,5.46,5.38,5.23,4.83,4.59,4.43,4.47,4.45,4.82,4.63,2023-12-20,71.95,-0.0042398451328168225,0.0035083162048033414,180.4975,177.43940000000003,0.04850951490485089,0.012062321343968839,84.2581175503494,stable,308.148,61.3,0.0
2023-11-22,191.31,39630010.0,146.71,45700000.0,138.49,17820460.0,377.85,23361180.0,341.49,10715180.0,48.72,900642300.0,74.68,3522211.0,104.01,18073240.0,144.33,7217065.0,149.21,2422667.0,118.01,2211968.0,125.36,2631263.0,13.74,7590010.0,114.85,4559075.0,11/17/2023,5.52,5.54,5.5,5.42,5.39,5.24,4.88,4.64,4.45,4.47,4.44,4.8,4.59,2023-12-21,68.98,0.0035083162048033414,-0.007028984038332228,181.50799999999998,177.7814,0.04603860243862434,0.011276592741928472,82.10280373831782,stable,308.148,61.3,0.0
2023-11-24,189.97,24048340.0,146.74,22378380.0,136.69,12514320.0,377.43,10176650.0,338.23,5467488.0,47.78,294644600.0,74.41,1695892.0,104.57,9480768.0,144.9,3861030.0,149.5,1264258.0,118.63,1173601.0,124.96,1204878.0,13.72,5206660.0,115.49,2159208.0,11/20/2023,5.53,5.55,5.54,5.46,5.43,5.25,4.89,4.62,4.44,4.46,4.42,4.74,4.57,2023-12-22,69.0,-0.007028984038332228,-0.0009479672081294751,182.662,178.06599999999997,0.04144509621183046,0.009259817066372878,80.5224564619615,stable,308.148,61.3,0.0
2023-11-27,189.79,40552610.0,147.73,53762430.0,136.41,23436530.0,378.61,22179230.0,334.7,15684450.0,48.24,395661900.0,74.46,3686196.0,103.96,18013520.0,144.36,9850831.0,150.55,2178824.0,118.33,2447213.0,125.61,2454979.0,13.67,10304660.0,114.8,5289707.0,11/21/2023,5.52,5.54,5.53,5.45,5.42,5.24,4.86,4.6,4.41,4.44,4.41,4.75,4.57,2023-12-25,70.87,-0.0009479672081294751,0.0032089246084366536,183.7405,178.3616,0.01818669527896999,0.009398154543610648,77.18846549948506,stable,308.148,61.3,0.0
2023-11-28,190.4,38415420.0,147.03,42711680.0,137.2,18730030.0,382.7,20453110.0,338.99,12637250.0,47.82,401490900.0,74.03,3126675.0,103.9,20629510.0,145.51,9746540.0,149.99,2465065.0,118.0,1926431.0,125.24,2045460.0,13.67,8347721.0,114.98,3469209.0,11/22/2023,5.54,5.55,5.54,5.47,5.42,5.26,4.89,4.62,4.44,4.46,4.42,4.73,4.55,2023-12-26,70.95,0.0032089246084366536,-0.005424349082451199,184.746,178.6102,0.030303030303030276,0.009301014424483733,74.59862385321101,stable,308.148,61.3,0.0
2023-11-29,189.37,43014220.0,146.32,40610910.0,134.99,23967220.0,378.85,28963400.0,332.2,16024500.0,48.14,382004700.0,75.06,5427845.0,102.34,26802090.0,143.91,16417140.0,147.42,2936142.0,122.22,6873919.0,124.08,3180533.0,13.68,12242400.0,113.97,6065301.0,11/24/2023,5.55,5.56,5.54,5.48,5.45,5.27,4.92,4.67,4.49,4.51,4.47,4.79,4.6,2023-12-27,68.27,-0.005424349082451199,0.0030581063588208724,185.676,178.81620000000004,0.010296628254374829,0.009607408005955881,68.62068965517243,stable,308.148,61.3,0.0
2023-11-30,189.95,48794370.0,146.09,65814020.0,132.53,38988260.0,378.91,30554420.0,327.15,23146390.0,46.77,526246600.0,75.87,10519940.0,102.74,29254690.0,143.6,16275960.0,149.19,5973467.0,128.89,9147416.0,125.36,4460737.0,13.89,16928690.0,115.57,10242740.0,11/27/2023,5.54,5.54,5.49,5.47,5.45,5.24,4.84,4.6,4.38,4.43,4.39,4.72,4.53,2023-12-28,69.09,0.0030581063588208724,0.006768304124268134,186.475,179.10539999999997,0.010318600074464168,0.009080703347264301,71.54285714285709,stable,308.148,61.3,0.0
2023-12-01,191.24,45704820.0,147.03,39951830.0,131.86,31442260.0,374.51,33040470.0,324.82,15276380.0,46.77,369317000.0,71.93,14361160.0,102.99,17845280.0,144.81,11906550.0,151.42,3124568.0,129.7,4757297.0,126.38,2516478.0,13.89,11397460.0,115.23,4675800.0,11/28/2023,5.53,5.53,5.47,5.45,5.42,5.21,4.73,4.49,4.29,4.36,4.34,4.7,4.52,2023-12-29,71.21,0.006768304124268134,-0.009509620617715183,187.1585,179.45159999999998,0.008064941226081812,0.008284833847838199,66.35135135135133,stable,308.741,69.7,0.0
2023-12-04,189.43,43389520.0,144.84,48294240.0,129.27,36669880.0,369.14,32063310.0,320.02,19037080.0,45.51,437543400.0,69.32,7444068.0,102.43,21523940.0,144.87,11842830.0,151.39,3075239.0,128.44,4842966.0,126.46,2960032.0,13.89,8740471.0,114.53,4824795.0,11/29/2023,5.53,5.52,5.45,5.48,5.38,5.12,4.64,4.4,4.22,4.28,4.27,4.62,4.44,2024-01-01,71.05,-0.009509620617715183,0.020844427148629722,187.79749999999999,179.74439999999998,-0.0013706573883704998,0.00857981836786832,65.42305129913385,stable,308.741,69.7,0.0
2023-12-05,193.42,66628400.0,146.88,46822410.0,130.99,27384780.0,372.52,23065040.0,318.29,16952130.0,46.57,371717600.0,69.29,4977393.0,100.44,22250250.0,142.86,9597632.0,148.92,2761282.0,127.7,3484550.0,125.65,3128594.0,13.76,10473480.0,113.14,5821399.0,11/30/2023,5.56,5.54,5.45,5.49,5.38,5.16,4.73,4.48,4.31,4.38,4.37,4.72,4.54,2024-01-02,72.16,0.020844427148629722,-0.005703338941974386,188.507,180.0912,0.010289892922433985,0.009109205339106181,68.27628361858183,stable,308.741,69.7,0.0
2023-12-06,192.32,41089740.0,144.52,39678960.0,130.02,23576180.0,368.8,21182070.0,317.45,11294340.0,45.5,380589600.0,67.63,5260180.0,99.11,31154790.0,142.53,18079680.0,143.18,4039855.0,125.0,2952137.0,122.73,3454113.0,13.48,16251390.0,110.52,7489627.0,12/01/2023,5.55,5.53,5.43,5.45,5.33,5.05,4.56,4.31,4.14,4.22,4.22,4.58,4.4,2024-01-03,73.23,-0.005703338941974386,0.01008829270384663,189.032,180.4984,0.008812421317666796,0.008991021066059134,62.75902901124923,stable,308.741,69.7,0.0
2023-12-07,194.27,47477660.0,146.88,52352830.0,136.93,56767100.0,370.95,23118860.0,326.59,15905080.0,46.6,350822600.0,68.59,5460703.0,98.42,29990730.0,142.42,14786740.0,141.58,3606635.0,124.62,3702197.0,122.07,3277746.0,13.33,14133920.0,110.85,5816770.0,12/04/2023,5.55,5.53,5.46,5.47,5.41,5.1,4.64,4.4,4.23,4.3,4.28,4.61,4.43,2024-01-04,73.87,0.01008829270384663,0.007385027666188418,189.601,180.9752,0.01547227013747321,0.009115308077278323,63.30221703617267,stable,308.741,69.7,0.0
2023-12-08,195.71,53406360.0,147.42,41905970.0,134.99,32260110.0,374.23,20154370.0,332.75,14087350.0,47.51,359223700.0,68.7,3003413.0,99.55,22074950.0,144.31,10821740.0,143.02,3092155.0,125.32,4102731.0,122.74,2176131.0,13.3,17627720.0,112.07,5713905.0,12/05/2023,5.54,5.51,5.45,5.46,5.37,5.06,4.57,4.33,4.14,4.2,4.18,4.48,4.3,2024-01-05,73.59,0.007385027666188418,-0.01301157496572789,190.266,181.47560000000001,0.030215297152182075,0.009063706567179386,66.21767241379311,stable,308.741,69.7,0.0
2023-12-11,193.18,60943700.0,145.89,50907290.0,133.29,31138010.0,371.3,27708760.0,325.28,25802460.0,46.63,509728100.0,69.24,3945464.0,99.62,22252250.0,144.35,9849572.0,143.85,3017797.0,126.41,2976836.0,123.48,3293457.0,13.27,18194450.0,112.16,7250110.0,12/06/2023,5.54,5.5,5.45,5.47,5.38,5.07,4.6,4.33,4.12,4.16,4.12,4.4,4.22,2024-01-08,73.29,-0.01301157496572789,0.007888875376379983,190.605,181.915,0.017861847304916134,0.008723189430511147,54.47490946714955,stable,308.741,69.7,0.0
2023-12-12,194.71,52696900.0,147.48,44944260.0,132.52,29032830.0,374.38,24838250.0,334.22,18485460.0,47.66,372386900.0,69.99,3436413.0,98.05,26083960.0,142.5,9863867.0,143.37,2930267.0,125.22,3484854.0,120.9,4041742.0,13.25,12860420.0,111.06,6888838.0,12/07/2023,5.53,5.54,5.44,5.47,5.36,5.05,4.58,4.31,4.11,4.16,4.14,4.42,4.25,2024-01-10,75.84,0.007888875376379983,0.016553717956155536,191.1005,182.3342,0.02263655462184877,0.008463826066193109,60.14962593516212,stable,308.741,69.7,0.0
2023-12-13,197.96,70404180.0,148.84,52766200.0,132.57,30104780.0,374.37,30955530.0,334.74,16353320.0,48.09,447791900.0,69.87,4234223.0,98.92,19915440.0,144.61,10641320.0,146.66,3457513.0,127.16,3054796.0,124.8,4238393.0,13.53,16577880.0,111.85,8570114.0,12/08/2023,5.54,5.53,5.44,5.49,5.39,5.13,4.71,4.45,4.24,4.28,4.23,4.49,4.31,2024-01-11,74.31,0.016553717956155536,0.0007574419025498934,191.62650000000002,182.84539999999998,0.04536093362200977,0.008648870802709386,64.69288555015466,stable,308.741,69.7,0.0
2023-12-14,198.11,66831570.0,147.42,58400850.0,131.94,38722410.0,365.93,43277460.0,333.17,19607340.0,48.35,391231700.0,72.43,7684324.0,101.58,26165650.0,149.93,14960480.0,150.89,3559776.0,130.11,4260304.0,129.18,4415302.0,13.76,19439000.0,114.95,11490420.0,12/11/2023,5.55,5.54,5.47,5.48,5.4,5.14,4.71,4.42,4.25,4.27,4.23,4.51,4.32,2024-01-12,72.02,0.0007574419025498934,-0.0027294800609216695,192.13150000000002,183.3344,0.042958673335088404,0.0086596317709777,68.98320895522389,stable,308.741,69.7,0.0
2023-12-15,197.57,128538400.0,149.97,110089300.0,132.6,50847110.0,370.73,78502320.0,334.92,31776850.0,48.89,479947600.0,71.62,5539384.0,100.9,55527020.0,149.35,30850870.0,148.38,12266880.0,129.87,9648402.0,128.57,9641837.0,13.71,88401750.0,114.54,30860370.0,12/12/2023,5.53,5.53,5.46,5.48,5.41,5.14,4.73,4.42,4.23,4.24,4.2,4.48,4.3,2024-01-15,71.89,-0.0027294800609216695,-0.00853967473000472,192.5245,183.7876,0.03309976992261032,0.008601479031433054,67.84403669724767,stable,308.741,69.7,0.0
2023-12-18,195.89,55751860.0,154.07,62512830.0,135.8,32257970.0,372.65,21802880.0,344.62,18993850.0,50.08,412587200.0,73.37,4810275.0,101.65,21610430.0,149.68,11561720.0,151.81,3307387.0,131.3,2987703.0,131.92,3621111.0,13.85,16701110.0,114.9,7000685.0,12/13/2023,5.52,5.52,5.44,5.45,5.33,4.94,4.46,4.18,4.0,4.04,4.04,4.36,4.19,2024-01-17,70.62,-0.00853967473000472,0.005345836624347039,192.8345,184.15560000000002,0.034102306920762215,0.008912798190107556,62.00262352426754,stable,308.741,69.7,0.0
2023-12-19,196.94,40714050.0,153.79,43171290.0,136.65,25476750.0,373.26,20603660.0,350.36,17729360.0,49.6,464444500.0,73.53,2684002.0,102.99,18904660.0,151.64,8738146.0,153.77,2584131.0,133.8,2873140.0,133.6,3741345.0,13.87,14894220.0,116.49,6379264.0,12/14/2023,5.54,5.54,5.43,5.45,5.31,4.9,4.37,4.09,3.9,3.93,3.92,4.21,4.03,2024-01-18,72.97,0.005345836624347039,-0.010771730361860072,193.10899999999998,184.5146,0.018198738496536082,0.008779036653459502,66.53560506771512,stable,308.741,69.7,0.0
2023-12-20,194.83,52242820.0,152.12,50322110.0,138.34,49107180.0,370.62,26316650.0,349.28,16369850.0,48.11,397894400.0,72.42,4336856.0,101.27,20988860.0,150.25,9369987.0,153.63,3166098.0,134.07,3365745.0,132.54,4492232.0,13.72,12308410.0,116.69,7767197.0,12/15/2023,5.54,5.54,5.44,5.47,5.33,4.95,4.44,4.13,3.91,3.94,3.91,4.19,4.0,2024-01-19,72.38,-0.010771730361860072,-0.0007701984925423142,193.3185,184.8434,0.013051164725457642,0.009115475705290388,59.99180999181003,stable,308.741,69.7,0.0
2023-12-21,194.68,46482550.0,153.84,36305730.0,140.42,27488280.0,373.54,17708010.0,354.09,15289560.0,48.99,300425400.0,75.32,4381829.0,101.73,19250930.0,150.71,7264662.0,152.66,2064789.0,134.29,3235165.0,131.92,2977065.0,13.79,12442550.0,116.83,4149328.0,12/18/2023,5.52,5.52,5.46,5.47,5.36,4.95,4.43,4.15,3.94,3.97,3.95,4.23,4.05,2024-01-22,74.0,-0.0007701984925423142,-0.005563010122776955,193.48700000000002,185.141,0.0021104648170071627,0.009105861081341633,57.38831615120273,stable,308.741,69.7,0.0
2023-12-22,193.6,37149570.0,153.42,29514090.0,141.49,26532200.0,374.58,17107480.0,353.39,11772780.0,48.83,252506800.0,75.71,4244001.0,101.91,12927830.0,151.05,6396080.0,150.87,2121418.0,134.06,1402176.0,132.2,2279046.0,13.76,10863440.0,117.66,4299453.0,12/19/2023,5.51,5.51,5.43,5.45,5.35,4.93,4.41,4.15,3.94,3.96,3.93,4.23,4.03,2024-01-23,71.06,-0.005563010122776955,-0.0028449521322311392,193.6685,185.39880000000002,-0.010781257983751513,0.00904459866944629,59.24611973392457,stable,308.741,69.7,0.0
2023-12-26,193.05,28919310.0,153.41,25067220.0,141.52,16780330.0,374.66,12673050.0,354.83,9898614.0,49.28,244199500.0,77.0,3001170.0,102.14,16835140.0,152.41,5165588.0,152.08,1525456.0,135.72,1542454.0,133.19,1807112.0,13.78,8329430.0,119.02,2893651.0,12/20/2023,5.5,5.49,5.44,5.45,5.33,4.88,4.34,4.06,3.86,3.88,3.86,4.17,3.98,2024-01-24,72.43,-0.0028449521322311392,0.000517866402044983,193.8315,185.6828,-0.0006729475100941684,0.009075404398390347,49.03192046049195,stable,308.741,69.7,1.0
2023-12-27,193.15,48087680.0,153.34,31434730.0,140.37,19628620.0,374.07,14905410.0,357.83,13207930.0,49.42,233648000.0,77.26,2050387.0,101.66,14558830.0,151.91,5337244.0,149.88,1712705.0,134.7,1798972.0,131.82,1358141.0,13.79,7362618.0,118.49,3441412.0,12/21/2023,5.54,5.53,5.42,5.45,5.31,4.84,4.33,4.06,3.87,3.91,3.89,4.19,4.03,2024-01-25,71.57,0.000517866402044983,0.002223774608652289,193.969,185.97140000000002,-0.00801191515587285,0.009058547523849417,52.291551628934315,stable,308.741,69.7,0.0
2023-12-28,193.58,34049900.0,153.38,27057000.0,140.23,16045710.0,375.28,14327010.0,358.32,11798810.0,49.52,246587500.0,76.68,1546653.0,100.19,16329250.0,149.77,8147993.0,146.88,2372470.0,132.84,1827485.0,130.09,1661194.0,13.77,8742542.0,116.5,3711359.0,12/22/2023,5.54,5.52,5.44,5.45,5.31,4.82,4.31,4.04,3.87,3.92,3.9,4.21,4.05,2024-01-26,72.15,0.002223774608652289,-0.005438877979698404,194.17950000000002,186.3,-0.02212568195595066,0.008946383916333346,47.92043399638337,stable,308.741,69.7,0.0
2023-12-29,192.53,42672150.0,151.94,39823200.0,139.69,18733020.0,376.04,18730840.0,353.96,14987090.0,49.52,389293300.0,76.5,2293493.0,99.98,17746410.0,149.16,7658638.0,148.36,2507120.0,133.14,2024084.0,130.0,1964013.0,13.8,9414379.0,116.07,3643582.0,12/26/2023,5.53,5.52,5.45,5.44,5.28,4.83,4.26,4.05,3.89,3.91,3.89,4.2,4.04,2024-01-29,72.94,-0.005438877979698404,-0.036442671368269126,194.3085,186.63379999999998,-0.028166170309424143,0.00904963100858505,40.18518518518519,stable,308.741,69.7,0.0
2024-01-02,185.64,82488670.0,149.93,47339420.0,138.17,23711220.0,370.87,25258630.0,346.29,19042150.0,48.17,411254200.0,74.79,2955102.0,102.36,23483050.0,149.48,8879710.0,152.36,3187634.0,134.29,2500499.0,130.66,2638194.0,13.88,12487020.0,117.59,4688408.0,12/27/2023,5.55,5.53,5.44,5.42,5.26,4.79,4.2,3.97,3.78,3.81,3.79,4.1,3.95,2024-01-31,72.63,-0.036442671368269126,-0.0075157833035290516,194.02849999999998,186.8374,-0.06038366148706786,0.012146508979871535,31.663424124513625,stable,309.698,79.0,0.0
2024-01-03,184.25,58414460.0,148.47,49425500.0,138.92,24212150.0,370.6,23083470.0,344.47,15451130.0,47.57,320896200.0,76.6,4194296.0,103.22,23490780.0,152.33,10255280.0,157.89,4674164.0,135.75,3094793.0,133.74,3078014.0,14.02,12412650.0,119.93,4882068.0,12/28/2023,5.57,5.55,5.45,5.42,5.28,4.82,4.26,4.02,3.83,3.84,3.84,4.14,3.98,2024-02-01,72.79,-0.0075157833035290516,-0.012781471795321235,193.7695,187.06480000000002,-0.05942110368063702,0.012085217004845866,24.38785504407447,stable,309.698,79.0,0.0
2024-01-04,181.91,71983570.0,144.57,56039810.0,136.39,27137740.0,367.94,20901500.0,347.12,12099900.0,48.0,306534900.0,75.97,3029462.0,102.32,19395150.0,150.66,8220280.0,153.4,4495841.0,135.28,3125400.0,130.31,2586462.0,13.87,14218690.0,116.48,5891538.0,12/29/2023,5.6,5.59,5.4,5.41,5.26,4.79,4.23,4.01,3.84,3.88,3.88,4.2,4.03,2024-02-02,74.32,-0.012781471795321235,-0.004021047032982936,193.19400000000002,187.24300000000002,-0.07631766020107644,0.011131053007093947,8.867247565351178,stable,309.698,79.0,0.0
2024-01-05,181.18,62379660.0,145.24,45153150.0,135.73,22513850.0,367.75,21004580.0,351.95,13750910.0,49.1,415039300.0,75.84,2951058.0,102.63,15827390.0,150.4,7455430.0,152.5,3373870.0,135.24,3126499.0,129.0,2958153.0,13.95,10435200.0,116.53,3984668.0,01/02/2024,5.55,5.54,5.46,5.41,5.24,4.8,4.33,4.09,3.93,3.95,3.95,4.25,4.08,2024-02-05,73.69,-0.004021047032982936,0.023887267642401212,192.637,187.39780000000002,-0.07006107888928814,0.011116433791212325,7.864609258337538,stable,309.698,79.0,0.0
2024-01-08,185.56,59144470.0,149.1,46757050.0,138.84,21403980.0,374.69,23133970.0,358.66,13890220.0,52.25,642509900.0,79.36,6552446.0,100.92,23370130.0,149.5,10038190.0,156.26,3108221.0,133.85,3636586.0,129.27,2756528.0,13.98,10525580.0,114.5,6769837.0,01/03/2024,5.54,5.54,5.48,5.41,5.25,4.81,4.33,4.07,3.9,3.92,3.91,4.21,4.05,2024-02-06,75.26,0.023887267642401212,-0.0022659842444777943,192.20149999999998,187.687,-0.04684610643106635,0.012332183420005331,24.905975762641063,stable,309.698,79.0,0.0
2024-01-09,185.14,42841810.0,151.37,43812570.0,140.95,24759600.0,375.79,20829950.0,357.43,13463870.0,53.14,773100100.0,77.11,4849080.0,99.67,19496650.0,145.7,11784670.0,154.31,2767893.0,133.21,2172650.0,127.17,2273329.0,14.0,10954140.0,112.76,5935592.0,01/04/2024,5.56,5.48,5.48,5.41,5.25,4.85,4.38,4.14,3.97,3.99,3.99,4.3,4.13,2024-02-07,74.72,-0.0022659842444777943,0.005655362068895832,191.673,188.05200000000002,-0.04369834710743803,0.012120537870179311,26.29025143361271,stable,309.698,79.0,0.0
2024-01-10,186.19,46792910.0,153.73,44421830.0,142.28,21320200.0,382.77,25514250.0,370.47,22117210.0,54.35,533795800.0,78.25,3054735.0,98.69,18206090.0,144.5,8490407.0,152.84,2327407.0,129.41,3619920.0,124.77,2714361.0,13.92,10322830.0,111.18,4445207.0,01/05/2024,5.54,5.48,5.47,5.41,5.24,4.84,4.4,4.17,4.02,4.04,4.05,4.37,4.21,2024-02-08,75.48,0.005655362068895832,-0.0032277181177477222,191.3235,188.4114,-0.03553483553483561,0.012009081213498205,26.29025143361271,stable,309.698,79.0,0.0
2024-01-11,185.59,49128410.0,155.18,49072690.0,142.08,24008720.0,384.63,27850850.0,369.67,17205390.0,54.82,596758800.0,79.71,4024026.0,98.67,15833360.0,145.28,8612493.0,155.39,2534121.0,130.28,3540003.0,128.0,2388126.0,13.92,14126230.0,111.0,4212627.0,01/08/2024,5.54,5.48,5.49,5.39,5.24,4.82,4.36,4.11,3.97,3.99,4.01,4.33,4.17,2024-02-09,77.91,-0.0032277181177477222,0.001776534073333066,190.8675,188.71740000000003,-0.03914056432824231,0.011790222447849887,28.166351606805293,stable,309.698,79.0,0.0
2024-01-12,185.92,40477780.0,154.62,40484160.0,142.65,18785510.0,388.47,21661150.0,374.49,19310050.0,54.71,352993600.0,79.31,4843533.0,99.95,18041680.0,147.27,9386923.0,157.46,2473635.0,132.87,2909875.0,131.5,3276282.0,14.01,9260754.0,111.7,5549817.0,01/09/2024,5.53,5.46,5.47,5.38,5.24,4.82,4.36,4.09,3.97,4.0,4.02,4.33,4.18,2024-02-12,78.45,0.001776534073333066,-0.012393610132458198,190.2655,189.0204,-0.039570203533423,0.010974855660941559,29.47516401124645,stable,309.698,79.0,0.0
2024-01-16,183.63,65603040.0,153.16,41384640.0,142.49,22670470.0,390.27,27202270.0,367.46,15306890.0,56.38,449579700.0,79.52,4348315.0,97.69,20235700.0,143.69,9380352.0,154.12,3267961.0,129.47,3169591.0,129.3,3519399.0,13.9,13438020.0,108.64,6677744.0,01/10/2024,5.53,5.46,5.46,5.39,5.23,4.82,4.37,4.1,3.99,4.01,4.04,4.35,4.2,2024-02-13,77.25,-0.012393610132458198,-0.005186875214289937,189.54149999999998,189.2136,-0.04622656209421916,0.011122194794131937,27.89356984478934,stable,309.698,79.0,0.0
2024-01-17,182.68,47317430.0,151.71,34953360.0,141.47,20968650.0,389.47,22234110.0,368.37,12724780.0,56.05,474394400.0,77.66,4928394.0,96.98,18384020.0,143.12,8167002.0,152.0,2691040.0,128.27,2437029.0,126.31,2764600.0,13.77,12963380.0,107.57,4864060.0,01/11/2024,5.54,5.47,5.46,5.38,5.22,4.75,4.26,4.02,3.9,3.95,3.98,4.32,4.18,2024-02-14,78.3,-0.005186875214289937,0.03205143604083493,188.797,189.31580000000002,-0.015944839474251182,0.011123378117389353,27.40740740740739,stable,309.698,79.0,0.0
2024-01-18,188.63,78005750.0,153.5,37850250.0,143.48,25746420.0,393.87,23392070.0,376.13,16354330.0,57.11,491650400.0,78.41,3076497.0,96.8,20940280.0,141.82,11187840.0,151.8,2722134.0,127.67,2337343.0,125.96,2565609.0,13.72,15555770.0,106.93,6150889.0,01/12/2024,5.55,5.47,5.45,5.37,5.16,4.65,4.14,3.92,3.84,3.91,3.96,4.32,4.2,2024-02-15,76.28,0.03205143604083493,0.015413651116775463,188.43400000000003,189.55539999999996,0.02377204884667572,0.013651503651826515,42.15277777777776,stable,309.698,79.0,0.0
2024-01-19,191.56,68902990.0,155.34,51651630.0,146.38,34271870.0,398.67,29331140.0,383.45,21670810.0,59.49,543501500.0,83.19,9448917.0,96.95,20088430.0,142.24,11192460.0,152.98,2492742.0,129.09,2880390.0,128.16,2964812.0,13.79,11278460.0,107.87,5702183.0,01/16/2024,5.54,5.47,5.45,5.37,5.18,4.7,4.22,4.02,3.95,4.01,4.07,4.43,4.3,2024-02-16,74.36,0.015413651116775463,0.012089912468505099,188.16500000000002,189.80200000000002,0.053048210653619865,0.014110212938665895,46.7731629392971,stable,309.698,79.0,0.0
2024-01-22,193.89,60133850.0,154.78,43687470.0,145.99,32200370.0,396.51,27016900.0,381.78,17680450.0,59.65,452954600.0,81.14,4248243.0,96.82,19955950.0,142.49,9184626.0,154.44,2661292.0,129.66,2307871.0,129.12,2903021.0,13.88,15926370.0,108.06,5740242.0,01/17/2024,5.54,5.47,5.47,5.4,5.2,4.8,4.34,4.12,4.02,4.07,4.1,4.42,4.31,2024-02-19,72.72,0.012089912468505099,0.006631221770401398,188.118,190.0434,0.07015123082017882,0.0142352220938303,52.08717004297113,stable,309.698,79.0,0.0
2024-01-23,195.18,42355590.0,156.02,37986040.0,147.04,21636130.0,398.9,20525880.0,385.2,15506100.0,59.87,294654500.0,82.43,2673329.0,97.91,15863430.0,142.09,6767179.0,153.97,2601645.0,131.11,2309601.0,129.11,2883326.0,13.94,11489120.0,107.99,3969624.0,01/18/2024,5.53,5.48,5.45,5.39,5.2,4.8,4.34,4.13,4.04,4.1,4.14,4.48,4.37,2024-02-20,73.21,0.006631221770401398,-0.0034900466548141206,188.14299999999997,190.28920000000002,0.051843069627074856,0.014316736393179565,67.67976278724987,stable,309.698,79.0,0.0
2024-01-24,194.5,53631320.0,156.87,48547320.0,148.7,25233450.0,402.56,24866950.0,390.7,15604290.0,61.36,560270800.0,83.71,3637823.0,99.6,17330650.0,144.92,8100014.0,155.1,1850979.0,133.67,2649203.0,130.15,3140836.0,14.07,16053650.0,109.67,5331984.0,01/19/2024,5.54,5.47,5.45,5.39,5.21,4.84,4.39,4.18,4.08,4.12,4.15,4.47,4.36,2024-02-21,73.83,-0.0034900466548141206,-0.0016980990521387232,188.18800000000002,190.53100000000003,0.050556335745922,0.014280823805984727,69.5089455652836,stable,309.698,79.0,0.0
2024-01-25,194.17,54822130.0,157.75,43638590.0,151.87,29149070.0,404.87,21021160.0,393.18,15091080.0,61.62,482776800.0,83.04,2723305.0,102.13,22089510.0,148.57,9773620.0,157.27,2912529.0,137.65,3167705.0,134.46,5293282.0,14.28,18969790.0,112.05,5958806.0,01/22/2024,5.53,5.47,5.46,5.39,5.22,4.83,4.37,4.14,4.03,4.07,4.11,4.44,4.32,2024-02-22,74.26,-0.0016980990521387232,-0.009053581073243873,188.24399999999997,190.6864,0.04285944465331104,0.014270117393431016,75.26793075020609,stable,309.698,79.0,0.0
2024-01-26,192.42,44594010.0,159.12,51047350.0,152.19,26115490.0,403.93,17803270.0,394.14,13159290.0,61.03,390308600.0,84.22,2927466.0,103.0,20817240.0,149.14,9151896.0,160.52,3248630.0,140.22,3389088.0,137.91,5285988.0,14.46,16093400.0,112.23,4155987.0,01/23/2024,5.53,5.46,5.45,5.38,5.21,4.81,4.31,4.16,4.06,4.11,4.14,4.48,4.38,2024-02-23,76.67,-0.009053581073243873,-0.0035923506028184725,188.2075,190.83880000000002,0.036801551807748245,0.014421738348367012,72.23101265822781,stable,309.698,79.0,0.0
2024-01-29,191.73,47145620.0,161.26,45270390.0,153.51,27784260.0,409.72,24510240.0,401.02,18742430.0,62.47,348733000.0,83.41,2710308.0,103.13,18317550.0,149.08,10494820.0,160.14,3124003.0,139.09,3099599.0,138.38,3464182.0,14.53,12547520.0,111.6,4705884.0,01/24/2024,5.52,5.44,5.44,5.4,5.22,4.83,4.34,4.19,4.06,4.14,4.18,4.52,4.41,2024-02-26,77.26,-0.0035923506028184725,-0.019433426174370286,188.11499999999998,190.9246,0.03125,0.014429155989723474,64.28902269569241,stable,309.698,79.0,0.0
2024-01-30,188.04,55859370.0,159.0,45207430.0,151.46,36331830.0,408.59,33477610.0,400.06,18614730.0,62.77,410735300.0,84.8,3838911.0,104.85,19610930.0,150.12,9902881.0,169.89,5858732.0,142.41,3664664.0,141.89,4304129.0,14.56,16688140.0,114.05,6206541.0,01/25/2024,5.54,5.48,5.44,5.39,5.19,4.76,4.28,4.12,4.01,4.07,4.14,4.49,4.38,2024-02-27,77.34,-0.019433426174370286,-0.01954739503343621,187.8905,190.92520000000002,0.02401568371181173,0.015009919545443416,55.83266291230894,stable,309.698,79.0,0.0
2024-01-31,184.4,55467800.0,155.2,50284370.0,140.1,71910040.0,397.58,47871100.0,390.14,20180820.0,61.53,453794900.0,82.88,3587173.0,102.81,22415290.0,147.43,10427970.0,165.6,4260362.0,144.31,8307882.0,138.9,4273480.0,14.3,18124940.0,111.87,5501432.0,01/26/2024,5.54,5.45,5.44,5.39,5.19,4.78,4.34,4.15,4.04,4.1,4.15,4.49,4.38,2024-02-28,78.28,-0.01954739503343621,0.013252362242316237,187.82850000000002,190.81900000000002,0.009415371140792717,0.013298761526040584,46.73952641165757,stable,309.698,79.0,0.0
2024-02-01,186.86,64885410.0,159.28,76542420.0,141.16,40466550.0,403.78,30657730.0,394.78,29727050.0,63.03,369145800.0,85.78,2729313.0,102.39,19240690.0,147.89,8138669.0,167.53,3203733.0,145.55,5090493.0,138.29,4695308.0,14.37,19075460.0,111.38,5255188.0,01/29/2024,5.53,5.46,5.42,5.37,5.19,4.76,4.29,4.1,3.97,4.02,4.08,4.42,4.31,2024-02-29,77.09,0.013252362242316237,-0.005419776621548585,187.959,190.76239999999999,-0.009383449080209827,0.013517581602382278,52.166496076424444,stable,310.967,76.9,0.0
2024-02-02,185.85,102551700.0,171.81,117218300.0,142.38,62499570.0,411.22,28256670.0,474.99,84707650.0,66.16,476577700.0,86.32,3683936.0,101.97,21973410.0,152.24,12839060.0,166.33,2301106.0,145.47,3702262.0,137.85,3639739.0,14.33,13506130.0,110.63,4610163.0,01/30/2024,5.53,5.47,5.42,5.38,5.19,4.8,4.36,4.14,4.0,4.03,4.06,4.4,4.28,2024-03-01,78.47,-0.005419776621548585,0.009798488161904201,188.156,190.65040000000002,-0.02980789308832743,0.013228196359452849,49.883294431477175,stable,310.967,76.9,0.0
2024-02-05,187.68,69668820.0,170.31,55081300.0,143.68,38505410.0,405.65,25352290.0,459.41,40832380.0,69.33,680078000.0,85.71,2204220.0,101.55,17190890.0,152.33,8277776.0,171.12,3430280.0,147.24,2899768.0,140.41,3462507.0,14.31,17170030.0,109.97,4520460.0,01/31/2024,5.53,5.46,5.42,5.4,5.18,4.73,4.27,4.05,3.91,3.95,3.99,4.34,4.22,2024-03-04,79.65,0.009798488161904201,0.008594673310111774,188.481,190.5912,-0.03202846975088958,0.013308878511656212,56.85743311886219,stable,310.967,76.9,0.0
2024-02-06,189.3,43490760.0,169.15,42505520.0,144.1,29128200.0,405.49,18382620.0,454.72,21655210.0,68.22,683111400.0,82.68,5015052.0,102.25,13353290.0,152.35,6198841.0,166.64,2782990.0,145.91,3323376.0,137.83,7279776.0,13.97,14038250.0,111.52,4777831.0,02/01/2024,5.49,5.51,5.42,5.38,5.15,4.68,4.2,3.96,3.8,3.83,3.87,4.21,4.1,2024-03-06,78.72,0.008594673310111774,0.0005809194533730344,188.668,190.551,-0.030126037503842573,0.012377557697369907,60.960264900662246,stable,310.967,76.9,0.0
2024-02-07,189.41,53438960.0,170.53,47174060.0,145.54,25208860.0,414.05,22340530.0,469.59,23065990.0,70.1,495574600.0,83.74,2964177.0,102.22,13826830.0,152.13,6252041.0,169.59,1952417.0,146.53,2607825.0,141.18,3014906.0,13.9,16781150.0,112.32,6100714.0,02/02/2024,5.49,5.51,5.43,5.42,5.22,4.81,4.36,4.14,3.99,4.02,4.03,4.33,4.22,2024-03-07,78.89,0.0005809194533730344,-0.005771334156683685,188.88150000000002,190.53980000000004,-0.02616966580976865,0.012354396965074723,51.600985221674875,stable,310.967,76.9,0.0
2024-02-08,188.32,40962050.0,169.84,42316450.0,145.91,22563760.0,414.11,21225260.0,470.0,18815100.0,69.64,414422100.0,84.8,2993875.0,103.97,19636900.0,154.06,9236968.0,169.68,1789584.0,146.82,4018737.0,141.8,2673483.0,13.91,21218500.0,113.9,7715527.0,02/05/2024,5.49,5.5,5.42,5.42,5.25,4.87,4.46,4.27,4.13,4.16,4.17,4.46,4.35,2024-03-08,79.64,-0.005771334156683685,0.0028104056464991977,188.988,190.5104,-0.030128238141834407,0.012398732662160846,42.8063943161634,stable,310.967,76.9,0.0
2024-02-09,188.85,45155220.0,174.45,56985990.0,149.0,26829500.0,420.55,22032840.0,468.11,18413140.0,72.13,436636900.0,86.2,2315688.0,101.77,20410510.0,151.04,9194458.0,169.97,2185905.0,145.66,2889143.0,143.06,3795009.0,13.94,7954278.0,111.16,5974069.0,02/06/2024,5.48,5.5,5.44,5.41,5.23,4.82,4.39,4.14,4.03,4.07,4.09,4.39,4.29,2024-03-11,77.6,0.0028104056464991977,-0.009042614808027809,189.151,190.47940000000003,-0.018553164951668144,0.012374914720466297,37.83783783783789,stable,310.967,76.9,0.0
2024-02-12,187.15,41781930.0,172.34,51050440.0,147.53,21564090.0,415.26,21202920.0,468.9,19381960.0,72.25,613710200.0,86.62,2979121.0,103.17,18173060.0,152.08,6713003.0,168.89,2772276.0,144.45,3753922.0,142.53,2825184.0,14.09,8203534.0,111.1,5802121.0,02/07/2024,5.47,5.49,5.43,5.4,5.23,4.83,4.41,4.16,4.06,4.09,4.09,4.41,4.31,2024-03-12,78.53,-0.009042614808027809,-0.011338416427254269,189.2125,190.435,-0.023887758827517813,0.012568195836389419,30.99858021769998,stable,310.967,76.9,0.0
2024-02-13,185.04,56529530.0,168.64,56345120.0,145.14,27837730.0,406.32,27824940.0,460.12,20916600.0,72.13,602580200.0,83.98,3144457.0,101.34,18917430.0,150.6,6987058.0,169.88,2367017.0,145.16,3226333.0,141.57,2730542.0,13.96,10791430.0,109.77,6321089.0,02/08/2024,5.49,5.51,5.44,5.42,5.24,4.83,4.46,4.22,4.12,4.15,4.15,4.47,4.36,2024-03-13,79.8,-0.011338416427254269,-0.004821375032109306,189.283,190.3368,-0.01595405232929159,0.012514072158445123,29.03368794326242,stable,310.967,76.9,0.0
2024-02-14,184.15,54630520.0,170.98,42815540.0,145.94,22704170.0,409.49,20401190.0,473.28,16858400.0,73.9,504917400.0,86.04,2361315.0,100.84,17651250.0,151.01,5995064.0,169.88,2510050.0,145.21,3086691.0,141.04,4085272.0,14.11,14156510.0,110.12,7248447.0,02/09/2024,5.49,5.51,5.44,5.43,5.26,4.86,4.48,4.25,4.14,4.17,4.17,4.48,4.37,2024-03-14,79.44,-0.004821375032109306,-0.0015760444554656545,189.3565,190.195,-0.0013557483731019282,0.01250577501167223,28.330449826989664,stable,310.967,76.9,0.0
2024-02-15,183.86,65434500.0,169.8,49855200.0,142.77,37590700.0,406.56,21825530.0,484.03,24212330.0,72.66,420121800.0,82.72,4418498.0,103.73,23196310.0,154.46,8950304.0,171.31,2094962.0,146.37,2810921.0,141.99,2729935.0,14.42,19103470.0,111.0,9421885.0,02/12/2024,5.49,5.51,5.43,5.43,5.27,4.87,4.46,4.25,4.13,4.16,4.17,4.48,4.37,2024-03-15,79.22,-0.0015760444554656545,-0.008466063620235055,189.118,190.08360000000002,-0.01605480038531526,0.010044883536214813,30.24007386888279,stable,310.967,76.9,0.0
2024-02-16,182.31,49752470.0,169.51,48107740.0,140.52,31468930.0,404.06,22296500.0,473.32,23324620.0,72.61,495326600.0,84.21,4841750.0,103.73,20151430.0,154.63,7570220.0,170.01,1964333.0,143.81,2690099.0,139.54,3002131.0,14.55,16493120.0,110.57,6967785.0,02/13/2024,5.48,5.52,5.45,5.46,5.32,4.99,4.64,4.44,4.31,4.33,4.31,4.59,4.46,2024-03-18,80.9,-0.008466063620235055,-0.0041223572271086705,188.65550000000002,189.8614,-0.01904761904761898,0.009351366001763275,29.085257548845505,stable,310.967,76.9,0.0
2024-02-20,181.56,53665550.0,167.08,41980330.0,141.12,24935710.0,402.79,24307920.0,471.75,18015520.0,69.45,704833100.0,82.46,3111062.0,102.75,17650010.0,154.0,6977945.0,164.29,2896213.0,141.14,3483203.0,135.03,4060549.0,14.64,15338500.0,109.54,6458274.0,02/14/2024,5.48,5.51,5.43,5.45,5.31,4.94,4.56,4.38,4.25,4.27,4.27,4.57,4.45,2024-03-19,79.67,-0.0041223572271086705,0.004177207349163798,188.03900000000002,189.64620000000002,-0.03260869565217395,0.008702571293797147,33.45250255362619,stable,310.967,76.9,0.0
2024-02-21,182.32,41529670.0,168.59,44575620.0,142.55,23315690.0,402.18,18631070.0,468.03,12977050.0,67.47,690298100.0,81.39,3365285.0,104.85,20999190.0,155.44,6630084.0,166.05,2544250.0,143.55,2403109.0,137.15,3130527.0,14.85,16787800.0,112.87,6927935.0,02/15/2024,5.49,5.51,5.43,5.45,5.3,4.93,4.56,4.36,4.22,4.25,4.24,4.54,4.42,2024-03-20,79.11,0.004177207349163798,0.011181223144870737,187.39600000000002,189.40720000000002,-0.036872688853671565,0.008571712934088562,43.77245508982033,stable,310.967,76.9,0.0
2024-02-22,184.37,52292210.0,174.58,55392350.0,144.09,27191890.0,411.65,27009870.0,486.13,21625810.0,78.54,865099700.0,87.79,8284115.0,104.76,20470670.0,155.43,8874924.0,167.75,2561453.0,146.62,2633683.0,139.78,3467779.0,14.79,26154160.0,112.22,5104996.0,02/16/2024,5.48,5.51,5.44,5.45,5.31,4.98,4.64,4.43,4.29,4.31,4.3,4.58,4.45,2024-03-21,80.08,0.011181223144870737,-0.010084852023097546,186.88950000000003,189.18039999999996,-0.02660894356158594,0.009171137959873172,42.35727440147328,stable,310.967,76.9,0.0
2024-02-23,182.52,45119680.0,174.99,59715240.0,143.96,19493750.0,410.34,16295880.0,484.03,18374290.0,78.82,829388400.0,90.35,6997290.0,103.84,15975890.0,154.66,6561628.0,169.54,1929247.0,147.11,2189678.0,141.58,2520800.0,14.89,9761160.0,111.51,5206217.0,02/20/2024,5.49,5.49,5.44,5.45,5.32,4.97,4.59,4.38,4.25,4.28,4.27,4.56,4.44,2024-03-22,79.81,-0.010084852023097546,-0.007479137371188802,186.30700000000002,188.96720000000002,-0.03079864061172466,0.009314761306397423,40.28021015761826,stable,310.967,76.9,0.0
2024-02-26,181.16,40867420.0,174.73,44368610.0,137.57,53641800.0,407.54,16193510.0,481.74,12101420.0,79.09,503972700.0,92.77,8175396.0,104.25,13360800.0,154.45,6900801.0,172.44,2736033.0,148.31,2584665.0,145.09,3350614.0,14.69,10049150.0,112.42,5751167.0,02/21/2024,5.5,5.5,5.44,5.45,5.32,4.98,4.64,4.43,4.3,4.33,4.32,4.59,4.49,2024-03-25,78.96,-0.007479137371188802,0.008081629515937215,185.744,188.69619999999998,-0.04072014826581938,0.00926827858051157,30.43217286914762,stable,310.967,76.9,0.0
2024-02-27,182.63,54318850.0,173.54,31141730.0,138.88,33099190.0,407.48,14835830.0,487.05,10809600.0,78.7,391705200.0,91.56,5888086.0,104.03,16359980.0,152.16,15093760.0,171.13,2046218.0,145.34,2106185.0,142.98,3047819.0,14.69,8941729.0,111.61,5060027.0,02/22/2024,5.49,5.51,5.45,5.45,5.32,5.02,4.69,4.49,4.33,4.35,4.33,4.58,4.47,2024-03-26,78.87,0.008081629515937215,-0.006647463017152321,185.28900000000002,188.38960000000003,-0.024151749933208677,0.009591954888008375,29.80012113870376,stable,310.967,76.9,0.0
2024-02-28,181.42,48953940.0,173.16,28180480.0,136.38,37328560.0,407.72,13183130.0,484.02,12715490.0,77.66,393110400.0,93.25,5909825.0,104.32,14810490.0,152.34,6715861.0,167.16,2605248.0,141.24,2594715.0,139.21,3895345.0,14.53,7766242.0,112.04,4578996.0,02/23/2024,5.49,5.51,5.46,5.46,5.32,5.0,4.67,4.45,4.28,4.28,4.26,4.51,4.37,2024-03-27,78.51,-0.006647463017152321,-0.003699924147923935,184.958,188.0558,-0.019563337656722912,0.008791850048370617,27.31402612152185,stable,310.967,76.9,0.0
2024-02-29,180.75,136682600.0,176.76,53805360.0,138.46,42132950.0,413.64,31947260.0,490.13,17732050.0,79.11,507289000.0,94.66,14317000.0,104.52,17566070.0,152.01,9334432.0,169.23,4548312.0,142.51,3370261.0,141.46,4222523.0,14.64,8281691.0,112.54,6623961.0,02/26/2024,5.5,5.52,5.47,5.47,5.34,5.03,4.69,4.48,4.29,4.32,4.28,4.53,4.4,2024-03-28,80.67,-0.003699924147923935,-0.006048685237813562,184.77550000000002,187.71940000000004,-0.01846320934021184,0.00776112036822417,27.98138452588715,stable,310.967,76.9,0.0
2024-03-01,179.66,73563080.0,178.22,31981150.0,137.14,31151120.0,415.5,17823450.0,502.3,15884880.0,82.28,479135100.0,124.59,62169010.0,105.84,18460120.0,152.81,7459056.0,173.21,2763064.0,144.2,2063580.0,143.28,2003903.0,14.98,11418870.0,114.24,5094400.0,02/27/2024,5.5,5.52,5.45,5.47,5.33,5.03,4.7,4.5,4.32,4.34,4.31,4.57,4.44,2024-03-29,82.16,-0.006048685237813562,-0.025708936509254418,184.4155,187.3948,-0.022843467855977462,0.007064411330984398,24.11267605633803,stable,312.345,79.4,0.0
2024-03-04,175.1,81510100.0,177.58,37381520.0,133.35,55999420.0,414.92,17595960.0,498.19,12324140.0,85.24,615616500.0,121.78,23835960.0,104.36,18137990.0,148.88,12503150.0,173.75,3154656.0,144.26,3479248.0,144.7,4296374.0,14.9,8463064.0,111.64,5877361.0,02/28/2024,5.5,5.51,5.45,5.43,5.31,5.0,4.64,4.44,4.26,4.28,4.27,4.53,4.4,2024-04-01,81.94,-0.025708936509254418,-0.028853168906373343,183.878,186.95800000000003,-0.039548022598870136,0.008824254772511392,20.766618146530803,stable,312.345,79.4,0.0
2024-03-05,170.12,95132360.0,174.12,37228340.0,132.67,40194760.0,402.65,26919180.0,490.22,15325300.0,85.96,520639300.0,117.75,15019170.0,105.64,19952710.0,149.59,6985516.0,175.17,2777750.0,146.1,2886752.0,144.31,2678308.0,15.02,10226280.0,111.22,6246956.0,02/29/2024,5.53,5.5,5.45,5.43,5.3,5.01,4.64,4.43,4.26,4.28,4.25,4.51,4.38,2024-04-02,83.68,-0.028853168906373343,-0.005895548263505318,183.0,186.46380000000002,-0.06300947345230223,0.010028859895283076,18.228279386712103,stable,312.345,79.4,0.0
2024-03-06,169.12,68587710.0,173.51,32090930.0,131.4,35318610.0,402.09,22344150.0,496.09,11757930.0,88.7,582520300.0,118.5,10569120.0,106.77,20472790.0,148.33,14692140.0,175.18,2483971.0,146.77,3210224.0,144.44,2885888.0,15.15,7566382.0,111.99,4888748.0,03/01/2024,5.54,5.49,5.42,5.41,5.27,4.94,4.54,4.32,4.17,4.2,4.19,4.46,4.33,2024-04-03,84.39,-0.005895548263505318,-0.0007098071988540113,181.99099999999999,185.95260000000002,-0.07240017551557698,0.009511847573006113,18.143281051292917,stable,312.345,79.4,0.0
2024-03-07,169.0,71765060.0,176.82,34063280.0,134.38,37738210.0,409.14,18718480.0,512.19,18586440.0,92.67,608119200.0,120.5,9644266.0,107.37,15195410.0,149.37,8739348.0,178.97,2726890.0,149.21,2947186.0,149.03,3613669.0,15.19,8148567.0,112.74,5097325.0,03/04/2024,5.51,5.49,5.48,5.42,5.37,4.98,4.61,4.39,4.21,4.23,4.22,4.48,4.36,2024-04-04,82.79,-0.0007098071988540113,0.01018464636006875,180.9705,185.4606,-0.08336497260942677,0.00947173925162328,18.27497865072587,stable,312.345,79.4,0.0
2024-03-08,170.73,76267040.0,175.35,37893240.0,135.41,39370390.0,406.22,18002190.0,505.95,18597060.0,87.53,1142269000.0,116.25,11015230.0,108.38,16281470.0,149.88,7528378.0,179.55,2513081.0,149.34,2398568.0,149.53,2085831.0,15.03,10285000.0,113.0,5227705.0,03/05/2024,5.5,5.47,5.47,5.4,5.35,4.94,4.54,4.32,4.13,4.15,4.13,4.39,4.27,2024-04-05,81.99,0.01018464636006875,0.011762101364637088,180.09099999999998,185.01420000000002,-0.06459566074950707,0.010115581086103529,25.466101694915224,stable,312.345,79.4,0.0
2024-03-11,172.75,60139470.0,171.96,28484780.0,137.67,32437770.0,404.52,16120750.0,483.59,20428270.0,85.77,678364100.0,115.86,5936758.0,109.02,17577290.0,152.0,7577064.0,181.41,2467307.0,149.49,3230904.0,150.54,2795394.0,15.01,10707050.0,115.25,5899335.0,03/06/2024,5.5,5.47,5.47,5.4,5.35,4.95,4.55,4.32,4.12,4.12,4.11,4.36,4.24,2024-04-08,81.1,0.011762101364637088,0.002774728643070094,179.286,184.6062,-0.046423051446235375,0.010658321001795373,32.287897064736626,stable,312.345,79.4,0.0
2024-03-12,173.23,59825370.0,175.39,36610600.0,138.5,27563350.0,415.28,22457000.0,499.75,15448230.0,91.91,668075200.0,113.55,6569996.0,108.32,14957250.0,151.89,6432930.0,181.2,2744106.0,150.37,2367873.0,150.73,2976287.0,15.01,9346486.0,115.02,5652993.0,03/07/2024,5.51,5.48,5.47,5.4,5.34,4.93,4.5,4.28,4.07,4.09,4.09,4.35,4.25,2024-04-09,82.41,0.002774728643070094,-0.012196689701489101,178.58999999999997,184.1992,-0.051470185621201314,0.0107180260764228,31.516876779178517,stable,312.345,79.4,0.0
2024-03-13,171.13,52488690.0,176.56,30772600.0,139.79,23347210.0,415.1,17115930.0,495.57,12090660.0,90.89,635712900.0,110.0,7161959.0,109.53,17122240.0,153.89,8065649.0,188.89,3510301.0,154.47,4028633.0,158.63,4772237.0,15.1,9247502.0,117.55,7685432.0,03/08/2024,5.51,5.48,5.46,5.4,5.34,4.92,4.48,4.25,4.06,4.08,4.09,4.36,4.26,2024-04-10,82.41,-0.012196689701489101,0.010868092908418524,177.8945,183.77120000000002,-0.056719215081027397,0.010751192547000505,23.13311688311684,stable,312.345,79.4,0.0
2024-03-14,173.0,72913510.0,178.75,43705840.0,143.1,42753390.0,425.22,34157300.0,491.83,12620010.0,87.94,602318200.0,106.45,8069808.0,111.47,22121010.0,155.7,9047206.0,188.98,3005088.0,154.38,3637336.0,159.39,3561439.0,15.04,8308452.0,119.78,7800847.0,03/11/2024,5.5,5.47,5.48,5.41,5.35,4.95,4.51,4.26,4.08,4.09,4.1,4.36,4.26,2024-04-11,82.15,0.010868092908418524,-0.0021989477062673733,177.337,183.5184,-0.04287690179806358,0.011242184098263596,30.69748580697484,stable,312.345,79.4,0.0
2024-03-15,172.62,121752700.0,174.42,72147390.0,141.18,49475420.0,416.42,45079900.0,484.1,29153580.0,87.84,642086200.0,107.0,9159679.0,111.27,38264400.0,155.55,20387160.0,193.84,9044654.0,159.03,11725960.0,163.7,9134365.0,15.34,12137240.0,120.04,17549000.0,03/12/2024,5.52,5.48,5.48,5.41,5.37,5.0,4.58,4.33,4.15,4.16,4.16,4.42,4.31,2024-04-12,83.96,-0.0021989477062673733,0.00635216087510961,176.775,183.2858,-0.039185127462985636,0.01123853526400045,31.967905405405403,stable,312.345,79.4,0.0
2024-03-18,173.72,75604180.0,174.48,31250690.0,147.68,69273700.0,417.32,20105980.0,496.98,11755250.0,88.46,668975900.0,106.63,7403774.0,112.3,16770460.0,155.41,7242711.0,193.48,2073495.0,156.76,3470618.0,166.29,4444542.0,15.56,9608407.0,120.26,4828002.0,03/13/2024,5.52,5.47,5.48,5.41,5.37,5.01,4.61,4.37,4.19,4.2,4.19,4.45,4.35,2024-04-16,84.54,0.00635216087510961,0.013493629551585165,176.3455,183.12199999999996,-0.007881210736721878,0.01135772818400203,30.888030888030883,stable,312.345,79.4,0.0
2024-03-19,176.08,55215240.0,175.9,26880890.0,147.03,24070440.0,421.41,19837920.0,496.24,10903090.0,89.4,672171300.0,107.52,7971732.0,113.09,14878760.0,156.62,7736723.0,196.57,2509655.0,156.99,2877227.0,167.39,3957016.0,15.68,11078380.0,122.02,4457939.0,03/14/2024,5.52,5.48,5.48,5.42,5.38,5.04,4.68,4.46,4.29,4.3,4.29,4.54,4.44,2024-04-17,85.95,0.013493629551585165,0.014602091726869399,176.0715,183.02,0.035034093581001624,0.011888851873043569,39.084219133278864,stable,312.345,79.4,0.0
2024-03-20,178.67,53423100.0,178.15,29947150.0,148.74,21311500.0,425.23,17860090.0,505.52,11711100.0,90.37,479062800.0,111.07,9600219.0,112.99,16119700.0,154.55,8449145.0,197.75,1957295.0,158.76,2389137.0,169.57,3952572.0,15.66,10060310.0,121.91,3596962.0,03/15/2024,5.52,5.48,5.48,5.41,5.38,5.05,4.72,4.51,4.33,4.33,4.31,4.55,4.43,2024-04-18,86.22,0.014602091726869399,-0.04171556727231797,175.889,182.88219999999998,0.056468779564806004,0.012371102159449985,46.05761940864288,stable,312.345,79.4,0.0
2024-03-21,171.37,106181300.0,178.15,32824320.0,147.6,24755600.0,429.37,21296220.0,507.76,9712549.0,91.44,480372300.0,114.04,11678010.0,113.49,14878020.0,154.86,7899084.0,199.21,1681534.0,159.08,2488073.0,170.98,3685736.0,15.59,15836600.0,123.51,4925649.0,03/18/2024,5.52,5.48,5.48,5.41,5.39,5.06,4.73,4.52,4.36,4.35,4.34,4.57,4.46,2024-04-19,87.37,-0.04171556727231797,0.0052960985131520685,175.23899999999998,182.6068,0.014023668639053355,0.015001985950391013,37.28137465480208,stable,312.345,79.4,0.0
2024-03-22,172.28,71160140.0,178.87,27995380.0,150.77,29211770.0,428.74,17648470.0,509.58,8120593.0,94.29,586719400.0,112.24,4711422.0,113.49,14701930.0,154.66,5974745.0,200.17,2281392.0,159.45,2078481.0,169.64,3497489.0,15.56,7344118.0,123.03,4976248.0,03/19/2024,5.52,5.48,5.48,5.41,5.39,5.06,4.68,4.47,4.31,4.31,4.3,4.54,4.44,2024-04-22,87.69,0.0052960985131520685,-0.008335081624609079,174.727,182.3286,0.009078662215193711,0.015049239830928844,45.12785072563925,stable,312.345,79.4,0.0
2024-03-25,170.85,54288330.0,179.71,29815460.0,150.07,19229290.0,422.86,18060450.0,503.02,8380617.0,95.0,552136100.0,113.0,6152280.0,114.65,14011730.0,156.47,6058745.0,199.83,2042221.0,156.46,2306152.0,168.49,2767913.0,15.56,9713437.0,126.23,7054378.0,03/20/2024,5.5,5.47,5.47,5.41,5.36,5.01,4.59,4.41,4.25,4.28,4.27,4.53,4.45,2024-04-23,87.24,-0.008335081624609079,-0.00669488053812676,174.2115,182.03379999999999,-0.010998552821997132,0.01506419616811533,51.43757384797162,stable,312.345,79.4,0.0
2024-03-26,169.71,57388450.0,178.3,29658980.0,150.67,22149140.0,421.65,16725650.0,495.89,11205380.0,92.56,513647600.0,114.65,7389230.0,113.79,13152290.0,155.27,6677938.0,197.38,1673425.0,156.6,2351431.0,167.25,3025483.0,15.49,9870969.0,125.99,5203426.0,03/21/2024,5.51,5.48,5.48,5.4,5.36,5.01,4.62,4.42,4.26,4.28,4.27,4.53,4.44,2024-04-24,86.04,-0.00669488053812676,0.020990800438109806,173.5655,181.7096,-0.020319806038215038,0.014856646777685095,51.15550332941638,stable,312.345,79.4,0.0
2024-03-27,173.31,60273270.0,179.83,33272550.0,150.87,22879180.0,421.43,16704980.0,493.86,9989676.0,90.25,586067200.0,111.68,4375982.0,114.97,12415670.0,156.35,7416870.0,196.99,1675007.0,158.96,2211378.0,167.81,3098551.0,15.54,11987410.0,126.84,3847838.0,03/22/2024,5.51,5.47,5.46,5.4,5.34,4.98,4.59,4.36,4.2,4.22,4.22,4.47,4.39,2024-04-25,86.98,0.020990800438109806,-0.010615256731507589,173.16000000000003,181.5032,0.01273885350318471,0.015819201343968574,57.42847294036541,stable,312.345,79.4,0.0
2024-03-28,171.48,65672690.0,180.38,38051590.0,150.93,24485390.0,420.72,21871160.0,485.58,15212760.0,90.36,435212300.0,114.11,4153353.0,116.24,18482060.0,157.74,8331627.0,201.5,6064106.0,163.34,3177289.0,170.69,3325987.0,15.73,12326670.0,127.28,4657970.0,03/25/2024,5.51,5.48,5.46,5.41,5.36,5.0,4.54,4.39,4.23,4.25,4.25,4.51,4.42,2024-04-26,85.79,-0.010615256731507589,-0.008491749660381801,172.6965,181.27919999999997,-0.008786127167630164,0.015926926596550497,51.28821710752319,stable,312.345,79.4,0.0
2024-04-01,170.03,46240500.0,180.97,29174520.0,155.49,31730850.0,424.57,16315960.0,491.35,9247007.0,90.36,452441500.0,119.64,8064085.0,116.99,13817000.0,159.08,6285717.0,204.41,2201092.0,163.34,2214137.0,172.64,2775441.0,15.69,12427830.0,128.68,3036214.0,03/26/2024,5.5,5.47,5.46,5.41,5.36,5.0,4.56,4.38,4.22,4.23,4.24,4.49,4.4,2024-04-29,86.46,-0.008491749660381801,-0.007023371155096464,172.21499999999997,180.90720000000002,-0.015004055150040552,0.015963833000477396,45.23475823405745,stable,313.023,77.2,0.0
2024-04-02,168.84,49329480.0,180.69,32611550.0,154.56,24585990.0,421.44,17911990.0,497.37,11081030.0,89.45,433063600.0,118.44,5503125.0,119.28,19919640.0,159.78,8815351.0,211.38,3517268.0,169.49,2999389.0,177.22,3152123.0,15.78,8972437.0,130.67,4969715.0,03/27/2024,5.5,5.47,5.45,5.41,5.36,4.99,4.54,4.36,4.18,4.18,4.2,4.45,4.36,2024-04-30,86.21,-0.007023371155096464,0.004785970315941081,171.902,180.4528,-0.02809118121114429,0.015071578871386201,42.4957264957265,stable,313.023,77.2,0.0
2024-04-03,169.65,47691720.0,182.41,31046640.0,154.92,24704990.0,420.45,16502260.0,506.74,12099170.0,88.96,370066600.0,128.58,19390810.0,119.3,16504310.0,160.44,7819734.0,214.96,3902712.0,172.71,3210644.0,180.37,4127522.0,16.0,9736785.0,131.63,3707331.0,03/28/2024,5.49,5.48,5.46,5.42,5.38,5.03,4.59,4.4,4.21,4.2,4.2,4.45,4.34,2024-05-01,86.15,0.004785970315941081,-0.0049044326746653,171.8785,179.968,-0.03651749204906862,0.013711661533728887,47.353361945636635,stable,313.023,77.2,0.0
2024-04-04,168.82,53704390.0,180.0,41624260.0,150.53,34724740.0,417.88,19370880.0,510.92,26476250.0,85.91,434964900.0,127.16,19494760.0,119.72,18467360.0,160.69,9269716.0,216.25,3189724.0,170.68,2781083.0,180.61,3212759.0,15.81,10405320.0,131.75,3908373.0,04/01/2024,5.49,5.47,5.44,5.41,5.36,5.06,4.72,4.51,4.34,4.33,4.33,4.58,4.47,2024-05-02,83.58,-0.0049044326746653,0.004491733320283071,171.8635,179.44079999999997,-0.05512956847820005,0.013691535289897373,42.23625557206535,stable,313.023,77.2,0.0
2024-04-05,169.58,42104830.0,185.07,42373990.0,152.5,23459250.0,425.52,16554760.0,527.34,19263270.0,88.01,399678500.0,132.72,10813490.0,121.37,21720590.0,161.6,7432807.0,219.13,2689990.0,170.75,2182779.0,183.39,2418947.0,15.84,7905410.0,133.52,3595473.0,04/02/2024,5.49,5.45,5.42,5.4,5.34,5.05,4.7,4.51,4.35,4.37,4.36,4.61,4.51,2024-05-03,83.5,0.004491733320283071,-0.006685822023295179,171.89249999999998,178.9424,-0.010445235455447177,0.01372847058725243,44.432234432234445,stable,313.023,77.2,0.0
2024-04-08,168.45,37425510.0,185.19,39221280.0,154.85,20701970.0,424.59,14272390.0,519.25,13260580.0,87.13,283220000.0,127.15,11952250.0,120.55,17513940.0,161.27,7253196.0,216.98,2478364.0,168.55,2624346.0,180.89,2539239.0,15.82,11072740.0,132.42,4481961.0,04/03/2024,5.47,5.44,5.42,5.4,5.33,5.03,4.68,4.48,4.34,4.36,4.36,4.61,4.51,2024-05-06,83.79,-0.006685822023295179,0.007216404202286154,171.7785,178.428,-0.022231251451126144,0.013598509400512965,40.35858031467251,stable,313.023,77.2,0.0
2024-04-09,169.67,42451210.0,185.67,36546950.0,156.6,31113010.0,426.28,12512290.0,516.9,10881450.0,85.35,503547400.0,123.73,9993308.0,121.18,14135720.0,162.0,6577437.0,212.12,3052511.0,165.41,2358126.0,176.26,3502644.0,15.72,10204990.0,132.25,3756123.0,04/04/2024,5.47,5.49,5.41,5.4,5.32,5.0,4.65,4.46,4.3,4.31,4.31,4.57,4.47,2024-05-07,83.82,0.007216404202286154,-0.01120177663669957,171.6245,177.97299999999998,-0.006906643254316669,0.013416514921558396,37.762504772814005,stable,313.023,77.2,0.0
2024-04-10,167.78,49709340.0,185.95,35879150.0,156.14,22838630.0,423.26,16216580.0,519.83,11418490.0,87.04,431928500.0,123.37,5944974.0,122.2,17409180.0,162.67,7525837.0,211.22,2663899.0,165.16,1802354.0,175.7,3472226.0,15.78,11747670.0,132.82,4402423.0,04/05/2024,5.47,5.5,5.43,5.41,5.34,5.05,4.73,4.54,4.38,4.39,4.39,4.65,4.54,2024-05-08,84.17,-0.01120177663669957,0.04236092181546785,171.352,177.49400000000003,-0.011372341052383494,0.01357808658160056,28.638681836014158,stable,313.023,77.2,0.0
2024-04-11,175.04,91070280.0,189.05,40020740.0,159.41,27166430.0,427.93,17966420.0,523.16,10369470.0,90.62,431637300.0,124.04,5058307.0,121.79,17555870.0,161.89,7682512.0,212.27,2208791.0,165.41,1997209.0,177.04,2414439.0,15.68,9191368.0,132.92,4328801.0,04/08/2024,5.48,5.49,5.43,5.41,5.35,5.07,4.78,4.6,4.43,4.43,4.42,4.65,4.55,2024-05-09,84.09,0.04236092181546785,0.008589603140779035,171.54749999999999,177.23399999999998,0.009982112976746782,0.016502293586672812,57.21021611001962,stable,313.023,77.2,0.0
2024-04-12,176.55,101670900.0,186.13,38608850.0,157.73,25353750.0,421.9,19253750.0,511.9,11984540.0,88.19,426804800.0,117.76,7501738.0,120.37,21556220.0,158.96,11071050.0,208.77,2086940.0,162.49,2002433.0,173.54,2452374.0,15.42,13094150.0,131.2,4955293.0,04/09/2024,5.48,5.49,5.43,5.41,5.34,5.03,4.74,4.52,4.37,4.38,4.36,4.6,4.5,2024-05-10,84.92,0.008589603140779035,-0.022106042777816807,171.725,177.077,0.029566130160951776,0.01643926906736846,58.19577735124761,stable,313.023,77.2,0.0
2024-04-15,172.69,73531770.0,183.62,48052400.0,154.86,27136470.0,413.64,20273540.0,500.23,13512890.0,86.0,443077000.0,117.81,6764095.0,119.68,15029530.0,157.59,7236857.0,207.02,2586963.0,160.82,1589886.0,170.67,2413655.0,15.23,14320060.0,130.25,4219317.0,04/10/2024,5.49,5.5,5.45,5.44,5.4,5.19,4.97,4.77,4.61,4.59,4.55,4.76,4.64,2024-05-13,85.38,-0.022106042777816807,-0.01935336810312574,171.7285,176.7936,0.015644298065047302,0.017227892406831865,53.230337078651694,stable,313.023,77.2,0.0
2024-04-16,169.38,73711240.0,183.32,32891270.0,154.4,20779500.0,414.58,16765620.0,499.76,9847925.0,87.42,370453000.0,121.08,7596734.0,118.69,18082230.0,156.28,5541895.0,203.86,1599848.0,157.88,1864189.0,168.99,2126328.0,15.1,22004920.0,129.53,3878617.0,04/11/2024,5.48,5.51,5.45,5.44,5.38,5.17,4.93,4.77,4.61,4.6,4.56,4.77,4.65,2024-05-14,84.26,-0.01935336810312574,-0.008180732090194025,171.5115,176.4642,0.0031982942430703876,0.017683491622752692,49.461663947797696,stable,313.023,77.2,0.0
2024-04-17,168.0,50901210.0,181.28,31359670.0,155.47,21763130.0,411.84,15855490.0,494.17,12193740.0,84.04,495399500.0,119.62,5346021.0,118.63,14538580.0,156.4,6733879.0,202.46,1816833.0,157.25,1946768.0,167.28,2469794.0,15.23,11784300.0,128.33,3869900.0,04/12/2024,5.48,5.5,5.45,5.42,5.36,5.13,4.88,4.7,4.54,4.53,4.5,4.73,4.61,2024-05-15,83.49,-0.008180732090194025,-0.005730674708985095,171.10750000000002,176.0706,-0.00972590627763048,0.017393181878770182,40.661273302849125,stable,313.023,77.2,0.0
2024-04-18,167.04,43122900.0,179.22,30723790.0,156.01,19883040.0,404.27,21029920.0,501.8,14808670.0,84.67,447260300.0,118.37,5053748.0,118.52,13821360.0,157.57,4979193.0,195.02,2713552.0,153.31,2347141.0,162.49,3115045.0,15.53,15838790.0,127.81,3588154.0,04/15/2024,5.49,5.51,5.45,5.44,5.38,5.16,4.93,4.78,4.65,4.65,4.63,4.85,4.74,2024-05-16,80.7,-0.005730674708985095,-0.012287830793693253,170.526,175.6254,-0.010543774434308761,0.01693854084600673,41.944847605224986,stable,313.023,77.2,0.0
2024-04-19,165.0,68149380.0,174.63,56000730.0,154.09,32615640.0,399.12,30565790.0,481.07,25215360.0,76.2,875198000.0,114.87,9440014.0,119.88,21572370.0,160.0,7734654.0,196.38,1748806.0,154.71,2760769.0,163.89,2437686.0,15.77,14186540.0,129.38,3984807.0,04/16/2024,5.49,5.51,5.45,5.44,5.39,5.18,4.97,4.83,4.69,4.69,4.67,4.88,4.77,2024-05-17,80.59,-0.012287830793693253,0.005077994226943483,170.2075,175.13719999999998,-0.027007901875221174,0.014540219589906547,41.06571936056841,stable,313.023,77.2,0.0
2024-04-22,165.84,48116440.0,177.23,37924890.0,156.28,26446210.0,400.96,20286880.0,481.73,17271130.0,79.52,596340500.0,115.54,5410000.0,120.56,16340690.0,161.92,6779221.0,198.25,1437223.0,157.05,1625543.0,165.9,2129996.0,15.83,9953485.0,129.33,4195048.0,04/17/2024,5.49,5.49,5.45,5.44,5.38,5.16,4.93,4.77,4.62,4.61,4.59,4.81,4.71,2024-05-20,79.65,0.005077994226943483,0.006371362540265181,169.8855,174.68759999999997,-0.015494211932324031,0.01453462390348785,44.604316546762604,stable,313.023,77.2,0.0
2024-04-23,166.9,49537760.0,179.54,37046520.0,158.26,21151570.0,407.57,15734500.0,496.1,15079200.0,82.42,438559400.0,120.63,5086925.0,121.03,13929820.0,162.85,5597617.0,199.65,1703224.0,158.84,1756428.0,167.54,1969250.0,15.9,10883130.0,129.84,3773647.0,04/18/2024,5.49,5.52,5.46,5.44,5.39,5.18,4.98,4.83,4.68,4.67,4.64,4.85,4.74,2024-05-21,80.1,0.006371362540265181,0.012622220448546821,169.688,174.24859999999998,-0.01632580892320379,0.014564168827847983,45.09803921568628,stable,313.023,77.2,0.0
2024-04-24,169.02,48251840.0,176.59,34185110.0,159.13,22779110.0,409.06,15065330.0,493.5,37772680.0,79.68,512207500.0,120.2,5815884.0,121.05,12101160.0,163.57,7610335.0,199.14,1473294.0,157.79,1944972.0,167.0,2350797.0,15.87,8505301.0,129.28,3846633.0,04/19/2024,5.49,5.51,5.45,5.44,5.39,5.17,4.97,4.81,4.66,4.65,4.62,4.83,4.72,2024-05-22,79.97,0.012622220448546821,0.005134117677486852,169.65349999999998,173.886,0.007390630587674307,0.014816796443272174,50.34083162917521,stable,313.023,77.2,0.0
2024-04-25,169.89,50558330.0,173.67,49249390.0,156.0,57109730.0,399.04,40586450.0,441.38,82890740.0,82.63,424640700.0,124.91,6822999.0,121.33,16041030.0,165.28,9702581.0,199.51,1295208.0,157.24,2617534.0,167.13,3299360.0,15.94,8265517.0,130.11,3666362.0,04/22/2024,5.49,5.5,5.42,5.44,5.39,5.16,4.97,4.81,4.66,4.65,4.62,4.84,4.72,2024-05-23,80.57,0.005134117677486852,-0.003478879654733546,169.48250000000002,173.583,-0.029421846435100596,0.014026151017475804,50.526315789473635,stable,313.023,77.2,0.0
2024-04-26,169.3,44838350.0,179.62,43919770.0,171.95,64665300.0,406.32,29694650.0,443.29,32691440.0,87.74,551010800.0,125.06,5512196.0,117.96,27289470.0,165.89,9736350.0,198.39,1954070.0,151.41,4206800.0,165.8,2065193.0,15.96,5346991.0,130.24,4823139.0,04/23/2024,5.49,5.5,5.45,5.44,5.39,5.14,4.86,4.76,4.63,4.62,4.61,4.84,4.73,2024-05-24,80.86,-0.003478879654733546,0.02450531024782426,169.37349999999998,173.28600000000003,-0.04106485414896632,0.013858345745918906,51.47007955724667,stable,313.023,77.2,0.0
2024-04-29,173.5,68169420.0,180.96,54063940.0,166.15,45610020.0,402.25,19582090.0,432.62,21502650.0,87.76,388970800.0,127.7,5004467.0,119.64,17343760.0,166.33,6366752.0,200.51,2051929.0,151.54,2823654.0,167.51,2082920.0,15.98,8108237.0,130.22,3915236.0,04/24/2024,5.49,5.5,5.46,5.44,5.4,5.17,4.89,4.78,4.64,4.66,4.65,4.88,4.78,2024-05-27,79.81,0.02450531024782426,-0.018439867514427888,169.547,173.0788,0.004690485841681635,0.014806113444444682,56.005017246785854,stable,313.023,77.2,0.0
2024-04-30,170.33,65934780.0,175.0,94639790.0,162.78,33562860.0,389.33,28781370.0,430.17,18429500.0,86.4,363708700.0,124.64,5054483.0,118.27,21083290.0,161.27,8457341.0,181.72,5782073.0,143.21,3763934.0,159.87,4144124.0,15.73,13967290.0,125.62,6296791.0,04/25/2024,5.48,5.51,5.47,5.46,5.41,5.21,4.96,4.85,4.7,4.71,4.7,4.93,4.82,2024-05-28,80.71,-0.018439867514427888,-0.006065442733396251,169.6215,172.8392,0.005608690518361215,0.015342489122198379,53.843834790473345,stable,313.023,77.2,0.0
2024-05-01,169.3,50383150.0,179.0,94645150.0,163.86,33493150.0,394.94,23562480.0,439.19,20344950.0,83.04,559863200.0,118.78,7204532.0,116.03,27789760.0,159.63,7714962.0,178.97,3856878.0,140.21,2537281.0,155.66,3979671.0,15.48,13243720.0,124.34,5433051.0,04/26/2024,5.48,5.51,5.46,5.45,5.4,5.21,4.96,4.84,4.68,4.68,4.67,4.89,4.78,2024-05-29,79.62,-0.006065442733396251,0.021792700729467398,169.60399999999998,172.59399999999997,0.007738095238095211,0.015372528783316514,39.346696362286586,stable,313.175,69.1,0.0
2024-05-02,173.03,94214920.0,184.72,54303510.0,166.62,24294550.0,397.84,17709360.0,441.68,15221320.0,85.82,377897500.0,123.39,4856908.0,116.24,25513650.0,160.73,8597124.0,182.95,2682721.0,143.87,2310273.0,157.34,2416078.0,15.78,9604606.0,122.25,7685897.0,04/29/2024,5.48,5.51,5.45,5.45,5.43,5.2,4.97,4.8,4.65,4.64,4.63,4.86,4.75,2024-05-30,80.23,0.021792700729467398,0.058095512753197624,169.8145,172.4082,0.03585967432950188,0.0160766636675015,43.964334705075416,stable,313.175,69.1,0.0
2024-05-03,183.38,163224100.0,186.21,39172000.0,167.24,34662430.0,406.66,17446720.0,451.96,16489060.0,88.79,398340700.0,125.1,3942765.0,116.0,28023310.0,160.25,11664510.0,182.55,1868555.0,143.61,1806203.0,156.84,2356803.0,15.89,9335518.0,122.23,5020657.0,04/30/2024,5.48,5.51,5.46,5.45,5.44,5.25,5.04,4.87,4.72,4.71,4.69,4.9,4.79,2024-05-31,80.85,0.058095512753197624,-0.009148492960789133,170.50449999999998,172.3884,0.11139393939393938,0.020506650260127157,64.99298737727914,disruption,313.175,69.1,0.0
2024-05-06,181.71,78569670.0,188.7,34725300.0,168.1,21871280.0,413.54,16996640.0,465.68,15094630.0,92.14,376202600.0,129.33,5025217.0,116.75,31401260.0,162.3,8430277.0,182.78,1906330.0,145.12,2239088.0,158.2,2128435.0,16.06,12790920.0,123.55,4848582.0,05/01/2024,5.47,5.5,5.46,5.51,5.43,5.21,4.96,4.79,4.64,4.64,4.63,4.85,4.74,2024-06-03,81.66,-0.009148492960789133,0.00379006797926549,171.1675,172.37220000000002,0.09569464544138939,0.020580892702192707,68.12702146427529,disruption,313.175,69.1,0.0
2024-05-07,182.4,77305770.0,188.76,34048900.0,171.25,28039700.0,409.34,20018230.0,468.24,13406820.0,90.55,437341600.0,127.55,3247051.0,116.17,30121970.0,162.67,6869948.0,180.92,1706675.0,145.21,2212394.0,156.67,2268031.0,16.13,11132310.0,123.54,5902236.0,05/02/2024,5.51,5.47,5.46,5.5,5.42,5.16,4.87,4.71,4.57,4.57,4.58,4.82,4.72,2024-06-04,81.39,0.00379006797926549,0.00186229993024347,171.804,172.39700000000002,0.09286998202516483,0.020565112603819352,71.60864345738302,disruption,313.175,69.1,0.0
2024-05-08,182.74,45057090.0,188.0,26136350.0,169.38,19569150.0,410.54,11792310.0,472.6,11683930.0,90.41,325721000.0,131.61,4921451.0,116.15,18957170.0,162.54,6706361.0,180.93,1844618.0,146.94,2918980.0,157.07,2776449.0,16.25,15058320.0,123.06,4200328.0,05/03/2024,5.51,5.48,5.45,5.5,5.41,5.12,4.81,4.63,4.48,4.49,4.5,4.75,4.66,2024-06-05,80.66,0.00186229993024347,0.009964417748725246,172.55200000000002,172.39919999999998,0.0811738255827712,0.02027507393799409,74.00611620795117,disruption,313.175,69.1,0.0
2024-05-09,184.57,48982970.0,189.5,43368380.0,169.96,15346700.0,412.32,14689730.0,475.42,9437651.0,88.75,378012700.0,131.68,6675427.0,118.44,17563980.0,165.45,6683313.0,182.93,1295908.0,147.72,2187108.0,158.87,1676895.0,16.23,20722380.0,123.39,5430639.0,05/06/2024,5.51,5.48,5.45,5.5,5.42,5.12,4.82,4.64,4.48,4.48,4.49,4.73,4.64,2024-06-06,79.15,0.009964417748725246,-0.008269455752954628,173.02849999999998,172.46219999999997,0.08640885278709765,0.018266391571053267,80.11695906432757,stable,313.175,69.1,0.0
2024-05-10,183.05,50759500.0,187.48,34141770.0,168.65,29799930.0,414.74,13402280.0,476.2,10750000.0,89.88,335325400.0,132.77,4536936.0,117.96,13648130.0,165.82,5490944.0,179.56,1584400.0,145.6,1808750.0,156.13,2036168.0,15.94,15174470.0,121.91,4515911.0,05/07/2024,5.51,5.48,5.45,5.51,5.41,5.13,4.82,4.6,4.48,4.47,4.47,4.7,4.61,2024-06-07,77.47,-0.008269455752954628,0.017491578547931153,173.3535,172.5082,0.08121677495570001,0.01836662944006172,75.94211637021417,disruption,313.175,69.1,0.0
2024-05-13,186.28,72044810.0,186.57,24898610.0,169.14,31327600.0,413.72,15440230.0,468.01,14668800.0,90.4,289680200.0,131.01,4105780.0,117.91,15060620.0,164.53,6848303.0,177.86,1681005.0,145.08,1748028.0,155.93,1510482.0,15.82,15719460.0,121.59,6421346.0,05/08/2024,5.51,5.47,5.45,5.5,5.41,5.13,4.84,4.63,4.5,4.49,4.48,4.73,4.64,2024-06-10,78.48,0.017491578547931153,0.0061545242567172895,174.033,172.64059999999998,0.07365994236311235,0.0177779313445245,77.41935483870978,stable,313.175,69.1,0.0
2024-05-14,187.43,52393620.0,187.07,38698160.0,170.34,25127140.0,416.56,15109310.0,471.85,10478550.0,91.36,296507100.0,134.12,4175759.0,117.67,15079130.0,163.61,4923968.0,174.51,4660938.0,144.85,1836028.0,155.93,2436755.0,15.87,10156590.0,121.04,6144949.0,05/09/2024,5.51,5.48,5.46,5.5,5.41,5.12,4.8,4.6,4.47,4.46,4.45,4.7,4.6,2024-06-11,78.48,0.0061545242567172895,0.012143858638487333,174.9355,172.8872,0.10039335407737915,0.016924919611245506,76.78207739307547,stable,313.175,69.1,1.0
2024-05-15,189.72,70399990.0,185.99,75459930.0,172.51,26948370.0,423.08,22239530.0,481.54,13100470.0,94.63,417735500.0,149.16,16982540.0,118.58,18244300.0,163.05,7603063.0,172.65,2546599.0,146.21,1870392.0,157.71,2799067.0,15.89,8921752.0,120.7,6138611.0,05/10/2024,5.51,5.47,5.47,5.51,5.43,5.17,4.87,4.65,4.52,4.51,4.5,4.74,4.64,2024-06-12,80.9,0.012143858638487333,0.0006323111181272563,176.0215,173.27920000000003,0.12061429415239222,0.01669650350661831,77.70326906957261,stable,313.175,69.1,0.0
2024-05-16,189.84,52845230.0,183.63,38834450.0,174.18,27867950.0,420.99,17530050.0,473.23,16608180.0,94.36,323951800.0,146.3,9411534.0,117.87,15745200.0,161.09,6409418.0,174.77,2788157.0,145.85,1630510.0,158.5,2597646.0,15.83,9338318.0,119.83,5002908.0,05/13/2024,5.5,5.47,5.45,5.51,5.43,5.16,4.85,4.66,4.5,4.49,4.48,4.72,4.63,2024-06-13,80.24,0.0006323111181272563,0.00015801532781546361,177.1615,173.69359999999998,0.0971507831011964,0.01651930544459624,79.07701019252555,stable,313.175,69.1,0.0
2024-05-17,189.87,41282930.0,184.7,33175660.0,176.06,24479260.0,420.21,15352240.0,471.91,10807290.0,92.48,359691000.0,149.52,9893472.0,119.64,15104470.0,162.67,5497919.0,179.67,3142696.0,147.08,1886265.0,166.06,4098450.0,15.96,10734840.0,121.71,4450253.0,05/14/2024,5.5,5.47,5.44,5.51,5.43,5.16,4.81,4.62,4.46,4.45,4.45,4.69,4.59,2024-06-14,78.96,0.00015801532781546361,0.006143202748913628,178.405,174.111,0.03539099138401136,0.016004782721734504,76.27608346709478,stable,313.175,69.1,0.0
2024-05-20,191.04,44361280.0,183.54,30511770.0,176.92,22554400.0,425.34,16272140.0,468.84,11745080.0,94.78,318764500.0,145.45,10586920.0,118.67,11551250.0,161.14,4913820.0,176.08,2454906.0,144.42,1969301.0,163.78,3089149.0,16.13,16246930.0,120.89,2814786.0,05/15/2024,5.49,5.46,5.45,5.5,5.4,5.1,4.73,4.51,4.35,4.35,4.36,4.61,4.52,2024-06-17,77.97,0.006143202748913628,0.006833798994066926,179.66500000000002,174.5172,0.05134555060260837,0.015999752639098072,85.52315608919389,stable,313.175,69.1,0.0
2024-05-21,192.35,42309400.0,183.15,50839130.0,177.85,16989370.0,429.04,21453260.0,464.63,11742190.0,95.39,328946500.0,147.24,6665689.0,117.85,14494980.0,159.97,4783287.0,176.58,2345371.0,144.14,1804347.0,162.39,2206794.0,15.93,10457520.0,120.41,2756867.0,05/16/2024,5.51,5.47,5.45,5.53,5.41,5.13,4.78,4.58,4.4,4.39,4.38,4.62,4.52,2024-06-18,75.26,0.006833798994066926,-0.007566898466602133,180.9375,174.90919999999997,0.054550438596491224,0.015999019484522915,89.16072035338098,stable,313.175,69.1,0.0
2024-05-22,190.9,34648550.0,183.13,28148780.0,176.38,17880040.0,430.52,18073700.0,467.78,10078610.0,94.95,548648000.0,147.78,4708365.0,115.48,17879250.0,157.57,6260509.0,176.02,2249980.0,142.9,2441760.0,162.0,2510035.0,15.73,10092450.0,118.19,4468079.0,05/17/2024,5.5,5.47,5.46,5.5,5.41,5.14,4.83,4.6,4.44,4.43,4.42,4.66,4.56,2024-06-19,74.27,-0.007566898466602133,-0.0212830310918398,182.0315,175.26260000000002,0.0446536062164824,0.016266673953692176,82.90976058931871,stable,313.175,69.1,1.0
2024-05-23,186.88,51005920.0,181.05,33670170.0,173.55,21024940.0,427.0,17211690.0,465.78,11747910.0,103.8,835065300.0,153.57,16843130.0,113.51,15979840.0,156.94,6718378.0,176.56,2740747.0,142.19,1696843.0,162.56,2251419.0,15.41,16805370.0,117.65,3757306.0,05/20/2024,5.5,5.47,5.45,5.51,5.43,5.15,4.82,4.62,4.46,4.44,4.44,4.68,4.58,2024-06-20,75.08,-0.0212830310918398,0.016452103822174123,182.881,175.5776,0.012515576745950163,0.017382366958050986,58.40537944284345,stable,313.175,69.1,0.0
2024-05-24,189.98,36326980.0,180.75,27471640.0,174.99,16579440.0,430.16,11855290.0,478.22,12024250.0,106.47,429493700.0,160.18,17563660.0,113.42,12212950.0,157.75,4477720.0,177.8,1805957.0,142.68,1250654.0,162.42,1794632.0,15.44,12152520.0,117.25,2851146.0,05/21/2024,5.5,5.47,5.45,5.51,5.42,5.14,4.82,4.61,4.43,4.42,4.41,4.65,4.55,2024-06-21,76.52,0.016452103822174123,5.2635734412367455e-05,183.91500000000002,175.91719999999998,0.037858508604206476,0.01745599071437962,68.58426966292136,stable,313.175,69.1,0.0
2024-05-28,189.99,52280050.0,182.15,29926960.0,176.4,20572160.0,430.32,15718020.0,479.92,10175770.0,113.9,652727900.0,166.08,18692640.0,114.86,13978310.0,159.04,6928298.0,179.16,2380997.0,142.76,1590188.0,163.57,1912800.0,15.49,11450060.0,118.96,3830701.0,05/22/2024,5.49,5.48,5.45,5.5,5.43,5.16,4.86,4.64,4.47,4.44,4.43,4.63,4.55,2024-06-24,76.53,5.2635734412367455e-05,0.0015777851174667318,184.7395,176.2646,0.019916255099849733,0.016922307063349597,67.5938803894298,stable,313.175,69.1,0.0
2024-05-29,190.29,53068020.0,182.02,32009290.0,175.9,23388690.0,429.17,15517130.0,474.36,9226218.0,114.83,557441900.0,179.21,23215890.0,113.63,13902000.0,156.9,5909632.0,172.46,2624477.0,138.19,2221036.0,155.69,3774139.0,15.43,9261860.0,115.25,14291210.0,05/23/2024,5.51,5.48,5.46,5.51,5.44,5.2,4.91,4.71,4.52,4.5,4.47,4.67,4.58,2024-06-25,78.75,0.0015777851174667318,0.0052413768506466675,185.7375,176.59600000000003,0.01525903003788076,0.016061727093048695,67.53367394333489,stable,313.175,69.1,0.0
2024-05-30,191.29,49947940.0,179.32,29249230.0,172.11,22958680.0,414.67,28424850.0,467.05,10735230.0,110.5,487350300.0,169.92,44465960.0,113.99,14691980.0,158.26,6371243.0,172.01,2571753.0,138.39,1951202.0,150.9,3970068.0,15.54,7973071.0,113.58,9917059.0,05/24/2024,5.56,5.53,5.46,5.51,5.44,5.21,4.93,4.71,4.53,4.49,4.46,4.65,4.57,2024-06-26,78.88,0.0052413768506466675,0.005006007221191284,186.83700000000002,176.9002,0.008275353152013443,0.01582902088107327,66.23188405797104,stable,313.175,69.1,0.0
2024-05-31,192.25,75158280.0,176.44,58903940.0,172.5,37638880.0,415.13,47995250.0,466.83,16919810.0,109.63,613262500.0,139.56,67192830.0,117.26,29037380.0,162.3,10334230.0,176.61,3935572.0,142.11,3669964.0,157.14,4902497.0,15.67,7126861.0,116.48,13830210.0,05/28/2024,5.5,5.48,5.46,5.51,5.43,5.21,4.94,4.75,4.56,4.56,4.54,4.74,4.66,2024-06-27,79.56,0.005006007221191284,0.00921617789742773,187.798,177.1718,0.0126949009692372,0.015392488010398605,72.84011916583911,stable,313.175,69.1,0.0
2024-06-03,194.03,50080540.0,178.34,30786640.0,173.17,27459120.0,413.52,17484680.0,477.49,11279390.0,115.0,438391800.0,132.03,41199160.0,114.45,19589340.0,157.46,9009935.0,174.75,2513923.0,138.93,2345919.0,153.94,2887604.0,15.38,12170050.0,113.87,7129476.0,05/29/2024,5.5,5.48,5.46,5.47,5.43,5.22,4.96,4.79,4.63,4.63,4.61,4.82,4.74,2024-06-28,79.61,0.00921617789742773,0.0016478710150511398,188.3305,177.625,0.021909727708432136,0.009196363312339173,70.73301230604602,stable,313.044,68.2,0.0
2024-06-04,194.35,47471450.0,179.34,27198390.0,173.79,26879600.0,416.07,14348920.0,476.99,7088718.0,116.44,403324000.0,135.76,21568420.0,112.67,19412240.0,156.13,6360542.0,175.26,2318969.0,136.99,3146978.0,155.38,2997294.0,15.37,13451570.0,112.27,7683582.0,05/30/2024,5.48,5.48,5.46,5.48,5.42,5.19,4.92,4.74,4.57,4.57,4.55,4.76,4.69,2024-07-01,79.41,0.0016478710150511398,0.007790516568419784,188.9625,178.0664,0.017326214405360085,0.0087633609473712,69.37290033594623,stable,313.044,68.2,0.0
2024-06-05,195.87,54156790.0,181.28,32116390.0,175.41,22068520.0,424.01,16988040.0,495.06,15690480.0,122.44,528401800.0,137.66,19148570.0,113.12,14863520.0,154.98,7058506.0,173.92,2148547.0,137.39,2190448.0,154.04,1939169.0,15.38,9372612.0,112.23,5119098.0,05/31/2024,5.48,5.48,5.46,5.46,5.42,5.18,4.89,4.69,4.52,4.52,4.51,4.73,4.65,2024-07-02,81.33,0.007790516568419784,-0.007121843858783997,189.63600000000002,178.5668,0.01829997400571881,0.008819112870702576,67.99297834991225,stable,313.044,68.2,0.0
2024-06-06,194.48,41181750.0,185.0,31371150.0,176.73,23251010.0,424.52,14861250.0,493.76,10667340.0,121.0,664696200.0,133.96,13929140.0,113.97,13154090.0,155.93,5215140.0,175.73,2229137.0,138.37,1567550.0,155.77,1981031.0,15.45,7561537.0,112.2,5355190.0,06/03/2024,5.49,5.49,5.52,5.46,5.39,5.14,4.82,4.62,4.42,4.41,4.41,4.63,4.55,2024-07-03,82.67,-0.007121843858783997,0.01231586714587319,190.223,179.06220000000002,0.01875327396542681,0.009133473006845999,62.636165577342,stable,313.044,68.2,0.0
2024-06-07,196.89,53103910.0,184.3,28021470.0,174.46,19661400.0,423.85,13621650.0,492.96,9380745.0,120.89,412385800.0,129.97,19597620.0,112.75,13289200.0,156.08,5887651.0,175.1,1908971.0,138.07,1687292.0,154.43,1979605.0,15.48,8538710.0,112.0,4375865.0,06/04/2024,5.48,5.48,5.52,5.45,5.38,5.11,4.77,4.55,4.35,4.33,4.33,4.56,4.48,2024-07-04,82.67,0.01231586714587319,-0.019333439804519667,190.839,179.5338,0.05356378424657526,0.009240811830512884,66.92381870781094,stable,313.044,68.2,0.0
2024-06-10,193.12,97262080.0,187.06,34494500.0,175.01,23779220.0,427.87,14003030.0,502.6,11236920.0,121.79,314162700.0,132.45,14011900.0,113.08,15245230.0,156.74,7075943.0,174.34,2526075.0,138.12,1861528.0,154.59,2285383.0,15.7,8271694.0,113.3,5307542.0,06/05/2024,5.48,5.48,5.51,5.46,5.37,5.08,4.72,4.5,4.31,4.29,4.29,4.52,4.44,2024-07-05,83.34,-0.019333439804519667,0.07013141117418949,191.3425,179.96660000000003,0.016528055584798418,0.010242399892138062,54.4558697514996,stable,313.044,68.2,0.0
2024-06-11,207.15,172373300.0,187.23,27265110.0,176.62,21540580.0,432.68,14551100.0,507.47,9673715.0,120.91,222551200.0,131.64,9176373.0,112.17,12462400.0,156.49,5132009.0,174.46,2097809.0,138.29,1692571.0,153.6,2083499.0,15.57,6129930.0,113.63,4181946.0,06/06/2024,5.48,5.47,5.51,5.45,5.36,5.08,4.72,4.49,4.29,4.28,4.28,4.51,4.43,2024-07-08,81.71,0.07013141117418949,0.028177581693864077,192.38600000000002,180.709,0.09032054318648353,0.018042699702904997,70.52135330005548,stable,313.044,68.2,0.0
2024-06-12,213.07,198134300.0,186.89,33984220.0,177.79,27864740.0,441.06,22366230.0,508.84,11983230.0,125.2,299595000.0,131.81,11427930.0,110.93,13606790.0,154.22,10017420.0,168.76,3080335.0,136.01,2217708.0,148.38,3793340.0,15.48,10363750.0,112.19,8650055.0,06/07/2024,5.47,5.47,5.52,5.47,5.4,5.17,4.87,4.65,4.46,4.45,4.43,4.64,4.55,2024-07-09,82.63,0.028177581693864077,0.0054761317255874456,193.66799999999998,181.5936,0.119712018498082,0.018754958115185065,77.35011102886749,disruption,313.044,68.2,0.0
2024-06-13,214.24,97862730.0,183.83,39721550.0,175.16,20913300.0,441.58,15960570.0,504.1,9954621.0,129.61,260704500.0,135.02,16066820.0,110.04,14466870.0,152.84,6163015.0,170.51,3284135.0,137.67,3486365.0,149.82,2669060.0,15.3,17116310.0,110.89,5939304.0,06/10/2024,5.47,5.48,5.52,5.46,5.4,5.16,4.87,4.62,4.48,4.47,4.47,4.68,4.59,2024-07-10,81.97,0.0054761317255874456,-0.00820195350922139,194.894,182.4854,0.11997490720894977,0.01870688429001059,86.30573248407644,disruption,313.044,68.2,0.0
2024-06-14,212.49,70122750.0,183.66,25456410.0,176.79,18063560.0,442.57,13581990.0,504.16,10243350.0,131.88,309320400.0,134.98,12995280.0,109.11,13313430.0,152.57,6159138.0,170.07,2933965.0,136.76,2107760.0,150.07,2641848.0,15.16,13276190.0,109.39,5690366.0,06/11/2024,5.46,5.47,5.52,5.46,5.39,5.17,4.81,4.57,4.41,4.4,4.39,4.62,4.53,2024-07-11,82.19,-0.00820195350922139,0.019480530284974665,196.0265,183.3588,0.10527958387516256,0.018945005228259922,80.97990641343245,disruption,313.044,68.2,1.0
2024-06-17,216.67,93728300.0,184.06,35601910.0,177.24,19618500.0,448.37,20790030.0,506.63,11266600.0,130.98,288504400.0,142.03,26911430.0,108.36,21147940.0,153.19,6321386.0,171.73,3006493.0,137.29,1790833.0,151.11,1804044.0,15.32,10193830.0,109.54,5754208.0,06/12/2024,5.47,5.47,5.51,5.47,5.38,5.13,4.75,4.48,4.32,4.31,4.31,4.56,4.47,2024-07-12,83.04,0.019480530284974665,-0.01104522088362487,197.3665,184.3006,0.11668298716693282,0.01914262105600732,82.93827160493827,disruption,313.044,68.2,0.0
2024-06-18,214.29,79943250.0,182.81,36659160.0,175.09,21869860.0,446.34,17112500.0,499.49,13060430.0,135.58,294335100.0,149.15,33500100.0,109.38,17762920.0,153.33,6942882.0,172.45,2558032.0,135.85,2588767.0,149.94,2552042.0,15.48,8781044.0,109.41,5690191.0,06/13/2024,5.47,5.47,5.51,5.45,5.36,5.07,4.68,4.42,4.24,4.23,4.24,4.5,4.4,2024-07-15,82.83,-0.01104522088362487,-0.021747678819839824,198.529,185.21740000000003,0.10259840493954209,0.01954588868633316,78.18224518553312,disruption,313.044,68.2,0.0
2024-06-20,209.68,86172450.0,186.1,44726780.0,176.3,20160090.0,445.7,19877380.0,501.7,11801180.0,130.78,517768400.0,148.52,39976430.0,111.74,17433190.0,156.64,8336031.0,173.66,3176698.0,137.96,2740482.0,152.47,3203997.0,15.7,9641781.0,111.33,5442578.0,06/14/2024,5.47,5.47,5.51,5.45,5.36,5.07,4.67,4.41,4.22,4.2,4.2,4.46,4.34,2024-07-16,84.7,-0.021747678819839824,-0.01049941327679117,199.39550000000003,186.0176,0.07050594782253539,0.020484217379303428,69.90690625676557,disruption,313.044,68.2,0.0
2024-06-21,207.49,246421400.0,189.08,72931750.0,179.63,58582740.0,449.78,34486170.0,494.78,23130730.0,126.57,655484700.0,145.06,16788890.0,110.76,52220570.0,155.28,21292090.0,172.67,7346460.0,138.09,6463625.0,150.21,7128141.0,15.72,8836479.0,111.34,27097210.0,06/17/2024,5.45,5.47,5.52,5.46,5.39,5.11,4.75,4.5,4.3,4.28,4.28,4.52,4.4,2024-07-17,84.09,-0.01049941327679117,0.003127784471353396,200.225,186.8118,0.06689633895516267,0.020583983844735403,66.06916912695067,disruption,313.044,68.2,0.0
2024-06-24,208.14,80727010.0,185.57,50610380.0,179.22,18298010.0,447.67,15913720.0,498.91,13525280.0,118.11,476060900.0,137.56,14014980.0,114.05,16266690.0,159.31,7971620.0,173.99,2327773.0,138.55,1919236.0,150.73,2851365.0,15.91,9214897.0,115.17,8802734.0,06/18/2024,5.4,5.46,5.5,5.45,5.37,5.09,4.69,4.43,4.24,4.22,4.22,4.47,4.36,2024-07-18,85.19,0.003127784471353396,0.004458193908823937,201.28799999999998,187.4738,0.05713850373304896,0.019700260474511476,65.24087275869519,disruption,313.044,68.2,0.0
2024-06-25,209.07,56713870.0,186.34,45898480.0,184.03,23235590.0,450.95,16747530.0,510.6,12109770.0,126.09,425787500.0,140.35,8466362.0,114.37,16213680.0,158.46,6056711.0,175.19,2149543.0,140.24,1935058.0,153.79,4862904.0,16.0,6299119.0,114.99,4961491.0,06/20/2024,5.42,5.46,5.5,5.46,5.37,5.1,4.7,4.45,4.26,4.25,4.25,4.49,4.39,2024-07-19,85.19,0.004458193908823937,0.01979606225325129,202.2425,188.12419999999997,0.08259113504556748,0.01952750224012653,65.69296375266526,disruption,313.044,68.2,0.0
2024-06-26,213.25,66213190.0,193.61,65103890.0,183.88,19838970.0,452.16,16507030.0,513.12,8882337.0,126.4,362975900.0,138.24,12714060.0,114.41,15771750.0,155.95,8637756.0,174.3,1704099.0,139.78,1517679.0,153.58,3843074.0,15.92,16828800.0,113.61,5366540.0,06/21/2024,5.42,5.46,5.49,5.45,5.36,5.1,4.7,4.45,4.26,4.25,4.25,4.49,4.39,2024-07-22,84.44,0.01979606225325129,0.003978009223848612,203.40550000000002,188.93540000000002,0.029447260439295242,0.01977304219425492,67.53430185633577,disruption,313.044,68.2,0.0
2024-06-27,214.1,49772710.0,197.85,74397490.0,185.41,18848880.0,452.85,14806320.0,519.56,10121200.0,123.99,252571700.0,139.43,9483004.0,114.9,16812730.0,156.32,5568733.0,172.91,1648826.0,139.4,1847282.0,154.04,2540244.0,16.03,5476587.0,113.97,3846595.0,06/24/2024,5.42,5.46,5.5,5.45,5.37,5.1,4.71,4.46,4.27,4.25,4.25,4.48,4.38,2024-07-23,83.63,0.003978009223848612,-0.016387633643185913,204.59599999999998,189.8298,0.004834092082414143,0.019753503040179643,70.01223990208082,disruption,313.044,68.2,0.0
2024-06-28,210.62,82542720.0,193.25,76930190.0,182.15,29156640.0,446.95,28362270.0,504.22,15855140.0,123.54,315516700.0,137.91,20573570.0,115.12,24565910.0,156.42,11283390.0,173.48,3656319.0,141.17,10211530.0,156.76,3899070.0,16.22,12587040.0,114.38,7191846.0,06/25/2024,5.43,5.46,5.49,5.44,5.37,5.1,4.65,4.45,4.25,4.23,4.23,4.46,4.36,2024-07-24,82.78,-0.016387633643185913,0.02868905370820015,205.5625,190.68219999999997,-0.01689693801344294,0.020373488396489826,63.70533040527056,disruption,313.044,68.2,0.0
2024-07-01,216.75,60402930.0,197.2,41192010.0,182.99,16006130.0,456.73,17662820.0,504.68,10328150.0,124.3,284885500.0,142.82,11565660.0,114.96,11972880.0,156.52,5584116.0,174.79,1705250.0,140.93,1422906.0,157.98,2205479.0,16.36,12502850.0,114.36,3925186.0,06/26/2024,5.44,5.46,5.5,5.46,5.36,5.13,4.71,4.53,4.32,4.32,4.32,4.55,4.45,2024-07-25,83.39,0.02868905370820015,0.01610945093541497,206.7875,191.6764,0.020048002258929776,0.021061906452774826,72.52621544327934,disruption,313.569,66.4,0.0
2024-07-02,220.27,58046180.0,200.0,45600010.0,185.24,17372490.0,459.28,13979780.0,509.5,7739479.0,122.67,218374000.0,143.47,7748248.0,114.18,13326700.0,156.75,7216801.0,174.14,2531590.0,140.47,2622108.0,157.96,2927943.0,16.4,10611010.0,114.12,3836725.0,06/27/2024,5.48,5.46,5.49,5.45,5.35,5.1,4.7,4.49,4.29,4.27,4.29,4.53,4.43,2024-07-26,83.92,0.01610945093541497,0.00579423104943228,208.09949999999998,192.7818,0.016615128998015427,0.021173458239251455,65.64139246542683,disruption,313.569,66.4,0.0
2024-07-03,221.55,37369800.0,197.59,31597930.0,185.82,10242130.0,460.77,9932830.0,509.96,6005615.0,128.28,215749000.0,142.67,13173320.0,114.76,7732928.0,156.71,3264196.0,174.99,1344597.0,140.37,1081569.0,158.5,1479921.0,16.33,6029352.0,114.77,2326248.0,06/28/2024,5.47,5.47,5.48,5.45,5.33,5.09,4.71,4.52,4.33,4.33,4.36,4.61,4.51,2024-07-29,83.49,0.00579423104943228,0.021389995892297006,209.45950000000002,193.89600000000002,0.03387932241355185,0.02114535708691838,61.36729222520111,disruption,313.569,66.4,0.0
2024-07-05,226.34,60412410.0,200.0,39858890.0,190.6,20967450.0,467.56,16000290.0,539.91,21354090.0,125.83,214176700.0,138.96,8901174.0,113.37,12630990.0,154.31,6183056.0,170.74,1587492.0,138.4,1605457.0,152.78,2416520.0,16.18,8281319.0,112.55,4188395.0,07/01/2024,5.48,5.48,5.47,5.45,5.37,5.1,4.77,4.58,4.44,4.45,4.48,4.76,4.64,2024-07-30,83.22,0.021389995892297006,0.006517549933970494,210.983,195.0848,0.07945440671499426,0.021404441882407095,64.78494623655916,disruption,313.569,66.4,0.0
2024-07-08,227.82,59085860.0,199.29,34767260.0,189.03,21035890.0,466.24,12962320.0,529.32,14917500.0,128.2,237677300.0,145.97,12355620.0,112.18,13350550.0,154.33,4990726.0,167.47,1897578.0,135.95,1646969.0,147.96,2493849.0,16.09,8250090.0,112.23,4199597.0,07/02/2024,5.48,5.47,5.47,5.44,5.36,5.07,4.74,4.54,4.39,4.4,4.43,4.71,4.6,2024-07-31,81.92,0.006517549933970494,0.0037678029240046994,212.65,196.26080000000002,0.09798062557231657,0.02113876532698216,68.85608856088562,disruption,313.569,66.4,0.0
2024-07-09,228.68,48169820.0,199.34,32756740.0,188.98,15141310.0,459.54,17228510.0,530.0,8769088.0,131.38,287020800.0,145.74,11414730.0,110.94,11729090.0,152.98,5303129.0,162.92,3710051.0,132.81,2594614.0,146.3,3027950.0,16.12,12469480.0,111.19,3461634.0,07/03/2024,5.49,5.54,5.47,5.47,5.36,5.04,4.71,4.48,4.33,4.33,4.36,4.64,4.53,2024-08-01,84.16,0.0037678029240046994,0.01862896657586023,214.2395,197.4366,0.09868357836071895,0.021131438186200068,66.08625770158054,disruption,313.569,66.4,0.0
2024-07-10,232.98,62627690.0,199.79,32883750.0,191.18,15952450.0,466.25,18196100.0,534.69,10983280.0,134.91,248978600.0,145.77,7387342.0,111.92,10004090.0,155.13,5416594.0,162.18,2457599.0,133.97,2052311.0,144.9,2640050.0,16.28,18227690.0,112.53,3867878.0,07/05/2024,5.48,5.53,5.46,5.46,5.34,4.98,4.6,4.39,4.22,4.23,4.28,4.57,4.47,2024-08-02,84.17,0.01862896657586023,-0.02349472960050368,216.2325,198.71020000000001,0.11436361027407083,0.02028377597850282,73.80891719745226,disruption,313.569,66.4,0.0
2024-07-11,227.57,64710620.0,195.05,44565040.0,185.57,25625780.0,454.7,23111180.0,512.7,16458250.0,127.4,374782700.0,140.72,8248942.0,113.25,13084880.0,155.26,8323125.0,164.29,2212458.0,136.92,1900212.0,146.64,2137074.0,16.31,9160256.0,113.99,5839484.0,07/08/2024,5.48,5.53,5.46,5.46,5.33,4.99,4.62,4.4,4.23,4.23,4.28,4.57,4.46,2024-08-05,81.43,-0.02349472960050368,0.012966499801739235,217.25350000000003,199.7916,0.06715123094958964,0.015843483603567698,72.33458177278403,stable,313.569,66.4,0.0
2024-07-12,230.54,53046530.0,194.49,30598530.0,185.07,22898410.0,453.55,16324270.0,498.87,19750540.0,129.24,252680500.0,139.57,7376405.0,113.27,11684950.0,155.59,6446316.0,165.46,2256566.0,138.64,1810122.0,147.92,2311210.0,16.25,11332870.0,113.14,4505875.0,07/09/2024,5.45,5.51,5.46,5.46,5.34,5.02,4.62,4.37,4.24,4.25,4.3,4.59,4.49,2024-08-06,81.25,0.012966499801739235,0.01660467452999099,218.127,200.99579999999997,0.07678654834189635,0.014999816122158689,78.22679402400198,stable,313.569,66.4,0.0
2024-07-15,234.4,62631250.0,192.72,40683230.0,186.53,16474040.0,453.96,14429450.0,496.16,12539160.0,128.44,208326200.0,137.22,8064648.0,115.21,13032500.0,158.04,5661170.0,166.71,2198834.0,140.07,1627444.0,148.75,2442322.0,16.39,18740350.0,114.57,5118338.0,07/10/2024,5.46,5.5,5.46,5.46,5.33,5.01,4.62,4.38,4.24,4.24,4.28,4.58,4.47,2024-08-07,78.24,0.01660467452999099,0.001790205499208203,219.135,202.29780000000002,0.11290475738296468,0.015263877558587472,79.81380563124435,stable,313.569,66.4,0.0
2024-07-16,234.82,43234280.0,193.02,33994710.0,183.92,18290720.0,449.52,17175680.0,489.79,14075830.0,126.36,214769500.0,134.26,10254530.0,116.04,13614050.0,157.77,6924187.0,167.67,2271626.0,139.78,1570499.0,148.83,2483259.0,16.36,19774920.0,115.19,4633690.0,07/11/2024,5.48,5.53,5.44,5.41,5.25,4.91,4.5,4.26,4.13,4.15,4.2,4.51,4.41,2024-08-08,78.78,0.001790205499208203,-0.025621414460210976,220.2515,203.5336,0.08336793540945786,0.014987384478480461,79.57730300941881,stable,313.569,66.4,0.0
2024-07-17,228.88,57345880.0,187.93,48076140.0,181.02,20734070.0,443.52,21754020.0,461.99,28076600.0,117.99,390086200.0,125.17,18887630.0,117.64,13602770.0,161.23,7296622.0,165.56,3218719.0,140.74,2074767.0,150.05,4185157.0,16.11,23011780.0,116.08,6484037.0,07/12/2024,5.47,5.52,5.43,5.41,5.23,4.87,4.45,4.22,4.1,4.13,4.18,4.5,4.39,2024-08-09,79.43,-0.025621414460210976,-0.020748548148905522,220.862,204.4436,0.03908839151949883,0.016048851257334407,67.2554647825127,stable,313.569,66.4,0.0
2024-07-18,224.18,66034590.0,183.75,51043630.0,177.69,25315730.0,440.37,20794820.0,475.85,19267160.0,121.09,320979500.0,125.34,9659432.0,118.8,13033560.0,161.97,6577674.0,164.52,3014605.0,137.7,2405653.0,147.78,2327700.0,16.35,21972410.0,116.61,5957102.0,07/15/2024,5.48,5.51,5.43,5.4,5.23,4.85,4.44,4.23,4.13,4.16,4.23,4.56,4.46,2024-08-12,78.58,-0.020748548148905522,0.000579723086984512,221.3565,205.293,0.011870909501241256,0.016623921388081893,60.25641025641028,stable,313.569,66.4,0.0
2024-07-19,224.31,49151450.0,183.13,43081830.0,177.66,18881890.0,437.11,20940420.0,476.79,15149420.0,117.93,217223800.0,125.79,6932821.0,116.07,16157710.0,159.15,6427723.0,165.16,3037126.0,138.47,1787005.0,148.33,1582355.0,16.44,17613860.0,114.35,7559145.0,07/16/2024,5.48,5.5,5.43,5.4,5.23,4.85,4.43,4.21,4.09,4.11,4.17,4.48,4.38,2024-08-13,77.27,0.000579723086984512,-0.0015615591992412968,222.08800000000002,206.13119999999998,-0.008968807987982719,0.01564818846123968,64.94867875081897,stable,313.569,66.4,0.0
2024-07-22,223.96,48201840.0,182.55,39931920.0,181.67,24100350.0,442.94,15808760.0,487.4,12023090.0,123.54,258068900.0,128.74,6255215.0,115.27,12065880.0,156.99,5577286.0,165.9,2620859.0,140.11,1688581.0,149.02,2435375.0,16.38,16614330.0,112.32,5172805.0,07/17/2024,5.47,5.5,5.43,5.4,5.23,4.85,4.42,4.19,4.07,4.09,4.16,4.46,4.37,2024-08-14,76.17,-0.0015615591992412968,0.004677381180546939,222.91150000000002,206.9556,-0.016943200772539635,0.015356079030330337,59.01024743814048,stable,313.569,66.4,0.0
2024-07-23,225.01,39960260.0,186.41,47537670.0,181.79,36352710.0,444.85,13107050.0,488.69,9455527.0,122.59,173911000.0,125.85,5944621.0,113.41,11251730.0,154.09,6238721.0,163.97,2018340.0,137.07,1745908.0,146.87,1793665.0,16.4,31103980.0,110.83,5714279.0,07/18/2024,5.48,5.52,5.43,5.4,5.23,4.86,4.46,4.24,4.11,4.14,4.2,4.51,4.41,2024-08-15,79.36,0.004677381180546939,-0.02917578151864024,223.75499999999997,207.76440000000002,-0.01604862690222153,0.01535631604695331,56.31326584976024,stable,313.569,66.4,0.0
2024-07-24,218.54,61777580.0,180.83,41532360.0,172.63,49585200.0,428.9,26805800.0,461.27,17649740.0,114.25,327776900.0,116.12,15611380.0,115.01,14925180.0,155.07,5971731.0,167.55,2534886.0,138.17,1857631.0,148.82,3770326.0,16.18,38693210.0,111.1,4808122.0,07/19/2024,5.48,5.52,5.43,5.39,5.24,4.87,4.49,4.28,4.16,4.18,4.25,4.55,4.45,2024-08-16,77.74,-0.02917578151864024,-0.004816191682329889,224.2285,208.4742,-0.061979569061722084,0.017040854418615747,46.47788439035803,stable,313.569,66.4,0.0
2024-07-25,217.49,51391200.0,179.85,44464160.0,167.28,44851970.0,418.4,29943800.0,453.41,18240490.0,112.28,460067000.0,111.43,17363730.0,117.43,17021700.0,157.54,5432141.0,171.5,2366500.0,142.51,2014812.0,157.0,4182004.0,16.13,36175360.0,111.03,5492133.0,07/22/2024,5.49,5.51,5.43,5.39,5.24,4.88,4.5,4.29,4.17,4.2,4.26,4.57,4.48,2024-08-19,74.99,-0.004816191682329889,0.0021586872546282805,224.44050000000001,209.0984,-0.04429406336511832,0.016587057849149885,38.65093613747113,stable,313.569,66.4,0.0
2024-07-26,217.96,41601350.0,182.5,29505960.0,167.0,41336890.0,425.27,23583840.0,465.7,14222390.0,113.06,293399100.0,113.56,8419931.0,117.33,11252480.0,157.84,5232519.0,172.65,1789399.0,142.21,1813784.0,159.12,3151478.0,16.27,22057660.0,110.86,5199044.0,07/23/2024,5.49,5.51,5.41,5.38,5.22,4.85,4.4,4.26,4.15,4.18,4.25,4.56,4.48,2024-08-20,74.46,0.0021586872546282805,0.0012838149401997857,224.6335,209.709,-0.05456753708683948,0.016574760416414255,37.019483938915215,stable,313.569,66.4,0.0
2024-07-29,218.24,36311780.0,183.2,33270120.0,169.53,20293820.0,426.73,15125840.0,465.71,11339630.0,111.59,248152100.0,111.2,7552248.0,116.1,8861806.0,156.6,5071988.0,171.96,1744534.0,140.41,2124013.0,157.45,2721518.0,16.02,19383920.0,109.12,4629531.0,07/24/2024,5.5,5.5,5.4,5.37,5.19,4.82,4.37,4.24,4.12,4.2,4.28,4.62,4.54,2024-08-21,74.6,0.0012838149401997857,0.0025626958927289704,225.0145,210.27939999999998,-0.06894197952218428,0.016068332088818433,36.04278074866307,stable,313.569,66.4,0.0
2024-07-30,218.8,41643840.0,181.71,39508570.0,170.29,18959690.0,422.92,32687580.0,463.19,11390440.0,103.73,486833300.0,108.61,11938440.0,118.17,12483860.0,159.57,5740861.0,178.29,2357999.0,147.17,3978374.0,163.48,2954368.0,16.21,17404560.0,109.91,9794242.0,07/25/2024,5.49,5.52,5.39,5.37,5.19,4.83,4.41,4.26,4.13,4.18,4.27,4.59,4.5,2024-08-22,76.68,0.0025626958927289704,0.014879606770613507,225.11700000000002,210.8586,-0.06822246827357115,0.014775270042028481,28.936423054070104,stable,313.569,66.4,0.0
2024-07-31,222.08,50036260.0,186.98,41667330.0,171.54,25729090.0,418.35,42891370.0,474.83,24285780.0,117.02,473174200.0,113.68,11327260.0,118.59,15137710.0,160.47,6209200.0,177.02,1852860.0,145.48,2273919.0,161.72,2725129.0,16.27,10429740.0,111.2,7554556.0,07/26/2024,5.49,5.51,5.38,5.36,5.18,4.79,4.36,4.2,4.06,4.1,4.2,4.53,4.45,2024-08-23,77.64,0.014879606770613507,-0.01689260040488277,225.20750000000004,211.50279999999998,-0.029709891646277464,0.014709169825428884,41.29400570884873,stable,313.569,66.4,0.0
2024-08-01,218.36,62501000.0,184.07,70435640.0,170.76,24531390.0,417.11,30296400.0,497.74,43083080.0,109.21,523462300.0,108.43,8570016.0,116.95,15051480.0,152.62,16689950.0,173.18,1363286.0,140.95,3315833.0,156.45,2412489.0,16.19,16444550.0,108.39,9704569.0,07/29/2024,5.5,5.51,5.41,5.36,5.18,4.79,4.36,4.19,4.05,4.08,4.17,4.51,4.42,2024-08-26,78.28,-0.01689260040488277,0.006845903237160914,225.048,212.04919999999998,-0.02596128111339102,0.015140486157703269,31.13382899628253,stable,314.062,67.9,0.0
2024-08-02,219.86,105568600.0,167.9,141448400.0,166.66,29130100.0,408.49,29437900.0,488.14,24044660.0,107.27,482027500.0,102.29,11832730.0,116.88,20403770.0,148.55,13278620.0,164.64,2599758.0,133.76,4078997.0,148.56,3457861.0,15.95,20932390.0,105.77,7445068.0,07/30/2024,5.5,5.5,5.4,5.35,5.16,4.78,4.35,4.16,4.03,4.06,4.15,4.5,4.4,2024-08-27,81.45,0.006845903237160914,-0.04936569589813954,224.724,212.59940000000003,-0.019838616200793524,0.014351079947314774,25.70187165775397,stable,314.062,67.9,0.0
2024-08-05,209.27,119548600.0,161.02,83149440.0,159.25,53630670.0,395.15,40709240.0,475.73,21396190.0,100.45,552842400.0,98.18,13137820.0,114.77,18025860.0,144.66,13037190.0,162.05,2702407.0,131.64,2323705.0,147.64,2684873.0,15.43,30026730.0,104.57,8474984.0,07/31/2024,5.49,5.51,5.41,5.32,5.14,4.73,4.29,4.1,3.97,4.0,4.09,4.44,4.35,2024-08-28,79.81,-0.04936569589813954,-0.0097959967031821,223.7965,212.9668,-0.06559207001250222,0.01775437265352151,18.134198054377634,stable,314.062,67.9,0.0
2024-08-06,207.23,69660490.0,161.93,59950830.0,158.29,49004560.0,399.61,24946530.0,494.09,20954960.0,104.25,409012100.0,94.67,15500550.0,114.16,13647780.0,143.23,9692659.0,170.89,2467884.0,133.08,2082803.0,148.85,2457174.0,15.99,25480720.0,105.8,8424866.0,08/01/2024,5.55,5.46,5.37,5.28,5.08,4.62,4.16,3.96,3.84,3.89,3.99,4.35,4.27,2024-08-29,78.47,-0.0097959967031821,0.012420732753943361,222.724,213.37380000000002,-0.0790187102795431,0.01769107043390896,20.088422216081767,stable,314.062,67.9,0.0
2024-08-07,209.82,63516420.0,162.77,48408240.0,158.94,25138570.0,398.43,20650910.0,488.92,20105310.0,98.91,411440400.0,87.89,21545500.0,115.68,13660660.0,142.41,8867862.0,169.35,1753512.0,132.9,2146863.0,148.27,2148997.0,15.62,24293870.0,106.93,7735376.0,08/02/2024,5.54,5.43,5.29,5.14,4.88,4.33,3.88,3.7,3.62,3.68,3.8,4.19,4.11,2024-08-30,79.66,0.012420732753943361,0.016496486400387027,221.56600000000003,213.7706,-0.03990116225862539,0.017306322218633534,28.931924882629076,stable,314.062,67.9,0.0
2024-08-08,213.31,47161150.0,165.8,44616210.0,162.03,25578840.0,402.69,20203030.0,509.63,16156840.0,104.97,391910000.0,91.46,10242830.0,117.89,13850990.0,144.49,7531112.0,174.15,2373276.0,135.42,2546719.0,151.61,2042128.0,16.25,33408230.0,108.27,5392929.0,08/05/2024,5.52,5.43,5.35,5.14,4.91,4.34,3.89,3.71,3.62,3.66,3.78,4.16,4.06,2024-09-02,78.05,0.016496486400387027,0.013642395264465933,220.85299999999998,214.237,-0.01921927444939997,0.017395632032797276,35.309829059829056,stable,314.062,67.9,0.0
2024-08-09,216.24,42201650.0,166.94,36401050.0,163.67,28602290.0,406.02,19276670.0,517.77,13696640.0,104.75,290844200.0,92.55,8405010.0,118.85,12151870.0,144.99,7653053.0,175.83,2321874.0,135.41,2056891.0,151.08,1568123.0,15.66,36043390.0,108.61,5776222.0,08/06/2024,5.5,5.43,5.34,5.18,5.0,4.46,3.99,3.76,3.73,3.79,3.9,4.28,4.18,2024-09-03,75.82,0.013642395264465933,0.005947870083418819,220.138,214.75599999999997,-0.007891356212148981,0.0174293884678276,40.35482258870565,stable,314.062,67.9,0.0
2024-08-12,217.53,38028090.0,166.8,30072790.0,162.29,15895290.0,406.81,16762880.0,515.95,9767422.0,109.02,325559900.0,95.27,9875263.0,119.0,13228910.0,145.02,8442174.0,176.38,2970549.0,135.88,1576588.0,151.49,1610437.0,15.55,22214020.0,110.03,5906943.0,08/07/2024,5.5,5.43,5.34,5.21,4.99,4.45,4.0,3.81,3.79,3.85,3.96,4.35,4.26,2024-09-04,75.27,0.005947870083418819,0.017046903231228767,219.29450000000003,215.28080000000003,-0.003253299120234643,0.01694826535609879,40.710382513661216,stable,314.062,67.9,0.0
2024-08-13,221.27,44155330.0,170.23,39237920.0,164.16,18551690.0,414.01,19414270.0,528.54,13743840.0,116.14,312646700.0,99.94,14928420.0,117.86,11585070.0,144.15,7794816.0,175.75,2087326.0,134.66,2463341.0,147.54,2530851.0,15.58,20143780.0,108.34,5866836.0,08/08/2024,5.55,5.42,5.34,5.21,5.01,4.48,4.04,3.86,3.83,3.89,3.99,4.38,4.28,2024-09-05,72.76,0.017046903231228767,0.0020316492687641797,218.61700000000002,215.86120000000003,0.011288848263254048,0.017542939452885733,53.63709032773783,stable,314.062,67.9,0.0
2024-08-14,221.72,41960570.0,170.1,28843800.0,160.37,40591130.0,416.86,18266980.0,526.76,11444190.0,118.08,339246400.0,102.95,12141040.0,118.95,12194520.0,144.67,5874216.0,179.05,2968929.0,137.7,2134527.0,147.82,2672659.0,15.97,19039970.0,109.33,6388043.0,08/09/2024,5.54,5.4,5.33,5.22,5.02,4.5,4.05,3.86,3.8,3.85,3.94,4.33,4.23,2024-09-06,73.72,0.0020316492687641797,0.013439858244384291,218.25900000000001,216.415,-0.0016210374639770153,0.016734983058636323,55.72705117790413,stable,314.062,67.9,0.0
2024-08-15,224.72,46414010.0,177.59,51698510.0,161.3,31524250.0,421.03,20752140.0,537.33,13482140.0,122.86,318086700.0,110.21,17713180.0,118.73,11579430.0,146.8,6304232.0,180.75,2391395.0,138.68,1935102.0,149.3,1917807.0,15.99,16422030.0,111.23,6307107.0,08/12/2024,5.53,5.4,5.33,5.2,5.02,4.47,4.01,3.82,3.75,3.8,3.9,4.3,4.19,2024-09-09,75.82,0.013439858244384291,0.00590103094462589,218.286,217.02239999999998,0.029126213592232997,0.0164180229426499,58.56563608717687,stable,314.062,67.9,0.0
2024-08-16,226.05,44340240.0,177.06,31489180.0,162.96,24208650.0,418.47,22775590.0,527.42,14776680.0,124.58,302589900.0,111.3,11632610.0,118.17,10056020.0,147.27,6874416.0,180.03,2452592.0,138.92,1644456.0,149.82,2005513.0,16.3,18588320.0,111.18,3819194.0,08/13/2024,5.48,5.39,5.32,5.18,4.97,4.4,3.93,3.75,3.68,3.74,3.85,4.25,4.16,2024-09-10,78.4,0.00590103094462589,-0.0007080586214304646,218.373,217.62600000000003,0.02815427999636122,0.016468899073326847,59.63959516168847,stable,314.062,67.9,0.0
2024-08-19,225.89,40687810.0,178.22,31129810.0,166.67,22416190.0,421.53,15233960.0,529.28,9879713.0,130.0,318333600.0,111.87,8374892.0,118.53,12417470.0,146.83,5967406.0,178.9,2076635.0,139.34,1833946.0,148.22,2637912.0,16.3,23936640.0,111.74,4335845.0,08/14/2024,5.49,5.39,5.32,5.21,5.0,4.42,3.94,3.76,3.67,3.72,3.83,4.22,4.12,2024-09-11,76.5,-0.0007080586214304646,0.0027409389396927126,218.46949999999998,218.25419999999997,0.07941893247957177,0.016464691148444646,58.83819496384937,stable,314.062,67.9,0.0
2024-08-20,226.51,30299030.0,178.88,26255200.0,167.18,18341530.0,424.8,16387580.0,526.73,7944391.0,127.25,300087400.0,110.71,6189043.0,114.58,15631970.0,144.69,7497606.0,171.61,2701144.0,132.39,3026487.0,141.26,4084328.0,16.06,9423933.0,109.85,6783295.0,08/15/2024,5.53,5.4,5.34,5.22,5.04,4.52,4.08,3.9,3.79,3.83,3.92,4.28,4.18,2024-09-12,75.49,0.0027409389396927126,-0.00048574772984859386,218.54450000000003,218.8466,0.09303672248226613,0.016444074280606447,55.91455273698261,stable,314.062,67.9,0.0
2024-08-21,226.4,34765480.0,180.11,35599120.0,165.85,22902000.0,424.14,16067300.0,535.16,13423290.0,128.5,257883600.0,111.7,6714402.0,113.85,11752360.0,145.32,5984993.0,171.97,2088076.0,133.88,3332333.0,143.87,2696238.0,16.02,11534460.0,109.62,4012061.0,08/16/2024,5.53,5.4,5.33,5.21,5.02,4.49,4.06,3.87,3.77,3.81,3.89,4.26,4.15,2024-09-13,76.9,-0.00048574772984859386,-0.008294017784918365,218.9375,219.51219999999998,0.07902011247736151,0.014914732120971668,61.87943262411344,stable,314.062,67.9,0.0
2024-08-22,224.53,43695320.0,176.13,32047480.0,163.8,22493280.0,415.55,19361900.0,531.93,15708290.0,123.74,376189100.0,108.98,7018286.0,114.73,10609500.0,145.73,4026998.0,171.78,2178855.0,133.16,1813468.0,143.43,1176900.0,15.95,8207614.0,109.97,3644660.0,08/19/2024,5.51,5.39,5.31,5.19,5.0,4.48,4.06,3.86,3.75,3.78,3.86,4.23,4.11,2024-09-16,74.52,-0.008294017784918365,0.010235594601717834,219.2895,219.8598,0.05259950307064831,0.015015455834489448,56.825489622917246,stable,314.062,67.9,0.0
2024-08-23,226.84,38677250.0,177.04,29150090.0,165.62,13955740.0,416.79,18493780.0,528.0,11323940.0,129.37,323230300.0,112.01,6023382.0,116.32,10381430.0,147.62,4824078.0,175.31,1995981.0,135.37,1911904.0,145.87,1523954.0,16.15,8542490.0,111.4,4024190.0,08/20/2024,5.48,5.36,5.29,5.17,4.97,4.43,3.99,3.8,3.7,3.73,3.82,4.19,4.07,2024-09-17,74.52,0.010235594601717834,0.001497731657448228,219.7335,220.1352,0.0490196078431373,0.015139578393256685,83.8796760509062,stable,314.062,67.9,0.0
2024-08-26,227.18,30602210.0,175.5,22366240.0,166.16,14190420.0,413.49,13152830.0,521.12,9584002.0,126.46,331964700.0,111.67,7307783.0,118.81,13671020.0,148.5,5780289.0,173.2,1903237.0,135.23,1923589.0,143.09,2752227.0,16.11,12743700.0,113.56,6253903.0,08/21/2024,5.45,5.33,5.26,5.13,4.92,4.36,3.92,3.74,3.64,3.69,3.79,4.15,4.06,2024-09-18,71.28,0.001497731657448228,0.003734544442783304,220.1805,220.394,0.04436169723716277,0.015139123826561518,91.16797358646302,stable,314.062,67.9,0.0
2024-08-27,228.03,35934560.0,173.12,29841980.0,164.68,11821940.0,413.84,13492910.0,519.1,6282720.0,128.3,303134600.0,111.86,6271647.0,117.68,9991631.0,146.95,5099956.0,169.89,1657218.0,134.38,1505354.0,140.93,2030263.0,15.91,9124171.0,112.43,3521682.0,08/22/2024,5.51,5.35,5.28,5.15,4.96,4.43,3.99,3.82,3.72,3.77,3.86,4.21,4.13,2024-09-19,70.11,0.003734544442783304,-0.006776405407990087,220.642,220.7048,0.030550910652144436,0.015143653233347355,90.48465984882165,stable,314.062,67.9,0.0
2024-08-28,226.49,38052170.0,170.8,29045030.0,162.85,16407440.0,410.6,14882660.0,516.78,9106077.0,125.61,448101100.0,111.56,9527976.0,116.52,10742870.0,146.0,5614416.0,169.93,2143129.0,134.97,2070944.0,141.05,2139759.0,15.88,10872130.0,112.15,4506609.0,08/23/2024,5.51,5.35,5.25,5.13,4.92,4.36,3.9,3.73,3.65,3.71,3.81,4.18,4.1,2024-09-20,70.09,-0.006776405407990087,0.014465054528776243,220.8625,220.9012,0.02151362078296959,0.014952245064039442,82.08373904576435,stable,314.062,67.9,0.0
2024-08-29,229.79,51906300.0,172.12,26407820.0,161.78,19699770.0,413.12,17045240.0,518.22,8317424.0,117.59,453023300.0,110.74,23836600.0,118.13,10753900.0,147.42,4466696.0,170.97,2338712.0,136.5,1594193.0,141.81,2275125.0,15.96,8644096.0,114.37,5270355.0,08/26/2024,5.49,5.34,5.24,5.13,4.91,4.38,3.91,3.74,3.66,3.72,3.82,4.19,4.11,2024-09-23,68.58,0.014465054528776243,-0.003443844812605291,221.43400000000003,221.2112,0.02256140975436094,0.014619519796107787,82.40076518412239,stable,314.062,67.9,0.0
2024-08-30,229.0,52990770.0,178.5,43429360.0,163.38,22123810.0,417.14,24308320.0,521.31,9157541.0,119.37,333751600.0,115.54,33433630.0,117.94,13284690.0,147.95,6414755.0,177.12,3460905.0,140.31,3981538.0,146.73,3359564.0,16.1,7872503.0,113.79,5559473.0,08/27/2024,5.49,5.33,5.23,5.12,4.89,4.34,3.83,3.72,3.66,3.73,3.83,4.21,4.13,2024-09-24,69.65,-0.003443844812605291,-0.027582154477457006,221.89100000000002,221.59760000000003,0.013050210130502116,0.014641461749136683,78.09897109260167,stable,314.062,67.9,0.0
2024-09-03,222.77,50190570.0,176.25,37817510.0,157.36,38945300.0,409.44,20313600.0,511.76,12459110.0,108.0,477155100.0,110.77,14158990.0,115.47,15725140.0,144.66,7944740.0,173.82,3523796.0,135.0,2845478.0,141.37,3236449.0,16.03,13387800.0,109.85,6369950.0,08/28/2024,5.47,5.33,5.21,5.12,4.87,4.36,3.83,3.72,3.63,3.74,3.84,4.22,4.13,2024-09-25,66.73,-0.027582154477457006,-0.008656111034247143,222.56599999999997,221.9032,-0.01381203240515283,0.010965079085333774,53.27510917030568,stable,314.732,70.1,0.0
2024-09-04,220.85,43840200.0,173.33,30309230.0,156.45,19353760.0,408.9,15135810.0,512.74,8335207.0,106.21,372470300.0,109.06,8113585.0,114.06,12620580.0,142.07,9820730.0,171.75,2471382.0,132.29,1984375.0,139.63,2558398.0,15.92,19044680.0,108.56,6251482.0,08/29/2024,5.4,5.33,5.22,5.12,4.89,4.38,3.87,3.76,3.66,3.76,3.87,4.24,4.15,2024-09-26,68.25,-0.008656111034247143,0.00690389223256762,223.247,222.15739999999997,-0.024987859255661937,0.010897131495591725,48.21501846532622,stable,314.732,70.1,0.0
2024-09-05,222.38,36615400.0,177.89,40170530.0,157.24,18688750.0,408.39,14195520.0,516.86,8640888.0,107.21,306850700.0,107.16,9362447.0,113.17,17200770.0,140.93,9371051.0,168.46,2879312.0,128.89,3864573.0,135.52,3299728.0,16.02,15645450.0,107.45,5582550.0,08/30/2024,5.41,5.32,5.21,5.12,4.89,4.38,3.91,3.79,3.71,3.8,3.91,4.28,4.2,2024-09-27,69.89,0.00690389223256762,-0.007039740264112212,223.875,222.4236,-0.017756183745583076,0.010719354154602009,44.89082969432314,stable,314.732,70.1,0.0
2024-09-06,220.82,48423010.0,171.39,41466540.0,150.92,37912130.0,401.7,19609530.0,500.27,14744520.0,102.83,413638100.0,102.0,11962620.0,112.64,13467750.0,138.56,7836358.0,166.0,2242556.0,128.14,4244613.0,134.19,3462044.0,15.89,11985950.0,106.02,5229946.0,09/03/2024,5.38,5.31,5.19,5.1,4.8,4.35,3.88,3.73,3.65,3.73,3.84,4.21,4.13,2024-09-30,69.59,-0.007039740264112212,0.000407488743102535,224.25050000000002,222.575,-0.01652340444484035,0.010437146953611932,38.69433635970597,stable,314.732,70.1,0.0
2024-09-09,220.91,67179970.0,175.4,29037360.0,148.71,39260450.0,405.72,15295130.0,504.79,11047830.0,106.47,273912000.0,105.89,18742650.0,115.01,21645330.0,140.3,9892347.0,163.25,3642879.0,127.97,4074618.0,134.16,2930986.0,15.81,7290480.0,105.6,6477014.0,09/04/2024,5.33,5.28,5.18,5.05,4.74,4.23,3.76,3.63,3.56,3.65,3.77,4.14,4.06,2024-10-01,71.1,0.000407488743102535,-0.0036279573600808664,224.48399999999998,222.7112,-0.026141773937577217,0.010054677524848161,39.20208152645274,stable,314.732,70.1,0.0
2024-09-10,220.11,51591030.0,179.55,36233800.0,148.66,31118770.0,414.2,19594290.0,504.79,9899022.0,108.1,268283700.0,106.64,9367424.0,110.82,20913410.0,138.23,8202480.0,163.54,2800505.0,126.88,4468959.0,136.09,3028589.0,15.83,12264480.0,104.0,5611503.0,09/05/2024,5.3,5.29,5.15,5.04,4.73,4.21,3.75,3.61,3.54,3.63,3.73,4.11,4.02,2024-10-02,72.16,-0.0036279573600808664,0.011518522906548473,224.613,222.901,-0.031120697244475748,0.010038071015254961,36.23063683304649,stable,314.732,70.1,0.0
2024-09-11,222.66,44587070.0,184.52,42564700.0,151.16,29607690.0,423.04,19266920.0,511.83,10782530.0,116.91,441422400.0,108.8,9715098.0,109.72,19571950.0,137.88,9534010.0,158.61,3379576.0,125.0,4052789.0,132.9,4960921.0,15.87,10093830.0,102.57,6803068.0,09/06/2024,5.28,5.28,5.13,5.02,4.69,4.1,3.66,3.54,3.5,3.6,3.72,4.1,4.03,2024-10-03,71.87,0.011518522906548473,0.0004939047762214708,224.68250000000003,223.0192,-0.02354953295619,0.009628805890183442,42.71806853582551,stable,314.732,70.1,0.0
2024-09-12,222.77,37498230.0,187.0,33622480.0,154.69,29695050.0,427.0,17418760.0,525.6,11993340.0,119.14,367100500.0,112.15,9908506.0,111.23,15923320.0,139.21,6593436.0,161.49,2370629.0,125.72,3040951.0,134.12,2507208.0,16.0,7391190.0,102.9,6775934.0,09/09/2024,5.25,5.25,5.11,4.99,4.68,4.12,3.68,3.54,3.49,3.58,3.7,4.08,4.0,2024-10-04,72.86,0.0004939047762214708,-0.001212747470487677,224.73499999999999,223.06920000000002,-0.016424566206013513,0.009620496873549572,46.321070234113726,stable,314.732,70.1,0.0
2024-09-13,222.5,36766620.0,186.49,26495350.0,157.46,29591150.0,430.59,15874560.0,524.62,10321420.0,119.1,238358300.0,114.3,7353335.0,111.15,10035390.0,140.61,5900747.0,163.58,2563058.0,126.7,2614579.0,134.26,2130243.0,16.17,9256250.0,103.5,5441624.0,09/10/2024,5.18,5.18,5.06,4.92,4.65,4.07,3.59,3.42,3.43,3.53,3.65,4.04,3.97,2024-10-07,72.72,-0.001212747470487677,-0.02816830875169572,224.62399999999997,223.0882,-0.03172461812959659,0.009106255586647388,40.08226691042045,stable,314.732,70.1,0.0
2024-09-16,216.32,59357430.0,184.89,26065490.0,158.06,18379780.0,431.34,13834700.0,533.28,9527646.0,116.78,248772300.0,115.4,8618921.0,112.71,11729030.0,142.09,6864275.0,161.01,2152127.0,127.34,2908868.0,133.75,2244506.0,16.18,12515990.0,105.55,9325463.0,09/11/2024,5.21,5.19,5.1,4.99,4.72,4.12,3.62,3.45,3.45,3.54,3.65,4.03,3.96,2024-10-08,71.33,-0.02816830875169572,0.002170350185825443,224.1375,222.88780000000003,-0.05537117903930133,0.010863567952888302,30.411255411255368,stable,314.732,70.1,0.0
2024-09-17,216.79,45519340.0,186.88,26091680.0,159.32,20715610.0,435.15,18874230.0,536.32,11690780.0,115.59,231925900.0,116.82,9412731.0,114.18,12202560.0,143.41,7338782.0,163.87,1520261.0,128.3,3693587.0,135.8,2395067.0,16.02,17452590.0,108.29,8661529.0,09/12/2024,5.18,5.22,5.06,4.97,4.68,4.09,3.64,3.47,3.47,3.57,3.68,4.07,4.0,2024-10-09,72.34,0.002170350185825443,0.01782985881964383,223.68250000000003,222.66719999999998,-0.0268438299591508,0.010903365323329124,29.44403803950253,stable,314.732,70.1,0.0
2024-09-18,220.69,59894930.0,186.43,34448130.0,159.81,23677320.0,430.81,18898040.0,537.95,10323540.0,113.37,310318900.0,115.99,10783560.0,114.58,12569930.0,143.96,6180252.0,164.67,2688473.0,130.31,2884270.0,136.66,2725578.0,16.11,11530600.0,108.62,7424108.0,09/13/2024,5.15,5.17,4.97,4.92,4.6,4.0,3.57,3.42,3.43,3.53,3.66,4.05,3.98,2024-10-10,70.42,0.01782985881964383,0.03639515491017921,223.3915,222.50740000000002,-0.0007244736246321271,0.01174249059945073,40.23569023569022,stable,314.732,70.1,1.0
2024-09-19,228.87,66781320.0,189.87,39543170.0,162.14,26587730.0,438.69,21706560.0,559.1,15646950.0,117.87,293506400.0,117.77,10630520.0,116.0,12660640.0,144.99,7247416.0,166.35,2132060.0,132.55,2744785.0,138.69,2538194.0,16.17,9727975.0,110.55,7990658.0,09/16/2024,5.11,5.1,4.96,4.88,4.55,3.96,3.56,3.42,3.41,3.51,3.63,4.01,3.94,2024-10-11,68.28,0.03639515491017921,-0.0029317193422724623,223.51500000000001,222.42520000000002,0.029184279161795113,0.014459013314951287,48.66975130133027,stable,314.732,70.1,0.0
2024-09-20,228.2,318679900.0,191.6,100378600.0,163.59,40896440.0,435.27,55167110.0,561.35,22066820.0,116.0,382462400.0,117.5,75332830.0,115.27,36206200.0,145.68,23162860.0,164.39,7789919.0,129.97,6418532.0,134.46,7363222.0,16.2,8925035.0,109.87,33515150.0,09/17/2024,5.05,5.05,4.95,4.87,4.55,3.99,3.59,3.45,3.44,3.53,3.65,4.02,3.96,2024-10-14,68.72,-0.0029317193422724623,-0.007609951608332035,223.69849999999997,222.43779999999998,0.03342088578933056,0.014335723251006842,48.83923389437027,stable,314.732,70.1,0.0
2024-09-23,226.47,54146020.0,193.88,36993110.0,161.85,24150850.0,433.51,15128890.0,564.41,12830670.0,116.26,206228500.0,117.57,8067756.0,117.36,16066290.0,147.54,6960639.0,164.22,6479404.0,131.11,3613738.0,135.18,2817626.0,16.28,14842530.0,109.69,8197582.0,09/18/2024,4.91,4.91,4.84,4.76,4.5,3.95,3.61,3.49,3.47,3.58,3.7,4.08,4.03,2024-10-15,68.75,-0.007609951608332035,0.0039661606724042875,223.67999999999998,222.35640000000004,0.0251686207052646,0.014273457572661801,56.174899866488616,stable,314.732,70.1,0.0
2024-09-24,227.37,43556070.0,193.96,43478930.0,162.29,23332150.0,429.17,17015750.0,563.33,12992960.0,120.87,354966800.0,117.31,6851833.0,117.05,11984860.0,147.45,6014208.0,162.45,4663283.0,129.47,3661672.0,132.82,3062693.0,16.21,10555690.0,108.91,7787402.0,09/19/2024,4.89,4.91,4.8,4.73,4.46,3.93,3.59,3.47,3.49,3.6,3.73,4.11,4.06,2024-10-16,70.41,0.0039661606724042875,-0.004407817777012997,223.6895,222.21579999999997,0.032983508245876925,0.014298483098291763,61.264685556323435,stable,314.732,70.1,0.0
2024-09-25,226.37,42308720.0,192.53,26391140.0,161.49,18869200.0,432.11,13396360.0,568.31,16543350.0,123.51,284692900.0,120.17,8534983.0,114.77,13816040.0,143.97,7888444.0,161.66,2320668.0,129.85,8126658.0,132.81,3008459.0,16.2,9928736.0,105.73,6561430.0,09/20/2024,4.87,4.88,4.75,4.7,4.43,3.92,3.55,3.46,3.48,3.59,3.73,4.1,4.07,2024-10-17,70.74,-0.004407817777012997,0.005067317899841547,223.60649999999995,222.0468,0.0166621755142371,0.014303723450242176,57.02217529039072,stable,314.732,70.1,0.0
2024-09-26,227.52,36636710.0,191.16,36334850.0,162.73,20319340.0,431.31,14492040.0,567.84,14400790.0,124.04,302582900.0,126.49,13420520.0,112.8,16887910.0,141.99,8046171.0,163.44,7205710.0,130.68,4192793.0,136.62,6296832.0,15.92,16643110.0,102.31,9523996.0,09/23/2024,4.85,4.84,4.72,4.65,4.4,3.91,3.57,3.47,3.51,3.62,3.75,4.12,4.09,2024-10-18,74.33,0.005067317899841547,0.0011860052783758518,223.658,222.0196,0.021322440184944114,0.014269458368966216,61.96428571428574,stable,314.732,70.1,0.0
2024-09-27,227.79,34025970.0,187.97,36002320.0,163.95,21101310.0,428.02,14896130.0,567.36,9398367.0,121.4,271009200.0,120.22,13544970.0,115.82,15963970.0,145.49,8049155.0,163.65,1557514.0,131.05,2564363.0,135.97,2935873.0,16.07,8251920.0,104.72,5489511.0,09/24/2024,4.78,4.78,4.69,4.63,4.36,3.88,3.49,3.44,3.47,3.6,3.74,4.13,4.09,2024-10-21,74.93,0.0011860052783758518,0.022614301672448562,223.558,222.0918,0.02377528089887626,0.013875591447571833,62.20723917672107,stable,314.732,70.1,0.0
2024-09-30,233.0,54793390.0,186.33,41680400.0,165.85,20481300.0,430.3,16854610.0,572.44,12807210.0,121.44,227053700.0,118.54,8647750.0,117.22,13250660.0,147.27,7494608.0,162.91,2312963.0,131.45,2137531.0,135.03,2623520.0,16.05,8448017.0,105.28,6584319.0,09/25/2024,4.79,4.78,4.69,4.64,4.36,3.89,3.53,3.49,3.52,3.65,3.79,4.18,4.14,2024-10-22,77.76,0.022614301672448562,-0.029574682195956357,223.75799999999998,222.2656,0.07710798816568043,0.014772811417261916,69.7760049094814,stable,314.732,70.1,0.0
2024-10-01,226.21,63285050.0,185.13,36044910.0,166.99,28338120.0,420.69,19092950.0,576.47,15259270.0,117.0,302094500.0,113.16,9641850.0,119.93,23235880.0,149.7,9489121.0,165.82,2556550.0,132.99,2071948.0,137.47,3227023.0,16.1,9757324.0,109.37,8067607.0,09/26/2024,4.9,4.87,4.68,4.65,4.38,3.96,3.6,3.54,3.55,3.65,3.79,4.17,4.12,2024-10-23,74.26,-0.029574682195956357,0.002516613173949516,223.93,222.31059999999997,0.04345218875409396,0.01498002461162188,54.81944067336411,stable,315.631,70.5,0.0
2024-10-02,226.78,32880610.0,184.76,23704060.0,165.86,17760180.0,417.13,16582260.0,572.81,6524650.0,118.85,221845900.0,113.46,6047118.0,121.52,17129680.0,150.95,8105420.0,165.38,2847062.0,134.47,1925627.0,135.68,3024674.0,16.05,12220650.0,110.36,7559883.0,09/27/2024,4.9,4.87,4.68,4.64,4.35,3.9,3.55,3.49,3.5,3.6,3.75,4.15,4.1,2024-10-24,73.85,0.002516613173949516,-0.004906629359874915,224.2265,222.34599999999998,0.02759526938239154,0.014817600149276425,55.37677661571465,stable,315.631,70.5,0.0
2024-10-03,225.67,34044160.0,181.96,30204300.0,165.86,15073100.0,416.54,13686420.0,582.77,11580980.0,122.85,277118000.0,115.67,6872528.0,122.58,16524330.0,151.25,6553282.0,174.84,3325776.0,138.93,2766819.0,144.03,5224695.0,16.31,15926030.0,112.42,7397411.0,09/30/2024,4.93,4.87,4.73,4.65,4.38,3.98,3.66,3.58,3.58,3.67,3.81,4.19,4.14,2024-10-25,76.46,-0.004906629359874915,0.004994816669778129,224.391,222.48860000000002,-0.013981736356883934,0.014818897952060055,54.15683189089953,stable,315.631,70.5,0.0
2024-10-04,226.8,37345100.0,186.51,41079010.0,167.06,19093720.0,416.06,19190910.0,595.94,14199790.0,124.92,244465600.0,120.42,8185053.0,124.83,19759210.0,150.74,7895285.0,171.98,2241691.0,138.62,2468549.0,142.42,2916899.0,16.3,10453360.0,114.54,7585770.0,10/01/2024,4.96,4.87,4.71,4.63,4.36,3.96,3.61,3.52,3.51,3.6,3.74,4.14,4.08,2024-10-28,76.11,0.004994816669778129,-0.02278856224773533,224.69,222.6748,-0.006134969325153228,0.014730686938052654,65.84038694074971,stable,315.631,70.5,0.0
2024-10-07,221.69,39505350.0,180.8,42364200.0,162.98,22463140.0,409.54,20919760.0,584.78,12014200.0,127.72,346250200.0,119.09,5208144.0,125.37,15714440.0,151.12,5895852.0,173.27,2201327.0,138.5,1813067.0,143.98,1983066.0,16.22,6609237.0,114.72,4899753.0,10/02/2024,4.92,4.83,4.69,4.61,4.36,3.97,3.63,3.54,3.55,3.65,3.79,4.19,4.14,2024-10-29,76.11,-0.02278856224773533,0.018236772344019592,224.72899999999998,222.74939999999998,-0.02110654832869696,0.015689588785140235,56.495227995758206,stable,315.631,70.5,0.0
2024-10-08,225.77,31855690.0,182.72,26372090.0,164.38,23072730.0,414.71,19229260.0,592.89,7857377.0,132.89,285722500.0,121.93,5681505.0,122.04,14818480.0,148.75,5892739.0,159.99,5060638.0,132.33,2528856.0,136.34,4177743.0,16.17,6364054.0,110.8,5579751.0,10/03/2024,4.99,4.85,4.68,4.61,4.37,4.02,3.7,3.62,3.62,3.71,3.85,4.24,4.18,2024-10-30,71.22,0.018236772344019592,0.01656052430264099,225.012,222.9,-0.007036988169063618,0.016165116258345127,56.70184696569921,stable,315.631,70.5,0.0
2024-10-09,229.54,33591090.0,185.17,26343120.0,161.86,31181770.0,417.46,14974260.0,590.51,9529707.0,132.65,246191600.0,122.34,5979890.0,122.09,11144860.0,149.65,4973453.0,162.61,2243382.0,134.72,1494501.0,139.36,2372280.0,16.27,6952613.0,110.97,4217323.0,10/04/2024,5.01,4.88,4.73,4.68,4.45,4.2,3.93,3.84,3.81,3.88,3.98,4.33,4.26,2024-10-31,70.97,0.01656052430264099,-0.0021806454626626935,225.356,223.1148,0.01400362238812547,0.016371366011326282,51.00029859659598,stable,315.631,70.5,0.0
2024-10-10,229.04,28183540.0,186.65,27785040.0,162.08,14144070.0,415.84,13848380.0,583.83,7740449.0,134.81,242311300.0,124.8,5947184.0,123.14,10243320.0,150.62,4420891.0,164.85,1990190.0,136.42,1416645.0,142.71,2300917.0,16.36,9826212.0,111.86,3946412.0,10/07/2024,5.0,4.87,4.77,4.67,4.45,4.24,3.99,3.89,3.86,3.92,4.03,4.37,4.3,2024-11-01,71.26,-0.0021806454626626935,-0.006526666327208577,225.66950000000003,223.25400000000002,0.006680731364275605,0.016391113620775128,51.260504201680675,stable,315.631,70.5,0.0
2024-10-11,227.55,31759190.0,188.82,25751560.0,163.24,15344250.0,416.32,14144940.0,589.95,8587051.0,134.8,170209500.0,127.73,7811938.0,123.61,8294839.0,151.42,5051314.0,164.26,1839445.0,136.35,1460749.0,142.34,1632114.0,16.52,15709520.0,110.49,6820341.0,10/08/2024,4.96,4.85,4.75,4.65,4.44,4.21,3.98,3.86,3.86,3.94,4.04,4.38,4.32,2024-11-04,69.78,-0.006526666327208577,0.016345574774742577,225.92200000000003,223.43779999999998,-0.0010536020018436787,0.01647832385384101,51.6324062877872,stable,315.631,70.5,0.0
2024-10-14,231.3,39882090.0,187.54,22614410.0,164.96,19016140.0,419.14,16653090.0,590.42,8251971.0,138.07,232347700.0,128.35,5932985.0,124.08,9808122.0,151.78,4214721.0,162.5,2086132.0,135.42,1445913.0,141.17,1378975.0,16.55,13025320.0,109.47,5173958.0,10/09/2024,4.93,4.84,4.75,4.65,4.46,4.24,3.99,3.89,3.91,3.97,4.06,4.41,4.34,2024-11-05,71.16,0.016345574774742577,0.010964314934501682,226.671,223.6666,-0.007296137339055764,0.015276255839846445,55.46896743668245,stable,315.631,70.5,0.0
2024-10-15,233.85,64751370.0,187.69,32178930.0,165.46,20247200.0,418.74,18900200.0,586.27,9564236.0,131.6,377831000.0,125.83,6016641.0,120.35,15771320.0,147.73,6704610.0,157.02,2557761.0,131.4,2338288.0,134.65,3247812.0,16.37,18683800.0,105.21,6395653.0,10/10/2024,4.98,4.84,4.75,4.65,4.45,4.22,3.98,3.88,3.91,3.99,4.09,4.44,4.38,2024-11-06,72.84,0.010964314934501682,-0.008891238265650197,227.52399999999997,224.15820000000002,0.03377392688210068,0.01536687037160866,59.97865528281749,stable,315.631,70.5,0.0
2024-10-16,231.78,34082240.0,186.89,23456810.0,165.16,16406030.0,416.12,15508930.0,576.79,11268380.0,135.72,264879700.0,126.73,3833057.0,120.66,8426770.0,148.73,4303737.0,157.9,1504950.0,132.31,1461788.0,135.52,1525653.0,16.4,10012080.0,105.16,4602918.0,10/11/2024,4.97,4.82,4.73,4.65,4.44,4.18,3.95,3.85,3.88,3.97,4.08,4.44,4.39,2024-11-07,71.37,-0.008891238265650197,0.0015950685596858294,228.0785,224.64919999999998,0.02204779962959691,0.015242836258802126,55.54687499999999,stable,315.631,70.5,0.0
2024-10-17,232.15,32993810.0,187.53,25039410.0,162.93,21453400.0,416.72,14820000.0,576.93,8701158.0,136.93,306435900.0,129.18,5603585.0,120.35,11204860.0,151.2,6593136.0,158.31,2409107.0,133.35,2219198.0,136.65,2317440.0,16.49,12454980.0,106.15,5093494.0,10/15/2024,4.93,4.82,4.73,4.65,4.42,4.18,3.95,3.86,3.86,3.93,4.03,4.37,4.32,2024-11-08,70.58,0.0015950685596858294,0.012201799678228265,228.2425,225.09579999999997,0.02871449461603226,0.012982873970144707,55.66233766233768,stable,315.631,70.5,0.0
2024-10-18,235.0,46431470.0,188.99,37417670.0,163.42,19757660.0,418.16,17145320.0,576.47,7694274.0,138.0,176090200.0,126.46,5491711.0,120.01,12898640.0,150.75,5208202.0,158.3,2214886.0,132.6,1712431.0,137.04,2083541.0,16.41,11015750.0,105.67,4326673.0,10/16/2024,4.91,4.8,4.72,4.63,4.42,4.17,3.93,3.84,3.84,3.92,4.02,4.36,4.3,2024-11-11,72.02,0.012201799678228265,0.006278123615677908,228.58250000000004,225.5296,0.03615520282186946,0.013198581967199974,52.767017155506366,stable,315.631,70.5,0.0
2024-10-21,236.48,36254470.0,189.07,24639390.0,164.07,20946460.0,418.78,14206120.0,575.16,8171879.0,143.71,264554500.0,125.66,4405016.0,120.08,10177780.0,150.88,5073999.0,156.91,2203808.0,131.32,1289056.0,135.5,2341360.0,16.4,11407100.0,104.99,4387062.0,10/17/2024,4.93,4.83,4.74,4.65,4.45,4.21,3.96,3.89,3.9,3.99,4.09,4.44,4.39,2024-11-12,67.65,0.006278123615677908,-0.002625229098012868,229.083,225.9344,0.06671478190265678,0.01306044375829862,66.65585468699317,stable,315.631,70.5,0.0
2024-10-22,235.86,38846580.0,189.7,29650590.0,165.14,16568120.0,427.51,25482200.0,582.01,8544463.0,143.59,226311600.0,120.4,7093039.0,120.7,9201408.0,150.92,4416409.0,158.24,1867192.0,131.43,1946243.0,135.71,1966653.0,16.38,9274975.0,105.0,4711056.0,10/18/2024,4.92,4.82,4.73,4.65,4.45,4.19,3.95,3.86,3.88,3.97,4.08,4.44,4.38,2024-11-13,67.48,-0.002625229098012868,-0.02186019927313537,229.50750000000002,226.301,0.044691500199318,0.013095652610369615,64.70207253886014,stable,315.631,70.5,0.0
2024-10-23,230.76,52286980.0,184.71,31937090.0,162.78,18280520.0,424.6,19654380.0,563.69,14248420.0,139.56,285930000.0,119.49,4558926.0,120.27,8320330.0,150.48,5248853.0,153.76,3439062.0,129.12,1850616.0,132.89,3382159.0,16.38,6951633.0,104.51,4541611.0,10/21/2024,4.92,4.82,4.73,4.66,4.47,4.24,4.02,3.95,3.98,4.07,4.19,4.54,4.49,2024-11-14,68.91,-0.02186019927313537,-0.0008237054201667888,229.727,226.49079999999998,0.005314977781650354,0.014078009013209335,57.2985374247204,stable,315.631,70.5,0.0
2024-10-24,230.57,31109500.0,186.38,21647400.0,162.72,22412530.0,424.73,13581630.0,567.78,7184651.0,140.41,172354900.0,120.57,3638107.0,119.59,9905556.0,150.45,5474258.0,152.88,1550664.0,128.49,3200004.0,131.36,3784660.0,16.4,8999575.0,104.37,3504595.0,10/22/2024,4.89,4.81,4.72,4.66,4.47,4.24,4.03,3.98,4.0,4.1,4.2,4.55,4.49,2024-11-15,69.58,-0.0008237054201667888,0.003636525069058395,229.8795,226.6678,0.006680055885434966,0.014049156375915944,55.555555555555536,stable,315.631,70.5,0.0
2024-10-25,231.41,38802300.0,187.83,29362060.0,165.27,19828880.0,428.15,16899060.0,573.25,11337870.0,141.54,205122100.0,122.55,4040156.0,119.49,10714580.0,150.81,6839894.0,152.36,1046293.0,128.17,1346869.0,132.4,2147818.0,16.45,10546950.0,104.56,3823136.0,10/23/2024,4.88,4.8,4.73,4.66,4.48,4.27,4.07,4.03,4.05,4.14,4.24,4.58,4.51,2024-11-18,69.81,0.003636525069058395,0.008562690814875203,230.0605,226.8016,0.016963304768182752,0.014064609105642075,66.38570465273098,stable,315.631,70.5,0.0
2024-10-28,233.4,36087130.0,188.39,27930840.0,166.72,32138640.0,426.59,14882440.0,578.16,10925130.0,140.52,173586700.0,120.66,3582942.0,118.9,11844550.0,150.54,8892039.0,151.07,3899330.0,128.89,2509793.0,132.26,2507740.0,16.4,10815440.0,103.26,4439122.0,10/24/2024,4.87,4.78,4.7,4.65,4.48,4.25,4.07,4.02,4.03,4.12,4.21,4.54,4.47,2024-11-19,71.83,0.008562690814875203,0.0011561437475111353,230.08049999999997,226.9486,0.009079118028534339,0.013243959902888047,63.837504533913695,stable,315.631,70.5,0.0
2024-10-29,233.67,35417250.0,190.83,35690160.0,169.68,42169030.0,431.95,17644080.0,593.28,13019090.0,141.25,157593600.0,121.63,3909752.0,117.28,14731020.0,148.52,6014676.0,145.28,2827885.0,123.27,4171280.0,127.88,3901778.0,16.38,12043370.0,102.32,3809359.0,10/25/2024,4.89,4.79,4.73,4.68,4.51,4.29,4.11,4.05,4.07,4.15,4.25,4.58,4.51,2024-11-20,72.26,0.0011561437475111353,-0.015395866558646653,230.4535,227.10420000000002,-0.0007697241821681411,0.011255014104882628,58.57914416285834,stable,315.631,70.5,0.0
2024-10-30,230.1,47070910.0,192.73,37707550.0,174.46,68890790.0,432.53,29749150.0,591.8,26864930.0,139.34,179418100.0,129.4,17073700.0,116.69,12303740.0,148.05,5784011.0,144.76,2541191.0,122.07,3339463.0,128.73,2523478.0,16.47,9516731.0,102.98,6413077.0,10/28/2024,4.88,4.77,4.7,4.65,4.46,4.28,4.12,4.09,4.11,4.19,4.28,4.61,4.53,2024-11-21,71.98,-0.015395866558646653,-0.018377307172189244,230.61950000000002,227.176,-0.007248252653378251,0.011875687289106873,51.95283714075167,stable,315.631,70.5,0.0
2024-10-31,225.91,64370090.0,186.4,75146760.0,171.11,44768980.0,406.35,53970980.0,567.58,26838400.0,132.76,270039600.0,123.63,7312424.0,116.78,20511980.0,148.82,8400855.0,145.47,2316216.0,121.82,2700850.0,129.76,2993572.0,16.48,10724410.0,109.54,11969400.0,10/29/2024,4.88,4.77,4.7,4.64,4.45,4.29,4.11,4.08,4.11,4.18,4.28,4.61,4.52,2024-11-22,72.69,-0.018377307172189244,-0.013368587316289905,230.63150000000002,227.16620000000003,-0.02687917294852471,0.012573493911095055,47.25201072386056,stable,315.631,70.5,0.0
2024-11-01,222.91,65276740.0,197.93,99687850.0,171.29,31796480.0,410.37,24230440.0,567.16,15303240.0,135.4,207127800.0,130.87,13048450.0,114.95,20939320.0,153.07,11727980.0,143.13,2149700.0,120.01,2064468.0,128.22,2169961.0,16.43,12780900.0,107.84,7428060.0,10/30/2024,4.87,4.77,4.67,4.57,4.44,4.28,4.15,4.14,4.14,4.2,4.29,4.6,4.49,2024-11-25,70.69,-0.013368587316289905,-0.004045676650014111,230.43699999999998,227.1338,-0.05144680851063832,0.012860842950168464,35.57923685115155,stable,316.528,71.8,0.0
2024-11-04,222.01,44944470.0,195.78,38492060.0,169.24,21492740.0,408.46,19672290.0,560.68,12064600.0,136.05,187528200.0,129.85,10608790.0,118.61,14965430.0,153.97,6129961.0,144.94,2377947.0,121.03,2185520.0,129.95,2424312.0,16.51,13829800.0,108.86,5441897.0,10/31/2024,4.76,4.76,4.64,4.56,4.43,4.27,4.16,4.12,4.15,4.21,4.28,4.58,4.47,2024-11-26,70.69,-0.004045676650014111,0.0064652494766336294,230.45300000000003,227.03719999999998,-0.061189106901217816,0.011819997685210509,28.425655976676353,stable,316.528,71.8,0.0
2024-11-05,223.45,28111340.0,199.5,30564780.0,169.74,18242050.0,411.46,17626010.0,572.43,9775379.0,139.91,160537400.0,133.46,6998599.0,118.96,10436740.0,153.41,5978897.0,149.56,4008716.0,121.84,2078646.0,132.06,2534529.0,16.9,25419290.0,109.21,6003071.0,11/01/2024,4.75,4.74,4.61,4.53,4.42,4.28,4.21,4.18,4.22,4.3,4.37,4.68,4.57,2024-11-27,68.43,0.0064652494766336294,-0.0032722982334056835,230.337,226.96259999999998,-0.052615958619520176,0.011141491092848198,34.46475195822451,stable,316.528,71.8,0.0
2024-11-06,222.72,54561120.0,207.09,72292170.0,176.51,33695540.0,420.18,26681840.0,572.05,18305430.0,145.61,242043900.0,138.35,8857948.0,121.0,20807680.0,157.72,12118910.0,155.25,3094237.0,127.9,2626150.0,138.71,3263038.0,17.42,31239320.0,113.63,7733605.0,11/04/2024,4.75,4.74,4.65,4.51,4.39,4.25,4.17,4.1,4.17,4.24,4.31,4.6,4.5,2024-11-28,68.76,-0.0032722982334056835,0.02114694529254415,229.996,226.8564,-0.03484139365574623,0.010399463665255107,32.64630106735366,stable,316.528,71.8,0.0
2024-11-07,227.48,42137690.0,210.05,52878380.0,180.75,25352940.0,425.43,19901780.0,591.7,14653710.0,148.88,207323300.0,137.87,6297479.0,121.15,12184430.0,156.77,8143245.0,154.0,1772064.0,126.68,1630683.0,136.11,2106212.0,17.41,27844360.0,112.4,5441982.0,11/05/2024,4.72,4.72,4.64,4.49,4.39,4.27,4.19,4.11,4.16,4.22,4.26,4.55,4.44,2024-11-29,68.99,0.02114694529254415,-0.0022885319380029265,229.91799999999998,226.87620000000004,-0.013401570022119058,0.011563139748179147,37.070151306739994,stable,316.528,71.8,0.0
2024-11-08,226.96,38328820.0,208.18,36075850.0,178.35,22006180.0,422.54,16891410.0,589.34,9415699.0,147.63,175665800.0,134.23,6325400.0,121.11,12835970.0,156.93,6041457.0,153.75,1718368.0,126.45,3126003.0,136.69,1702919.0,17.3,26159440.0,111.59,5314319.0,11/06/2024,4.68,4.71,4.64,4.54,4.41,4.31,4.27,4.2,4.27,4.37,4.42,4.71,4.6,2024-12-02,67.33,-0.0022885319380029265,-0.012101479715156712,229.88849999999996,226.81959999999998,-0.019229938204917585,0.011482380589983522,33.07254623044098,stable,316.528,71.8,0.0
2024-11-11,224.23,42005600.0,206.84,35456010.0,180.35,17450350.0,418.01,24503320.0,583.17,10209050.0,145.26,182325600.0,138.51,7210941.0,120.47,11969660.0,156.5,7771691.0,156.06,1992444.0,127.94,3010410.0,138.02,1774444.0,17.24,20245950.0,112.05,3820476.0,11/07/2024,4.69,4.69,4.63,4.52,4.4,4.28,4.21,4.13,4.17,4.25,4.31,4.62,4.52,2024-12-03,69.46,-0.012101479715156712,0.0,229.535,226.7242,-0.03928877463581837,0.01108929553031807,30.764141581210666,stable,316.528,71.8,0.0
2024-11-12,224.23,40398300.0,208.91,38942920.0,181.62,25134910.0,423.03,19401200.0,584.82,16287720.0,148.29,198634700.0,136.47,6667818.0,120.35,11972800.0,155.29,5681869.0,155.21,1785629.0,127.7,2719333.0,137.02,1680560.0,17.05,10924430.0,110.64,5175841.0,11/08/2024,4.7,4.69,4.63,4.53,4.42,4.32,4.26,4.18,4.2,4.25,4.3,4.58,4.47,2024-12-04,69.75,0.0,0.003961282580639748,229.054,226.7534,-0.04039885308340818,0.010702221150445444,37.00756068444088,stable,316.528,71.8,0.0
2024-11-13,225.12,48566220.0,214.1,46212940.0,178.88,23184000.0,425.2,21502190.0,580.0,10757580.0,146.27,191903300.0,134.53,4701399.0,121.47,15127880.0,158.72,8824013.0,159.11,2448115.0,129.91,1962131.0,139.56,2304254.0,17.1,30764150.0,111.82,5961567.0,11/12/2024,4.7,4.7,4.63,4.54,4.45,4.38,4.34,4.29,4.32,4.38,4.43,4.7,4.58,2024-12-05,69.25,0.003961282580639748,0.013676482640454679,228.721,226.83880000000002,-0.021642764015645355,0.010658778966197534,39.45025164537362,stable,316.528,71.8,0.0
2024-11-14,228.22,44923940.0,211.48,42620310.0,175.58,31007460.0,426.89,30246880.0,577.16,11053740.0,146.76,194463300.0,134.43,3510654.0,120.56,13041850.0,161.8,10111230.0,158.14,1863206.0,129.76,2257239.0,140.02,2544841.0,17.15,10384270.0,112.92,4389852.0,11/13/2024,4.69,4.67,4.6,4.5,4.4,4.31,4.27,4.25,4.3,4.38,4.44,4.73,4.63,2024-12-06,70.39,0.013676482640454679,-0.014209673802113448,228.5245,226.9556,0.010225310964543377,0.011170942436749593,44.32182271270915,stable,316.528,71.8,0.0
2024-11-15,225.0,47923700.0,202.61,86591140.0,172.49,32504650.0,415.0,28247640.0,554.08,17712860.0,141.98,250132900.0,131.64,5010102.0,119.31,19051710.0,161.42,9022753.0,157.52,2258883.0,130.91,2275131.0,140.16,2258695.0,17.29,13134770.0,112.32,4124037.0,11/14/2024,4.7,4.68,4.61,4.53,4.43,4.36,4.34,4.3,4.32,4.38,4.43,4.69,4.58,2024-12-09,71.68,-0.014209673802113448,0.013332942201153587,228.0245,227.03920000000002,0.009375981337759631,0.01110729434637833,35.67530695770802,stable,316.528,71.8,0.0
2024-11-18,228.02,44686020.0,201.7,36512470.0,175.3,20206610.0,415.76,24742010.0,554.4,14346720.0,140.15,221866000.0,136.01,6620991.0,120.31,14243700.0,160.76,6092141.0,159.92,2099671.0,131.32,2357512.0,144.01,2466237.0,17.58,17212630.0,113.76,5089153.0,11/15/2024,4.7,4.67,4.6,4.52,4.44,4.34,4.31,4.27,4.3,4.36,4.43,4.7,4.6,2024-12-10,69.41,0.013332942201153587,0.0011396012629335743,227.60150000000004,227.1814,0.02707085266429443,0.01149510127282359,41.19114437168697,stable,316.528,71.8,0.0
2024-11-19,228.28,36211770.0,204.61,31197870.0,178.12,23434930.0,417.79,18133530.0,561.09,9522445.0,147.01,227834900.0,135.9,5767480.0,118.63,11584380.0,159.6,4657409.0,158.8,1637077.0,130.94,2448689.0,142.01,2522230.0,17.96,22240740.0,113.09,5100327.0,11/18/2024,4.7,4.65,4.63,4.52,4.44,4.33,4.29,4.25,4.28,4.35,4.42,4.7,4.61,2024-12-11,69.05,0.0011396012629335743,0.0031490578857323766,227.2225,227.3448,0.021615573953904788,0.011512060644713948,46.83588317107094,stable,316.528,71.8,0.0
2024-11-20,229.0,35169570.0,202.88,32768990.0,175.98,18997110.0,415.49,19191660.0,565.52,9797339.0,145.89,309871700.0,133.96,4814244.0,120.32,11360930.0,161.33,6391252.0,159.38,1606792.0,131.45,2502719.0,141.2,2728460.0,18.28,28443280.0,113.43,4092747.0,11/19/2024,4.67,4.63,4.62,4.51,4.44,4.34,4.27,4.24,4.25,4.32,4.39,4.66,4.57,2024-12-12,69.03,0.0031490578857323766,-0.0020982696979778065,227.13450000000003,227.4716,0.028196839080459668,0.010514381799806103,56.109134045077106,stable,316.528,71.8,0.0
2024-11-21,228.52,42108330.0,198.38,58800040.0,167.63,59734380.0,412.87,20780160.0,563.09,11154750.0,146.67,400946600.0,138.92,6619719.0,121.93,14675420.0,161.63,7945531.0,159.29,1505501.0,131.41,2218846.0,141.11,1600051.0,18.97,42715230.0,111.9,12535800.0,11/20/2024,4.68,4.63,4.62,4.52,4.44,4.37,4.31,4.26,4.28,4.34,4.41,4.66,4.59,2024-12-13,69.03,-0.0020982696979778065,0.005890197880063815,227.03199999999998,227.5866,0.004571830490592621,0.01052105521715257,62.318840579710184,stable,316.528,71.8,0.0
2024-11-22,229.87,38168250.0,197.12,31530840.0,164.76,38604590.0,417.0,24814630.0,559.14,9164004.0,141.95,236406200.0,144.21,7688618.0,121.79,13323430.0,162.36,7006293.0,158.48,1421230.0,133.27,2480779.0,140.91,2375205.0,19.07,22173340.0,111.75,7516628.0,11/21/2024,4.72,4.67,4.63,4.52,4.45,4.39,4.34,4.3,4.3,4.36,4.43,4.68,4.61,2024-12-16,68.26,0.005890197880063815,0.012966426208818584,226.955,227.73399999999998,0.012821642580190362,0.010578996874579494,66.92506459948325,stable,316.528,71.8,0.0
2024-11-25,232.87,90152830.0,201.45,40685670.0,167.65,33135260.0,418.79,27691090.0,565.11,13599830.0,136.02,344941900.0,144.16,12208160.0,119.97,26580300.0,160.36,10702400.0,156.5,3721225.0,133.28,4455887.0,139.82,4237293.0,18.97,20619150.0,106.1,23447380.0,11/22/2024,4.72,4.67,4.63,4.53,4.46,4.42,4.37,4.32,4.3,4.35,4.41,4.67,4.6,2024-12-17,68.35,0.012966426208818584,0.009360442759563672,226.92850000000004,228.065,0.03853186460330926,0.010817061644781169,69.00726392251822,stable,316.528,71.8,0.0
2024-11-26,235.06,45986190.0,207.86,41673740.0,169.12,20486720.0,427.99,23458890.0,573.54,10356550.0,136.92,190287700.0,141.74,12796250.0,117.97,14827330.0,162.53,7369944.0,157.14,2072299.0,134.25,2705557.0,139.8,1728806.0,19.2,12285540.0,106.78,12073680.0,11/25/2024,4.74,4.67,4.62,4.52,4.46,4.37,4.21,4.21,4.17,4.21,4.27,4.53,4.45,2024-12-18,70.15,0.009360442759563672,-0.0005532032737520651,226.998,228.43040000000002,0.0482986219506758,0.011021387003587594,73.51371951219514,stable,316.528,71.8,0.0
2024-11-27,234.93,33498440.0,205.74,28061640.0,169.23,19266510.0,422.99,18332440.0,569.2,7200228.0,135.34,226370900.0,124.38,38089690.0,117.66,11079120.0,162.11,7674474.0,155.36,1286082.0,133.35,2151868.0,138.56,1907149.0,19.42,22601810.0,107.39,6237819.0,11/26/2024,4.74,4.67,4.61,4.52,4.45,4.37,4.21,4.21,4.17,4.24,4.3,4.56,4.48,2024-12-19,68.81,-0.0005532032737520651,0.010163980270458799,227.2395,228.7152,0.04357675906183367,0.010390794159493151,67.23739009717728,stable,316.528,71.8,0.0
2024-11-29,237.33,28481380.0,207.89,24892450.0,168.95,14257240.0,423.46,16271920.0,574.32,7130519.0,138.25,141863200.0,127.59,9534508.0,117.96,9426499.0,161.93,5076953.0,156.15,965504.0,133.98,1402352.0,139.08,1554106.0,19.86,16083810.0,108.34,3918669.0,11/27/2024,4.76,4.7,4.6,4.54,4.43,4.34,4.19,4.17,4.11,4.17,4.25,4.52,4.44,2024-12-20,68.58,0.010163980270458799,0.009477551441854002,227.8105,228.8844,0.03991762334589444,0.0095061303036053,72.0732226479353,stable,316.528,71.8,0.0
2024-12-02,239.59,48137100.0,210.71,39523190.0,171.49,23789080.0,430.98,20207220.0,592.83,12522370.0,138.63,171682800.0,125.84,13328010.0,117.85,12687320.0,162.21,6229596.0,157.41,2267112.0,136.43,3319769.0,140.14,2772398.0,19.42,14888890.0,106.14,5939700.0,11/29/2024,4.76,4.69,4.58,4.52,4.42,4.3,4.13,4.1,4.05,4.1,4.18,4.45,4.36,2024-12-23,68.58,0.009477551441854002,0.01269094670795666,228.64450000000002,229.1122,0.06484444444444448,0.00885350310774862,83.36229365768902,stable,317.604,74.0,0.0
2024-12-03,242.65,38861020.0,213.44,32214830.0,171.34,22248710.0,431.2,18301990.0,613.65,14907160.0,140.26,164414000.0,125.56,6989907.0,117.67,11756570.0,161.92,5900066.0,155.49,2035763.0,134.48,2313642.0,137.47,2070537.0,19.26,14173680.0,106.05,5862557.0,12/02/2024,4.75,4.63,4.51,4.51,4.43,4.3,4.17,4.11,4.08,4.13,4.19,4.46,4.36,2024-12-24,68.65,0.01269094670795666,0.0014825189059665656,229.67649999999998,229.43579999999997,0.06416103850539434,0.008882921332827755,85.31441717791417,stable,317.604,74.0,0.0
2024-12-04,243.01,44383940.0,218.16,48745720.0,174.37,31615140.0,437.42,26009430.0,613.78,14697010.0,145.14,231224300.0,126.1,6264548.0,114.28,19520580.0,158.32,7862728.0,150.4,2240921.0,130.6,2594907.0,134.07,2509254.0,18.98,11123400.0,103.51,7291015.0,12/03/2024,4.66,4.56,4.49,4.48,4.4,4.27,4.17,4.13,4.11,4.17,4.23,4.5,4.4,2024-12-25,68.85,0.0014825189059665656,0.00012344409027086238,230.6545,229.7486,0.06452602067636226,0.00889314304695714,85.00978473581218,stable,317.604,74.0,0.0
2024-12-05,243.04,40033880.0,220.55,41140220.0,172.64,21356240.0,442.62,21697780.0,608.93,8081212.0,145.06,172621200.0,125.07,8115782.0,114.78,15751200.0,159.33,6358358.0,150.1,2199233.0,129.83,2928320.0,133.05,2525923.0,19.07,11230710.0,104.44,7074715.0,12/04/2024,4.65,4.54,4.47,4.46,4.38,4.23,4.13,4.09,4.07,4.13,4.19,4.45,4.35,2024-12-26,70.57,0.00012344409027086238,-0.0008232485852293405,231.6705,230.08199999999997,0.061310043668122205,0.00877468630990049,82.96263345195734,stable,317.604,74.0,0.0
2024-12-06,242.84,36870620.0,227.03,44178070.0,174.71,21462390.0,443.57,18821000.0,623.77,16935500.0,142.44,188505600.0,123.4,10464350.0,113.57,16171070.0,155.24,9701694.0,150.94,2684444.0,128.68,1926127.0,131.52,1984251.0,19.26,14520750.0,103.22,5365601.0,12/05/2024,4.59,4.53,4.46,4.46,4.38,4.23,4.15,4.1,4.07,4.12,4.17,4.43,4.33,2024-12-27,70.25,-0.0008232485852293405,0.015972888051357558,232.43850000000003,230.3884,0.06266409942236995,0.00789430329414655,95.8376156217884,stable,317.604,74.0,0.0
2024-12-09,246.75,44649230.0,226.09,46819360.0,175.37,25389630.0,446.02,19144390.0,613.57,11426020.0,138.81,189308600.0,123.81,8318589.0,112.9,17412570.0,157.08,9404473.0,152.98,2527970.0,130.08,3475680.0,134.55,2729967.0,18.84,14275920.0,103.16,6526514.0,12/06/2024,4.57,4.5,4.42,4.42,4.34,4.19,4.1,4.05,4.03,4.09,4.15,4.42,4.34,2024-12-30,71.54,0.015972888051357558,0.004125218177144301,233.42800000000003,230.7676,0.0734328098490451,0.00826527706494296,96.01965601965614,stable,317.604,74.0,0.0
2024-12-10,247.77,36914810.0,225.04,31199860.0,185.17,54813020.0,443.33,18469460.0,619.32,10938850.0,135.07,210020900.0,116.79,12659520.0,112.67,20990940.0,157.0,9126158.0,151.06,3431484.0,125.62,3124134.0,132.32,2656362.0,18.74,11886480.0,102.36,5861215.0,12/09/2024,4.56,4.5,4.42,4.43,4.34,4.2,4.13,4.09,4.07,4.13,4.2,4.47,4.39,2024-12-31,71.03,0.004125218177144301,-0.005179471782210545,234.60499999999996,231.063,0.06398419719156623,0.007325978878573196,96.16295594504986,stable,317.604,74.0,0.0
2024-12-11,246.49,45205810.0,230.26,35385790.0,195.4,67894070.0,448.99,19200210.0,632.68,10837230.0,139.31,184905200.0,118.69,8156109.0,111.92,32392240.0,156.21,13764740.0,151.97,2796187.0,125.33,2596835.0,133.29,2349047.0,19.18,11820410.0,102.19,8195505.0,12/10/2024,4.53,4.48,4.41,4.42,4.35,4.22,4.15,4.08,4.09,4.15,4.22,4.49,4.41,2025-01-01,70.31,-0.005179471782210545,0.00594601812519399,235.71800000000002,231.4686,0.04862588275333968,0.0075982022800207836,90.35532994923868,stable,317.604,74.0,1.0
2024-12-12,247.96,32777530.0,228.97,28204080.0,191.96,34817490.0,449.56,20834780.0,630.79,7474717.0,137.34,159211400.0,119.18,5403795.0,111.82,14543260.0,154.71,7621522.0,146.28,2723225.0,123.99,2646018.0,129.68,2066941.0,19.21,8826785.0,100.91,5908601.0,12/11/2024,4.49,4.45,4.38,4.38,4.32,4.21,4.15,4.09,4.13,4.2,4.26,4.55,4.48,2025-01-02,70.8,0.00594601812519399,0.000685359538206058,236.86000000000004,231.8922,0.05546332950240496,0.007600560737313161,92.8949691085614,stable,317.604,74.0,0.0
2024-12-13,248.13,33155290.0,227.46,28768080.0,189.82,25143500.0,447.27,20177830.0,620.35,8453349.0,134.25,231514900.0,118.45,5941904.0,110.84,13106080.0,153.87,5816180.0,145.56,2014740.0,122.72,1825767.0,129.14,1717977.0,19.04,10819200.0,101.02,6887814.0,12/12/2024,4.43,4.44,4.35,4.36,4.31,4.22,4.18,4.14,4.18,4.25,4.32,4.62,4.55,2025-01-03,70.1,0.000685359538206058,0.011659486612797755,237.85549999999998,232.3414,0.04550625711035261,0.007356076065857792,92.50465549348236,stable,317.604,74.0,0.0
2024-12-16,251.04,51694750.0,232.93,37552100.0,196.66,44934900.0,451.59,23598830.0,624.24,10885630.0,132.0,237951100.0,119.27,6730489.0,108.47,20256090.0,149.36,11961220.0,138.19,3518542.0,116.29,3653325.0,125.07,4422150.0,18.7,12638380.0,99.57,7441806.0,12/13/2024,4.43,4.43,4.34,4.36,4.32,4.24,4.25,4.21,4.25,4.33,4.4,4.69,4.61,2025-01-06,69.71,0.011659486612797755,0.009672635470593672,239.15749999999997,232.82620000000003,0.04778997453983891,0.006122936436664617,92.47311827956995,stable,317.604,74.0,0.0
2024-12-17,253.48,51356360.0,231.15,35948130.0,195.42,43504030.0,454.46,22733490.0,619.44,12897840.0,130.39,259410300.0,118.28,5166312.0,108.01,17554000.0,148.11,11909330.0,137.99,4076676.0,115.83,3608816.0,124.89,3710758.0,18.64,30089020.0,98.26,8737833.0,12/16/2024,4.43,4.44,4.37,4.36,4.3,4.24,4.25,4.22,4.25,4.32,4.39,4.68,4.6,2025-01-07,69.5,0.009672635470593672,-0.02165458570825826,240.4305,233.46200000000002,0.044632186276529984,0.005927296393123178,92.56007393715348,stable,317.604,74.0,0.0
2024-12-18,248.05,56774100.0,220.52,43281440.0,188.4,34166070.0,437.39,24444550.0,597.19,17075480.0,128.91,277444500.0,112.67,7336887.0,106.42,17114540.0,144.08,10174490.0,135.06,3959547.0,111.86,4211648.0,121.74,4263686.0,18.2,13915010.0,95.85,8466527.0,12/17/2024,4.46,4.44,4.38,4.36,4.3,4.25,4.25,4.22,4.26,4.33,4.4,4.68,4.59,2025-01-08,70.87,-0.02165458570825826,0.0069902261174959015,241.419,233.90759999999997,0.02073988724743847,0.008430669955165332,74.35040831477363,stable,317.604,74.0,0.0
2024-12-19,249.79,60882260.0,223.29,39918740.0,188.51,32265240.0,437.03,22963680.0,595.57,14958080.0,130.68,209719200.0,111.96,9248377.0,105.51,20565560.0,141.15,16544330.0,131.65,3897329.0,110.35,4445032.0,118.93,5060230.0,18.27,14762020.0,95.18,9953878.0,12/18/2024,4.44,4.43,4.36,4.36,4.3,4.3,4.35,4.35,4.4,4.45,4.5,4.74,4.65,2025-01-09,70.87,0.0069902261174959015,0.018640977623199214,242.45850000000002,234.31260000000003,0.027773206056616262,0.008450328386430572,73.70624048706244,stable,317.604,74.0,0.0
2024-12-20,254.49,147495300.0,224.92,88279180.0,191.41,63462930.0,436.6,64263690.0,585.25,48989390.0,134.7,306528600.0,115.77,12228160.0,105.87,40141150.0,142.85,32209200.0,133.38,11493710.0,110.37,8178658.0,118.59,7606121.0,18.86,23266460.0,95.12,29542160.0,12/19/2024,4.42,4.42,4.35,4.35,4.29,4.28,4.32,4.35,4.43,4.51,4.57,4.82,4.74,2025-01-10,70.38,0.018640977623199214,0.0030602660418225774,243.757,234.8216,0.0479739746335035,0.008879631818752929,75.94011142061288,stable,317.604,74.0,0.0
2024-12-23,255.27,40858770.0,225.06,28070010.0,194.63,25675010.0,435.25,19152520.0,599.85,10205750.0,139.67,176053500.0,118.82,5324214.0,106.3,12285080.0,142.97,8156466.0,133.98,3509363.0,110.48,3365124.0,118.65,2832576.0,19.04,8953816.0,96.38,7892584.0,12/20/2024,4.43,4.42,4.34,4.35,4.29,4.27,4.3,4.32,4.37,4.45,4.52,4.79,4.72,2025-01-13,71.28,0.0030602660418225774,0.011412669882966294,245.02700000000004,235.37600000000003,0.03452887537993932,0.008893642025656739,73.86535552193652,stable,317.604,74.0,0.0
2024-12-24,258.2,23234710.0,229.05,15007500.0,196.11,10403260.0,439.33,7164543.0,607.75,4726056.0,140.22,105157000.0,118.94,2077431.0,106.4,7806997.0,143.84,3556081.0,135.35,1419547.0,111.58,1448581.0,118.84,1170131.0,19.6,6987384.0,97.11,2677353.0,12/23/2024,4.44,4.44,4.36,4.37,4.3,4.26,4.3,4.36,4.44,4.52,4.59,4.85,4.78,2025-01-14,71.73,0.011412669882966294,0.0031708003828989626,246.2935,235.914,0.04209549178673755,0.008829153886205077,76.18062736987251,stable,317.604,74.0,0.0
2024-12-26,259.02,27262980.0,227.05,16174500.0,195.6,12057210.0,438.11,8199927.0,603.35,6091239.0,139.93,116519100.0,119.28,2744871.0,106.49,9653408.0,143.98,4494424.0,135.39,1566545.0,112.2,1794792.0,119.68,1884374.0,19.26,11424440.0,96.89,4325685.0,12/24/2024,4.44,4.44,4.4,4.38,4.3,4.24,4.29,4.36,4.43,4.52,4.59,4.84,4.76,2025-01-15,72.44,0.0031708003828989626,-0.0133306806880835,247.4915,236.4174,0.050833705221307035,0.00878262734732043,76.8120805369128,stable,317.604,74.0,0.0
2024-12-27,255.59,42355320.0,223.75,27367150.0,192.76,18891360.0,430.53,18117710.0,599.81,8084229.0,137.01,170582600.0,117.33,4881875.0,106.48,11943910.0,144.0,5296875.0,135.67,1770112.0,112.59,2615029.0,119.58,1697798.0,19.28,6943279.0,96.92,5889944.0,12/26/2024,4.45,4.45,4.35,4.37,4.31,4.23,4.3,4.35,4.42,4.49,4.58,4.83,4.76,2025-01-16,72.44,-0.0133306806880835,-0.013352174576538492,248.5245,236.8936,0.03077109211163087,0.009621297795876437,69.30063578564946,stable,317.604,74.0,0.0
2024-12-30,252.2,35557540.0,221.3,28321240.0,191.24,14264660.0,424.83,13158700.0,591.24,7025864.0,137.49,167734700.0,114.82,5517940.0,105.76,11080770.0,143.07,6194835.0,135.6,2010943.0,111.99,2567496.0,119.59,2890479.0,19.57,10722250.0,97.09,5238836.0,12/27/2024,4.44,4.43,4.31,4.35,4.29,4.2,4.31,4.36,4.45,4.53,4.62,4.89,4.82,2025-01-17,73.79,-0.013352174576538492,-0.007082915290017538,249.26799999999997,237.29460000000003,0.016402692137186037,0.010270940776507611,58.38203629652415,stable,317.604,74.0,0.0
2024-12-31,250.42,39480720.0,219.39,24819660.0,189.3,17466920.0,421.5,13246510.0,585.51,6019520.0,134.29,155659200.0,115.24,3874670.0,107.57,12387760.0,144.84,6137843.0,139.5,2179421.0,113.93,2988969.0,122.59,2689861.0,19.59,8823689.0,99.17,5556515.0,12/30/2024,4.43,4.42,4.37,4.33,4.25,4.17,4.24,4.29,4.37,4.46,4.55,4.84,4.77,2025-01-20,74.64,-0.007082915290017538,-0.026586226084739983,249.80949999999999,237.60300000000004,-0.002469725940089207,0.010391349833983292,53.982566877066404,stable,317.604,74.0,0.0
2025-01-02,243.85,55740730.0,220.22,33956580.0,189.43,20370830.0,418.58,16896470.0,599.24,12682270.0,138.31,198247200.0,116.53,4580909.0,107.31,12685450.0,146.71,7170257.0,141.49,2586798.0,114.41,2538219.0,123.15,2106840.0,19.71,22112830.0,100.08,5080848.0,12/31/2024,4.4,4.39,4.37,4.32,4.24,4.16,4.25,4.27,4.38,4.48,4.58,4.86,4.78,2025-01-21,74.31,-0.026586226084739983,-0.0020114536450788353,249.86950000000002,237.75039999999998,-0.03799116301088845,0.011907320216289893,46.57676348547715,stable,318.961,71.7,0.0
2025-02-20,245.83,32316910.0,222.88,30001670.0,184.56,20441460.0,416.13,23508730.0,694.84,12587410.0,140.11,143903600.0,119.89,5480404.0,112.0,16325800.0,158.79,6256154.0,158.27,2464682.0,131.55,3154369.0,139.14,2539164.0,19.94,13840770.0,102.0,6309218.0,02/18/2025,4.38,4.41,4.38,4.34,4.37,4.34,4.24,4.29,4.33,4.4,4.48,4.55,4.83,2025-03-06,72.58,0.003912782656568721,-0.0011396476466492649,235.004,240.63600000000002,0.05746978104701683,0.017069708533291008,60.430379746835435,stable,319.679,64.7,0.0
2025-02-21,245.55,53197430.0,216.58,55323850.0,179.66,35199240.0,408.21,27524800.0,683.55,15660360.0,134.43,228217600.0,117.6,5662294.0,110.69,14709990.0,156.92,6689815.0,153.74,1996323.0,128.78,12517470.0,134.74,2939095.0,19.39,15649450.0,97.94,8562255.0,02/19/2025,4.38,4.42,4.38,4.34,4.35,4.34,4.22,4.28,4.3,4.37,4.46,4.53,4.79,2025-03-07,72.88,-0.0011396476466492649,0.006292520509310753,236.0985,240.6902,0.052868536146128076,0.017076298742873322,62.50327310814349,stable,319.679,64.7,0.0
2025-02-24,247.1,51326400.0,212.71,42387590.0,179.25,29854210.0,404.0,26443660.0,668.13,15676990.0,130.28,251381100.0,114.14,7327788.0,111.27,13153470.0,157.89,5925047.0,152.7,3688749.0,127.08,5831162.0,135.06,2920585.0,18.97,21504820.0,98.82,6277733.0,02/20/2025,4.37,4.4,4.38,4.33,4.35,4.33,4.2,4.28,4.27,4.34,4.43,4.5,4.77,2025-03-10,70.72,0.006292520509310753,-0.0002428461581531033,237.3145,240.6972,0.08553354127311863,0.016957609492349042,80.06299212598424,stable,319.679,64.7,0.0
2025-02-25,247.04,48013270.0,212.8,58957980.0,175.42,41913410.0,397.9,29387400.0,657.5,20579660.0,126.63,271428700.0,110.65,6582053.0,109.73,14496960.0,156.42,6811293.0,150.59,2435705.0,126.26,2689516.0,133.66,2767398.0,18.92,30618520.0,97.08,5822238.0,02/21/2025,4.36,4.39,4.38,4.32,4.34,4.3,4.15,4.19,4.19,4.26,4.35,4.42,4.69,2025-03-11,71.06,-0.0002428461581531033,-0.027412467370684025,238.17350000000002,240.6826,0.08517461014715555,0.015831138590986688,76.3508512213175,stable,319.679,64.7,0.0
2025-02-26,240.36,44433560.0,214.35,39120600.0,172.73,35431270.0,399.73,19618950.0,673.7,14488710.0,131.28,322553800.0,115.65,8657995.0,109.46,10446410.0,155.14,6005232.0,146.3,2281569.0,125.44,3947158.0,130.16,4532208.0,19.16,12978420.0,96.13,6292478.0,02/24/2025,4.36,4.38,4.37,4.31,4.34,4.3,4.15,4.13,4.17,4.23,4.32,4.4,4.69,2025-03-12,69.15,-0.027412467370684025,-0.012812636024009335,238.27850000000004,240.56,0.0332731493422751,0.015357152300780915,61.82199580461496,stable,319.679,64.7,0.0
2025-02-27,237.3,41153640.0,208.74,40548570.0,168.5,39991020.0,392.53,21127410.0,658.24,12500010.0,120.15,443175800.0,107.83,15737170.0,110.15,15293170.0,156.67,7517237.0,147.98,2422056.0,127.41,2702003.0,129.63,2392058.0,18.94,14539370.0,97.37,6306413.0,02/25/2025,4.34,4.37,4.37,4.3,4.33,4.28,4.12,4.07,4.08,4.12,4.21,4.3,4.59,2025-03-13,68.87,-0.012812636024009335,0.01895118702948463,238.17549999999997,240.3468,0.0018153417486386214,0.015600374325108878,55.717488789237684,stable,319.679,64.7,0.0
2025-02-28,241.84,56833360.0,212.28,51771740.0,170.28,48130570.0,396.99,32845660.0,668.2,17534170.0,124.92,389091100.0,102.76,20366160.0,111.33,18821670.0,158.62,8828547.0,150.18,3007810.0,129.69,5739902.0,130.73,3847692.0,19.29,11659170.0,99.15,9002606.0,02/26/2025,4.35,4.38,4.37,4.31,4.32,4.28,4.12,4.05,4.04,4.06,4.16,4.25,4.55,2025-03-14,70.62,0.01895118702948463,-0.01587963432324655,238.388,240.22100000000003,0.001283484453276973,0.016085525617085046,70.516892867456,stable,319.679,64.7,0.0
2025-03-03,238.03,47183990.0,205.02,42948450.0,167.01,40770450.0,388.49,23007730.0,655.05,10843760.0,114.06,411381400.0,95.56,13096850.0,107.76,18706880.0,153.09,9059814.0,145.82,2714547.0,124.99,6055300.0,128.4,3870996.0,19.03,13557400.0,92.63,12640210.0,02/27/2025,4.38,4.38,4.38,4.32,4.32,4.28,4.13,4.07,4.05,4.09,4.19,4.29,4.59,2025-03-17,69.97,-0.01587963432324655,-0.008861565289334124,238.48950000000005,239.96079999999998,-0.026860179885527358,0.016440104558286615,63.50858927641854,stable,319.785,57.0,0.0
2025-03-04,235.93,53798060.0,203.8,60853080.0,170.92,45388000.0,388.61,29342920.0,640.0,21495210.0,115.99,398163300.0,94.07,12789370.0,107.54,19394910.0,152.0,8826344.0,142.62,3298136.0,122.29,4322558.0,127.61,4290529.0,18.47,29228920.0,90.64,14000540.0,02/28/2025,4.38,4.37,4.38,4.32,4.32,4.25,4.08,3.99,3.99,4.03,4.14,4.24,4.55,2025-03-18,68.63,-0.008861565289334124,-0.0008056480601985587,238.8855,239.6098,-0.034932711580152986,0.014460271166141129,54.65541490857947,stable,319.785,57.0,0.0
2025-03-05,235.74,47227640.0,208.36,38610090.0,173.02,30954920.0,401.02,23433130.0,656.47,13770030.0,117.3,284337900.0,97.25,6059440.0,105.44,24822250.0,150.81,9288538.0,135.12,4745227.0,119.74,4202841.0,121.76,6232123.0,18.2,23262680.0,88.88,12081060.0,03/03/2025,4.38,4.38,4.37,4.35,4.31,4.31,4.06,3.96,3.93,3.97,4.06,4.16,4.49,2025-03-19,68.47,-0.0008056480601985587,-0.001740718379554715,239.03249999999997,239.36360000000002,-0.03728509004778047,0.013749117367889781,48.205779612575434,stable,319.785,57.0,0.0
2025-03-06,235.33,45170420.0,200.7,49863760.0,172.35,28301950.0,396.89,23304630.0,627.93,13446450.0,110.57,321181900.0,93.02,8560539.0,107.62,17150230.0,152.95,7314687.0,137.56,2462946.0,122.79,3058550.0,126.0,4179468.0,17.7,26731190.0,88.6,8679383.0,03/04/2025,4.39,4.38,4.37,4.34,4.31,4.28,4.04,3.96,3.94,4.01,4.11,4.22,4.56,2025-03-20,66.58,-0.001740718379554715,0.0157676116588977,239.1755,239.0744,-0.042712443558556745,0.013751829268150037,38.61967694566814,stable,319.785,57.0,0.0
2025-03-07,239.07,46273570.0,199.25,59802820.0,173.86,27385810.0,393.31,22034090.0,625.66,21375670.0,112.69,341755500.0,91.46,10162080.0,109.02,19624970.0,156.34,8562635.0,137.55,2832650.0,126.18,3463709.0,126.85,3107594.0,17.46,26874650.0,90.63,8603746.0,03/05/2025,4.38,4.38,4.36,4.35,4.3,4.3,4.06,3.99,4.01,4.08,4.18,4.28,4.61,2025-03-21,66.62,0.0157676116588977,-0.04969407363916757,239.46800000000002,238.766,-0.026389737324373885,0.014157336961564444,40.09315657470438,stable,319.785,57.0,0.0
2025-03-10,227.48,72071200.0,194.54,62350930.0,165.87,43604030.0,380.16,32840130.0,597.99,21999940.0,106.98,366487400.0,90.34,8384863.0,111.8,22749070.0,157.57,11750300.0,136.26,2799294.0,126.13,3571758.0,126.8,3844513.0,17.26,40030370.0,92.9,12086740.0,03/06/2025,4.38,4.37,4.34,4.34,4.28,4.27,4.02,3.96,3.98,4.06,4.18,4.29,4.63,2025-03-24,67.29,-0.04969407363916757,-0.029623865022754978,239.4605,238.21020000000001,-0.0794010522055848,0.017350502456963724,28.422656845313654,stable,319.785,57.0,0.0
2025-03-11,220.84,76137410.0,196.59,54002880.0,164.04,39587410.0,380.45,30380180.0,605.71,17401470.0,108.76,354865700.0,91.57,6282338.0,109.16,19904740.0,154.08,10466290.0,134.72,2750643.0,123.55,4125185.0,123.03,3604841.0,17.83,17884220.0,95.41,14544280.0,03/07/2025,4.38,4.36,4.33,4.34,4.29,4.29,4.05,3.99,4.01,4.09,4.21,4.32,4.66,2025-03-25,66.31,-0.029623865022754978,-0.0176332740215393,239.11999999999998,237.46300000000002,-0.10605569948186522,0.01856882867508835,23.65709274281953,disruption,319.785,57.0,0.0
2025-03-12,216.98,62547470.0,198.89,43679280.0,167.11,28372400.0,383.27,24253570.0,619.56,15746970.0,115.74,323857500.0,94.58,7873046.0,109.13,14051500.0,152.67,9710223.0,137.12,2426199.0,123.98,3194510.0,125.18,3453920.0,18.4,15038480.0,97.75,10147280.0,03/10/2025,4.37,4.35,4.34,4.33,4.28,4.25,3.98,3.89,3.91,3.98,4.1,4.22,4.58,2025-03-26,66.52,-0.0176332740215393,-0.034222624379153584,238.33800000000002,236.62220000000002,-0.09727076052587791,0.018063686992929512,20.263863121005926,stable,319.785,57.0,0.0
2025-03-13,209.68,61368330.0,193.89,41270760.0,162.76,31756210.0,378.77,20473020.0,590.64,16480320.0,115.58,299033100.0,92.45,4543443.0,108.67,17767840.0,153.61,9022758.0,137.02,1885377.0,122.5,5283080.0,125.8,3296154.0,18.17,9803614.0,96.19,11354770.0,03/11/2025,4.37,4.37,4.33,4.34,4.28,4.26,4.03,3.94,3.92,4.03,4.16,4.28,4.63,2025-03-27,67.65,-0.034222624379153584,0.018007434149081746,236.9785,235.704,-0.11639275179098185,0.01855561955065048,17.702142985773392,disruption,319.785,57.0,0.0
2025-03-14,213.49,60107580.0,197.95,38096660.0,165.49,31995890.0,388.56,19952850.0,607.6,12364510.0,121.67,277593500.0,95.67,5933435.0,111.9,15890060.0,157.02,6671549.0,141.15,1708284.0,126.73,3469834.0,129.14,2833181.0,18.73,10769750.0,98.95,7626002.0,03/12/2025,4.36,4.36,4.34,4.35,4.3,4.27,4.07,4.01,3.98,4.09,4.2,4.32,4.67,2025-03-28,66.82,0.018007434149081746,0.0023860218576188547,235.57650000000004,234.9298,-0.11722626529937141,0.01845125780609617,20.920574493857046,disruption,319.785,57.0,0.0
2025-03-17,214.0,48073430.0,195.74,47341750.0,164.29,31184340.0,388.7,22474270.0,604.9,15473910.0,119.53,255501500.0,97.66,5283185.0,113.76,19908790.0,158.72,7615153.0,146.16,2324027.0,129.19,3865474.0,132.95,3483981.0,18.9,9101812.0,99.36,8031086.0,03/13/2025,4.37,4.37,4.34,4.34,4.28,4.27,4.03,3.94,3.93,4.02,4.15,4.27,4.63,2025-03-31,67.43,0.0023860218576188547,-0.006140308495397845,234.0465,234.2014,-0.10095366130319705,0.018039464794070936,21.63461538461536,stable,319.785,57.0,0.0
2025-03-18,212.69,42432430.0,192.82,40414870.0,160.67,42074750.0,383.52,19486850.0,582.36,20297710.0,115.43,299686900.0,96.44,5791995.0,113.64,15998710.0,160.81,9289469.0,146.0,2797877.0,128.41,2627850.0,132.03,3139952.0,18.68,7221039.0,100.53,7861631.0,03/14/2025,4.37,4.36,4.33,4.33,4.3,4.29,4.09,4.02,4.0,4.09,4.2,4.31,4.65,2025-04-01,67.84,-0.006140308495397845,0.01191797809476539,232.45749999999998,233.57820000000004,-0.09850379349807148,0.01798231925451851,23.832040854927143,stable,319.785,57.0,0.0
2025-03-19,215.24,54385390.0,195.54,39442880.0,163.89,34275580.0,387.82,19185530.0,584.06,20537500.0,117.52,273426200.0,98.72,5460052.0,115.41,17315000.0,164.05,11503860.0,149.57,3591362.0,129.0,2194244.0,133.84,3968305.0,18.94,6833033.0,101.33,8784655.0,03/17/2025,4.37,4.35,4.33,4.34,4.3,4.29,4.11,4.06,4.03,4.11,4.21,4.31,4.64,2025-04-02,67.49,0.01191797809476539,-0.005310489025581843,230.97599999999997,233.0158,-0.08696021040128954,0.01838361713697474,28.93430099312451,disruption,319.785,57.0,0.0
2025-03-20,214.1,48862950.0,194.95,38921110.0,162.8,28138460.0,386.84,18470540.0,586.0,24336510.0,118.53,248829700.0,98.92,4924513.0,115.9,16230770.0,164.77,9545886.0,151.95,3638827.0,128.82,2134235.0,134.83,2858212.0,18.85,7995430.0,102.31,11577820.0,03/18/2025,4.37,4.35,4.33,4.34,4.29,4.29,4.13,4.04,4.01,4.07,4.18,4.29,4.61,2025-04-03,67.4,-0.005310489025581843,0.019289632955349155,229.3895,232.3978,-0.09021374240428337,0.018225014873425666,21.67075163398691,stable,319.785,57.0,0.0
2025-03-21,218.27,94127770.0,196.21,60056920.0,163.99,36625760.0,391.26,39675930.0,596.25,25015860.0,117.7,266498500.0,97.57,8911079.0,115.5,41102800.0,164.75,21625460.0,149.96,6814264.0,125.49,4624731.0,131.51,6736522.0,18.6,15140370.0,101.92,55090760.0,03/19/2025,4.37,4.34,4.32,4.33,4.3,4.29,4.1,3.99,3.95,4.03,4.14,4.25,4.58,2025-04-04,68.55,0.019289632955349155,0.011207406602134005,228.02549999999997,231.91899999999998,-0.0870038064165306,0.019116157623182476,29.967558799675587,disruption,319.785,57.0,0.0
2025-03-24,220.73,44299480.0,203.26,41625370.0,167.68,30879130.0,393.08,21004550.0,618.85,15741270.0,121.41,228452500.0,99.81,6491786.0,115.8,14207470.0,165.02,8068002.0,148.68,3087676.0,126.47,4032787.0,131.95,4497129.0,18.88,12855170.0,102.19,6768289.0,03/20/2025,4.36,4.34,4.34,4.33,4.29,4.27,4.06,3.95,3.93,4.01,4.12,4.24,4.57,2025-04-07,68.52,0.011207406602134005,0.013589122001844327,226.70700000000002,231.4796,-0.029672938280288386,0.01931158095527045,34.70209339774554,disruption,319.785,57.0,0.0
2025-03-25,223.75,34493580.0,205.71,31171160.0,170.56,24174370.0,395.16,15774970.0,626.31,15312540.0,120.69,167447200.0,98.86,4807330.0,116.59,12081800.0,165.94,7869159.0,149.09,3562062.0,125.49,2331859.0,132.0,3103698.0,18.88,8733757.0,102.55,6556474.0,03/21/2025,4.36,4.33,4.33,4.33,4.29,4.26,4.04,3.94,3.92,4.0,4.12,4.25,4.6,2025-04-08,69.46,0.013589122001844327,-0.009971336660380734,225.54250000000002,231.21759999999998,0.013176960695526097,0.019757667209305354,38.583127023424105,disruption,319.785,57.0,0.0
2025-03-26,221.53,34532660.0,201.13,32990970.0,165.06,28939330.0,389.97,16132910.0,610.98,12661890.0,113.76,296431700.0,96.26,5814156.0,118.27,14112760.0,167.97,10077760.0,149.81,1981201.0,126.57,1714766.0,134.52,2640005.0,18.93,10413200.0,103.2,7170916.0,03/24/2025,4.35,4.34,4.34,4.33,4.3,4.27,4.11,4.04,4.01,4.09,4.22,4.34,4.68,2025-04-09,69.48,-0.009971336660380734,0.01041816419239041,224.60099999999997,230.96020000000001,0.02096967462438948,0.01908763867812085,37.29749631811486,disruption,319.785,57.0,0.0
2025-03-27,223.85,37094770.0,201.36,27317660.0,162.24,24508270.0,390.58,13766760.0,602.58,10436520.0,111.43,236902100.0,97.1,7537769.0,117.89,12740790.0,166.65,6862691.0,147.35,1579095.0,124.72,1762268.0,133.23,2405184.0,18.88,9882221.0,102.82,4712025.0,03/25/2025,4.36,4.34,4.33,4.33,4.3,4.26,4.09,3.96,3.98,4.07,4.19,4.31,4.67,2025-04-10,70.05,0.01041816419239041,-0.02693994273640031,223.92850000000004,230.7716,0.06757916825639065,0.01923446524210098,35.614366729678636,disruption,319.785,57.0,0.0
2025-03-28,217.9,39818620.0,192.72,52548230.0,154.33,48669340.0,378.8,21632020.0,576.74,17602820.0,109.67,229872500.0,92.29,7225203.0,117.73,10233430.0,166.09,4923025.0,144.1,1689098.0,121.76,2433213.0,131.48,1932260.0,18.71,10756990.0,102.37,3745397.0,03/26/2025,4.36,4.34,4.33,4.33,4.31,4.26,4.1,3.98,4.01,4.08,4.22,4.35,4.71,2025-04-11,70.3,-0.02693994273640031,0.019226554118956955,222.7315,230.37220000000002,0.020656705232095174,0.019225629261514297,39.86457892509524,disruption,319.785,57.0,0.0
2025-03-31,222.13,65299320.0,190.26,63547560.0,154.64,54603460.0,375.39,35184680.0,576.36,21124680.0,108.38,299212700.0,91.15,7286218.0,118.93,21652350.0,167.29,10675730.0,145.69,2483365.0,123.48,2179305.0,132.07,2766719.0,18.59,12523300.0,105.02,7906112.0,03/27/2025,4.37,4.35,4.36,4.33,4.31,4.27,4.1,3.97,4.0,4.09,4.23,4.38,4.75,2025-04-14,69.74,0.019226554118956955,0.00476063056656272,221.93649999999997,230.24960000000002,0.03799065420560743,0.019794595557640914,51.438127090301,disruption,319.785,57.0,0.0
2025-04-01,223.19,36412740.0,192.17,41267320.0,157.07,30672900.0,382.19,19689500.0,586.0,12836570.0,110.15,222614000.0,91.96,5716711.0,119.04,12425430.0,168.51,6378587.0,146.63,1898805.0,124.35,2000927.0,133.74,2366433.0,18.73,11201260.0,105.39,6809745.0,03/28/2025,4.38,4.35,4.35,4.33,4.3,4.26,4.04,3.89,3.91,3.98,4.11,4.27,4.65,2025-04-15,71.87,0.00476063056656272,0.003131433175311838,221.2995,230.1138,0.04936762424185437,0.019833156562603007,57.38406658739597,disruption,320.302,52.2,0.0
2025-04-02,223.89,35905900.0,196.01,53679200.0,157.04,25041730.0,382.14,16092560.0,583.93,13470780.0,110.42,220601200.0,95.33,6245790.0,118.67,12614610.0,166.47,7044869.0,147.9,1654752.0,124.06,2216637.0,133.62,2411467.0,18.93,7907347.0,106.1,6527497.0,03/31/2025,4.38,4.36,4.35,4.32,4.31,4.23,4.03,3.89,3.89,3.96,4.09,4.23,4.62,2025-04-16,71.61,0.003131433175311838,-0.09701335791648369,220.70700000000002,230.1388,0.040187697454004745,0.01987323653451421,70.04231311706627,disruption,320.302,52.2,1.0
2025-04-03,203.19,103419000.0,178.41,95553620.0,150.72,46883370.0,373.11,30198000.0,531.62,34777460.0,101.8,338769400.0,77.23,30868530.0,112.43,21204640.0,156.12,15500990.0,128.59,5076207.0,107.18,6785499.0,114.29,9514556.0,17.73,30295930.0,95.25,13870890.0,04/01/2025,4.38,4.36,4.35,4.32,4.3,4.23,4.01,3.87,3.85,3.91,4.03,4.17,4.56,2025-04-17,72.12,-0.09701335791648369,-0.07568030250025096,219.1,229.726,-0.050957496496964017,0.02898939693755708,40.160489109667544,disruption,320.302,52.2,0.0
2025-04-04,188.38,125910900.0,171.0,123159400.0,145.6,62259540.0,359.84,49209850.0,504.73,38589810.0,94.31,532273800.0,71.63,17449150.0,104.34,30841320.0,143.28,20374720.0,121.07,5833219.0,98.81,6421249.0,104.69,7528865.0,16.16,50932810.0,86.29,15158360.0,04/02/2025,4.38,4.36,4.34,4.32,4.32,4.24,4.04,3.91,3.89,3.95,4.07,4.2,4.58,2025-04-18,67.43,-0.07568030250025096,-0.037425955653188146,216.5655,229.0204,-0.13694048655335145,0.03218792218035807,30.777310924369743,disruption,320.302,52.2,0.0
2025-04-07,181.46,160466300.0,175.26,109327100.0,146.75,76794140.0,357.86,50425000.0,516.25,36606140.0,97.64,611041300.0,75.0,15538440.0,102.94,35068450.0,140.15,17816950.0,121.66,4922844.0,96.59,5958672.0,106.67,6630962.0,15.87,44863170.0,85.67,12870240.0,04/03/2025,4.36,4.37,4.38,4.31,4.29,4.2,3.92,3.71,3.68,3.75,3.88,4.06,4.51,2025-04-21,62.42,-0.037425955653188146,-0.051101882959704026,214.2645,228.194,-0.17790966338966152,0.03154045320243136,28.387543252595165,disruption,320.302,52.2,0.0
2025-04-08,172.42,120859500.0,170.66,87710360.0,144.7,52200210.0,354.56,35868920.0,510.45,28034210.0,96.3,476243400.0,72.59,12924070.0,100.77,27147750.0,136.93,12904420.0,118.55,4459670.0,92.87,4682421.0,105.18,5350694.0,15.65,31815940.0,82.66,11509790.0,04/04/2025,4.36,4.35,4.36,4.28,4.25,4.14,3.86,3.68,3.66,3.72,3.84,4.01,4.44,2025-04-22,61.05,-0.051101882959704026,0.1426174108719208,211.8435,227.0452,-0.22940782122905035,0.03254673240244192,22.809245618491218,disruption,320.302,52.2,0.0
2025-04-09,198.85,184395900.0,191.1,116804300.0,158.71,70406230.0,390.49,50199700.0,585.77,39216580.0,114.33,612918300.0,84.19,18159950.0,105.8,30063290.0,146.03,16846840.0,131.42,5604411.0,103.13,11450700.0,115.9,7800067.0,16.67,48154170.0,91.51,17841880.0,04/07/2025,4.36,4.36,4.36,4.29,4.28,4.14,3.86,3.73,3.72,3.82,3.97,4.15,4.61,2025-04-23,60.04,0.1426174108719208,-0.04331861279615431,210.93699999999998,226.257,-0.10237891030560198,0.04748272348811148,42.670383543208686,disruption,320.302,52.2,0.0
2025-04-10,190.42,121880000.0,181.22,68302050.0,152.82,48021970.0,381.35,38024370.0,546.29,28173490.0,107.57,437812400.0,78.94,11279260.0,99.93,33999320.0,134.98,20991220.0,121.53,3970634.0,96.99,4512489.0,109.01,4861797.0,15.91,19076690.0,83.29,15621870.0,04/08/2025,4.36,4.39,4.37,4.31,4.3,4.14,3.83,3.71,3.71,3.88,4.05,4.26,4.76,2025-04-24,62.63,-0.04331861279615431,0.03979216077889878,209.974,225.2782,-0.1493410766138039,0.047826100779799124,37.141010250253935,disruption,320.302,52.2,0.0
2025-04-11,198.15,87435920.0,184.87,50594340.0,157.14,33636240.0,388.45,23839220.0,543.57,17642330.0,110.93,313417300.0,81.93,8667626.0,103.14,22884630.0,135.63,17224410.0,123.43,2901225.0,97.38,3572100.0,110.7,3777177.0,16.33,18407270.0,86.39,9233806.0,04/09/2025,4.36,4.38,4.37,4.35,4.36,4.23,4.03,3.91,3.91,4.06,4.2,4.34,4.78,2025-04-25,60.57,0.03979216077889878,0.021814327465264516,209.20700000000002,224.4894,-0.09063790729692522,0.048614866024003646,40.05811905600565,disruption,320.302,52.2,0.0
2025-04-14,202.52,101352900.0,182.12,48002540.0,159.07,30332960.0,387.81,19251170.0,531.48,14130930.0,110.71,264705000.0,85.19,12355190.0,103.39,18019970.0,135.32,9628152.0,124.85,2709609.0,97.82,2523995.0,110.33,3132951.0,16.82,14448960.0,86.45,6537159.0,04/10/2025,4.36,4.36,4.39,4.34,4.33,4.17,3.97,3.84,3.85,4.04,4.21,4.4,4.9,2025-04-28,61.91,0.021814327465264516,-0.0018781204551920384,208.63299999999998,223.8198,-0.08828163687930479,0.04893651422798834,40.76233574101472,disruption,320.302,52.2,0.0
2025-04-15,202.14,51343870.0,179.59,43641950.0,156.31,27551530.0,385.73,17199890.0,521.52,15558660.0,112.2,228966900.0,85.49,5728840.0,103.1,13164860.0,134.54,9334825.0,122.23,2416189.0,96.21,2347825.0,107.55,3107155.0,17.11,10196600.0,85.72,5739945.0,04/11/2025,4.37,4.35,4.38,4.34,4.35,4.21,4.04,3.96,3.98,4.15,4.32,4.48,4.91,2025-04-29,61.99,-0.0018781204551920384,-0.0397115825958271,208.10549999999998,223.30239999999998,-0.09431426139163945,0.04893028461071657,41.425665516936405,disruption,320.302,52.2,0.0
2025-04-16,194.27,59732420.0,174.33,51875320.0,153.33,28187420.0,371.61,21967830.0,502.31,18735080.0,104.49,397016900.0,83.36,5842293.0,104.19,13607020.0,135.36,8637220.0,124.07,2897300.0,96.57,1951934.0,107.13,4040636.0,16.92,11709960.0,86.36,6093265.0,04/14/2025,4.34,4.36,4.37,4.33,4.34,4.21,3.99,3.84,3.87,4.02,4.2,4.38,4.84,2025-04-30,61.74,-0.0397115825958271,0.01385325669086682,207.05699999999996,222.5318,-0.1322971101880387,0.04948594004704022,37.531613555892775,disruption,320.302,52.2,0.0
2025-04-17,196.98,52164680.0,172.61,44726450.0,151.16,33046580.0,367.78,21120190.0,501.48,14593510.0,101.49,292517500.0,84.8,6238336.0,106.92,17916470.0,137.87,8434434.0,127.72,2387715.0,99.1,2437257.0,110.06,2662902.0,17.27,11256270.0,88.98,7804562.0,04/15/2025,4.35,4.36,4.36,4.33,4.32,4.21,3.99,3.84,3.85,3.98,4.15,4.35,4.82,2025-05-01,62.88,0.01385325669086682,-0.019583339736215177,206.20099999999996,221.822,-0.030562527683449026,0.04966736375894628,40.93430403882821,disruption,320.302,52.2,0.0
2025-04-21,193.16,46742540.0,167.32,48126110.0,147.67,26049120.0,359.12,20807280.0,484.66,16165980.0,96.91,288501100.0,82.39,5595271.0,105.35,16926490.0,133.73,9967487.0,126.72,2425136.0,97.01,2326663.0,108.84,2274917.0,16.56,14310220.0,87.55,6213528.0,04/16/2025,4.35,4.35,4.35,4.33,4.34,4.2,3.96,3.77,3.77,3.91,4.08,4.29,4.77,2025-05-02,65.07,-0.019583339736215177,0.03349765980964751,204.94549999999998,221.02079999999998,0.025374243550270625,0.049461300164971744,37.401061146386006,disruption,320.302,52.2,0.0
2025-04-22,199.74,52976370.0,173.18,56607200.0,151.47,26971770.0,366.82,19484990.0,500.28,17399410.0,98.89,241004800.0,84.08,4471564.0,108.3,13147050.0,137.3,7984676.0,131.39,1736236.0,100.9,2908627.0,112.46,3264803.0,16.98,11431460.0,89.76,5556799.0,04/17/2025,4.36,4.35,4.38,4.34,4.35,4.22,3.99,3.81,3.82,3.95,4.13,4.34,4.82,2025-05-05,65.07,0.03349765980964751,0.024040332702537383,203.89600000000002,220.463,0.10073845475586896,0.05011883067426776,40.268901983567105,disruption,320.302,52.2,0.0
2025-04-23,204.6,52929170.0,180.6,63470150.0,155.35,31128830.0,374.39,20545530.0,520.27,18173910.0,102.71,247526000.0,89.16,8413053.0,107.37,14235710.0,136.68,10001970.0,134.3,2996333.0,102.78,3055122.0,114.5,3652920.0,17.1,14066790.0,89.93,7699684.0,04/21/2025,4.35,4.35,4.37,4.34,4.33,4.21,3.95,3.75,3.77,3.97,4.19,4.42,4.94,2025-05-06,63.48,0.024040332702537383,0.018258492064582833,202.9385,220.002,0.18663728105788202,0.050376629357809975,42.26233453670277,disruption,320.302,52.2,0.0
2025-04-24,208.37,47310990.0,186.54,43763200.0,159.28,45893950.0,387.3,22232290.0,533.15,13910010.0,106.43,220815000.0,94.4,6367166.0,108.63,9849553.0,139.07,7745778.0,137.54,3061566.0,104.69,2536839.0,113.36,4783049.0,17.59,10808640.0,91.8,6520274.0,04/22/2025,4.33,4.37,4.35,4.33,4.33,4.21,3.98,3.76,3.82,3.98,4.19,4.41,4.9,2025-05-07,64.6,0.018258492064582833,0.004357722686725041,202.28050000000002,219.517,0.04787528287654008,0.050609427603717574,52.40438173041218,disruption,320.302,52.2,0.0
2025-04-25,209.28,38222260.0,188.99,36414330.0,161.96,56034000.0,391.85,18973170.0,547.27,17098920.0,111.01,251064700.0,94.89,4466690.0,108.57,11245790.0,138.73,6878491.0,137.44,1681151.0,103.97,3056426.0,113.87,2865139.0,17.45,9817443.0,91.72,4736947.0,04/23/2025,4.33,4.36,4.34,4.33,4.33,4.22,4.01,3.81,3.87,4.0,4.2,4.4,4.86,2025-05-08,62.64,0.004357722686725041,0.004100906991795252,201.552,218.9652,0.09904421804432317,0.0505425659454013,61.138350031976124,disruption,320.302,52.2,0.0
2025-04-28,210.14,38743070.0,187.7,33224730.0,160.61,29745780.0,391.16,16579430.0,549.74,15179000.0,108.73,207708500.0,94.47,3920233.0,108.63,13890870.0,140.1,6715539.0,137.58,1868397.0,105.78,2295516.0,114.75,2600961.0,17.28,11028820.0,92.93,4667605.0,04/24/2025,4.34,4.36,4.37,4.32,4.32,4.22,3.97,3.77,3.8,3.91,4.11,4.32,4.79,2025-05-09,63.55,0.004100906991795252,0.005078923935421559,201.16400000000002,218.3374,0.060509714862477804,0.050256323651739494,66.34001823154054,disruption,320.302,52.2,0.0
2025-04-29,211.21,36827630.0,187.39,41667260.0,160.16,26808960.0,394.04,14973980.0,554.44,11835040.0,109.02,170444300.0,93.78,4474033.0,108.36,9483135.0,139.3,7343820.0,138.31,1747586.0,106.0,1564445.0,115.52,1428558.0,17.04,10873190.0,91.88,4828811.0,04/25/2025,4.34,4.37,4.36,4.32,4.32,4.22,3.95,3.74,3.76,3.88,4.06,4.29,4.75,2025-05-12,63.85,0.005078923935421559,0.006089089168420812,200.618,217.6696,0.04290934228718157,0.05004371145727815,74.30755733801229,disruption,320.302,52.2,0.0
2025-04-30,212.5,52286450.0,184.42,55176540.0,158.8,34981060.0,395.26,36461080.0,549.0,29243970.0,108.92,235044600.0,91.76,9891218.0,105.63,20379280.0,136.06,13858040.0,137.41,2549276.0,104.06,3211245.0,116.09,3854307.0,16.54,19619470.0,89.12,8415290.0,04/28/2025,4.35,4.37,4.37,4.32,4.32,4.22,3.92,3.67,3.67,3.81,4.01,4.23,4.71,2025-05-13,63.3,0.006089089168420812,0.003851397367929873,200.08350000000002,217.0302,0.05125160779657678,0.05005476473533017,62.488563586459286,disruption,320.302,52.2,0.0
2025-05-01,213.32,57365680.0,190.2,74265960.0,161.3,30203250.0,425.4,58938100.0,572.21,31159030.0,111.61,236121500.0,91.95,6333050.0,105.78,18610260.0,136.26,10199850.0,137.72,2053477.0,103.46,2608634.0,114.88,3995883.0,16.53,18176220.0,90.65,8027689.0,04/29/2025,4.35,4.38,4.36,4.31,4.3,4.2,3.89,3.65,3.65,3.77,3.96,4.19,4.66,2025-05-14,61.84,0.003851397367929873,-0.038077545329833914,199.555,216.39919999999998,0.09805940186338602,0.050059251807925156,74.34098639455783,disruption,320.62,52.2,0.0
2025-05-02,205.35,101010600.0,189.98,77903490.0,164.03,25715010.0,435.28,30757430.0,597.02,24739260.0,114.5,190194800.0,94.59,5970475.0,106.21,16581870.0,138.5,12393240.0,141.55,1944833.0,107.15,2588739.0,118.93,2600892.0,16.67,16540100.0,91.41,6895606.0,04/30/2025,4.35,4.37,4.36,4.31,4.37,4.19,3.85,3.6,3.58,3.72,3.93,4.17,4.68,2025-05-15,59.55,-0.038077545329833914,-0.0319639323274125,199.663,215.5896,0.042491623515077626,0.045746615498014655,57.61421319796954,disruption,320.62,52.2,0.0
2025-05-05,198.89,69018450.0,186.35,35217470.0,164.21,21341810.0,436.17,20136050.0,599.27,13887720.0,113.82,133163200.0,94.36,4937957.0,103.27,19623970.0,135.5,9664980.0,143.33,3427400.0,106.9,2710993.0,119.34,3776819.0,16.19,19004830.0,87.61,9274977.0,05/01/2025,4.38,4.36,4.34,4.31,4.38,4.22,3.92,3.7,3.69,3.81,4.02,4.25,4.75,2025-05-16,60.59,-0.0319639323274125,-0.0019124313830772783,200.1885,214.6564,0.029664526817146264,0.04286742434133091,46.32367834717437,disruption,320.62,52.2,0.0
2025-05-06,198.51,51216480.0,185.01,29314060.0,163.23,21277210.0,433.31,15104200.0,587.31,10600650.0,113.54,158525600.0,93.95,5015423.0,104.71,16303450.0,135.6,9916241.0,144.55,3304165.0,105.39,2348535.0,117.0,3051718.0,15.81,23141520.0,87.63,8902397.0,05/02/2025,4.38,4.36,4.34,4.33,4.41,4.26,4.0,3.83,3.82,3.92,4.11,4.33,4.81,2025-05-19,59.67,-0.0019124313830772783,-0.011450120029559962,201.041,213.6846,-0.006158005407029266,0.04184042027088076,46.3236783471744,disruption,320.62,52.2,0.0
2025-05-07,196.25,68616940.0,188.71,44002930.0,151.38,127747600.0,433.35,23307240.0,596.81,13160980.0,117.06,207827800.0,95.79,5215633.0,104.61,12335920.0,135.79,8423485.0,144.69,3135366.0,105.55,1748025.0,116.95,2500043.0,16.89,30328590.0,87.71,9202605.0,05/05/2025,4.38,4.36,4.34,4.33,4.4,4.27,4.02,3.83,3.78,3.95,4.14,4.36,4.84,2025-05-20,58.5,-0.011450120029559962,0.006298593485377273,202.2325,212.66879999999998,-0.040811339198435936,0.039964981168661075,52.26234003656306,disruption,320.62,52.2,0.0
2025-05-08,197.49,50478870.0,192.08,41043620.0,154.28,57498690.0,438.17,23491330.0,598.01,14622810.0,117.37,198428100.0,96.22,4575909.0,106.07,19196550.0,137.04,8669305.0,149.97,2643939.0,109.19,2679822.0,121.73,3289502.0,17.37,23123180.0,88.82,15884530.0,05/06/2025,4.37,4.37,4.33,4.33,4.38,4.25,3.98,3.78,3.73,3.9,4.1,4.3,4.82,2025-05-21,60.42,0.006298593485377273,0.0052522720610924155,202.1645,211.8114,-0.0522148101934059,0.023932282645682278,50.60297942776072,disruption,320.62,52.2,0.0
2025-05-09,198.53,36453920.0,193.06,29663140.0,152.75,32435280.0,438.73,15324230.0,592.49,10427290.0,116.65,132972200.0,95.91,4367390.0,107.31,10992080.0,138.49,5965723.0,150.89,1567501.0,110.92,2396924.0,122.93,2167262.0,17.21,16185910.0,88.59,7569266.0,05/07/2025,4.37,4.37,4.33,4.34,4.39,4.27,4.0,3.78,3.72,3.87,4.06,4.26,4.78,2025-05-22,59.42,0.0052522720610924155,0.059922155002815725,202.57,211.03599999999997,-0.05136659021406731,0.021702279574382935,56.79574791192104,disruption,320.62,52.2,0.0
2025-05-12,210.79,63775810.0,208.64,75205040.0,158.46,44138820.0,449.26,22821940.0,639.43,21965090.0,123.0,225023300.0,103.42,7927699.0,109.16,14244560.0,141.62,8028200.0,158.14,3419190.0,118.68,4530008.0,130.49,4135383.0,17.44,20417150.0,92.27,8799567.0,05/08/2025,4.37,4.37,4.35,4.34,4.4,4.28,4.05,3.9,3.85,4.0,4.18,4.37,4.86,2025-05-23,61.25,0.059922155002815725,0.01010109598650392,203.202,210.415,0.003093175977919582,0.02389871092723618,62.22615622925425,disruption,320.62,52.2,0.0
2025-05-13,212.93,51909330.0,211.37,56193680.0,159.53,42382130.0,449.14,23618820.0,656.03,18570820.0,129.93,330430100.0,107.85,7063523.0,109.46,13350840.0,142.35,8536797.0,162.84,4014902.0,125.57,11117300.0,135.11,3391919.0,18.0,13162320.0,94.17,8293827.0,05/09/2025,4.37,4.36,4.34,4.34,4.4,4.28,4.05,3.88,3.85,4.0,4.18,4.37,4.86,2025-05-26,62.37,0.01010109598650392,-0.0028218050046047607,203.72250000000003,209.91299999999998,0.008143553809005333,0.023556828166136877,59.806922533553106,disruption,320.62,52.2,0.0
2025-05-14,212.33,49325830.0,210.25,38492130.0,165.37,48755870.0,452.94,19902800.0,659.36,12348180.0,135.34,281180800.0,111.02,7639089.0,108.48,15494930.0,141.67,6453620.0,163.52,2291227.0,124.7,3215898.0,134.32,2931376.0,18.16,11112320.0,92.57,7605184.0,05/12/2025,4.38,4.37,4.36,4.42,4.45,4.29,4.11,3.98,3.97,4.09,4.27,4.45,4.92,2025-05-27,63.32,-0.0028218050046047607,-0.004153104275204898,204.232,209.44099999999997,-0.0007999999999999119,0.023567015122764264,55.038167938931316,disruption,320.62,52.2,0.0
2025-05-15,211.45,45029470.0,205.17,64347320.0,163.96,33146670.0,453.13,21992320.0,643.88,14341840.0,134.83,226632600.0,110.87,4488787.0,108.58,15004290.0,142.26,7545407.0,165.29,2300052.0,124.77,2372101.0,135.37,2243757.0,17.97,11064240.0,92.96,6696217.0,05/13/2025,4.39,4.38,4.35,4.41,4.45,4.29,4.11,4.02,4.0,4.12,4.3,4.49,4.97,2025-05-28,65.04,-0.004153104275204898,-0.0008989615234814366,205.09099999999998,208.9552,-0.00876617288580539,0.021465783534705823,52.762923351158626,disruption,320.62,52.2,0.0
2025-05-16,211.26,54737850.0,205.59,43318480.0,166.19,42846930.0,454.27,23849780.0,640.34,18518970.0,135.4,226542500.0,114.19,5466640.0,108.19,14042540.0,142.1,8200079.0,164.12,2836148.0,125.73,3242938.0,135.74,2253059.0,17.95,7676120.0,92.43,6696225.0,05/14/2025,4.39,4.38,4.36,4.41,4.44,4.3,4.14,4.05,4.05,4.17,4.35,4.53,5.0,2025-05-29,64.48,-0.0008989615234814366,-0.011808536414863721,205.80499999999998,208.4738,0.028780131482834204,0.02137120682570317,51.45077720207255,disruption,320.62,52.2,0.0
2025-05-19,208.78,46140530.0,206.16,34314810.0,166.54,30426100.0,458.87,21336510.0,640.43,9592374.0,135.57,193154600.0,114.28,4594717.0,106.47,16802720.0,138.49,7713568.0,162.27,1987756.0,122.18,3770026.0,134.33,2282818.0,18.0,11749820.0,90.41,7190245.0,05/15/2025,4.37,4.38,4.35,4.38,4.43,4.29,4.1,3.96,3.95,4.07,4.25,4.45,4.93,2025-05-30,63.03,-0.011808536414863721,-0.009238830030494747,206.586,207.86800000000002,0.04972597918447397,0.020996665490867955,46.9632591852037,disruption,320.62,52.2,0.0
2025-05-20,206.86,42496640.0,204.07,29470370.0,163.98,46607660.0,458.17,15441810.0,637.1,6743473.0,134.38,161514200.0,114.23,4150630.0,104.95,12429320.0,137.27,6503930.0,161.53,1431726.0,120.9,2831654.0,132.21,1908842.0,18.14,9876665.0,89.69,5313223.0,05/16/2025,4.37,4.36,4.34,4.37,4.42,4.3,4.13,3.98,3.95,4.06,4.24,4.43,4.92,2025-06-02,63.84,-0.009238830030494747,-0.02332909321950063,206.942,207.45559999999998,0.04206337212231137,0.019974470588695642,43.06102362204725,disruption,320.62,52.2,0.0
2025-05-21,202.09,59211770.0,201.12,42460920.0,168.56,73415960.0,452.57,19216910.0,635.5,11464570.0,131.8,270608700.0,111.93,5859850.0,103.66,16716080.0,135.56,9073206.0,156.7,2832246.0,111.78,7211870.0,127.8,4223701.0,17.76,11711260.0,87.15,8639053.0,05/19/2025,4.37,4.36,4.35,4.39,4.42,4.32,4.12,3.97,3.95,4.07,4.26,4.46,4.95,2025-06-03,63.98,-0.02332909321950063,-0.0036187919030965495,206.8165,207.08059999999998,0.02975796178343959,0.020000843009739647,37.40749046871497,disruption,320.62,52.2,0.0
2025-05-22,201.36,46742410.0,203.1,38938880.0,170.87,74864420.0,454.86,18025610.0,636.57,8228443.0,132.83,187344000.0,111.95,4013723.0,102.97,13417380.0,135.29,8877579.0,158.89,2365372.0,112.98,3588339.0,128.72,3097244.0,17.88,9060531.0,86.13,6587207.0,05/20/2025,4.36,4.35,4.34,4.38,4.42,4.32,4.12,3.97,3.95,4.07,4.27,4.48,4.99,2025-06-04,63.97,-0.0036187919030965495,-0.030711134574654807,206.46599999999998,206.7682,0.019595928907792715,0.01950631255310514,44.65863453815263,disruption,320.62,52.2,0.0
2025-05-23,195.27,78432920.0,200.99,33393550.0,168.47,35211440.0,450.18,16883510.0,627.06,8454067.0,131.29,198821300.0,112.11,3916881.0,103.03,12061610.0,136.54,7025946.0,159.11,1576925.0,113.13,2248682.0,128.55,2053076.0,17.85,7733612.0,85.19,6789594.0,05/21/2025,4.35,4.34,4.34,4.36,4.42,4.33,4.13,4.0,4.0,4.15,4.37,4.58,5.08,2025-06-05,62.93,-0.030711134574654807,0.024983599431202347,205.76550000000003,206.48,-0.016420692086838162,0.02048377026779931,45.10546241211469,disruption,320.62,52.2,0.0
2025-05-27,200.21,56288480.0,206.02,34892040.0,172.9,37995670.0,460.69,20974290.0,642.32,9508367.0,135.5,192953600.0,113.99,5512085.0,103.52,13043600.0,137.83,8348877.0,162.33,2480118.0,114.33,2832705.0,130.71,2426762.0,17.95,8280402.0,85.55,7227053.0,05/22/2025,4.37,4.34,4.35,4.37,4.42,4.34,4.13,4.0,3.99,4.11,4.32,4.54,5.05,2025-06-06,62.55,0.024983599431202347,0.0010483489465745394,205.269,206.21439999999998,-0.05019213435172443,0.021401385063866886,52.046220510351496,disruption,320.62,52.2,0.0
2025-05-28,200.42,45339680.0,204.72,28549750.0,172.36,34784000.0,457.36,17086260.0,643.58,9042874.0,134.81,304021100.0,113.77,4618411.0,102.11,14292380.0,136.02,6876282.0,158.61,1513761.0,112.77,2006680.0,126.93,3125237.0,17.76,8525841.0,84.58,6792984.0,05/23/2025,4.36,4.34,4.35,4.36,4.43,4.35,4.15,4.0,3.96,4.08,4.29,4.51,5.03,2025-06-09,62.89,0.0010483489465745394,-0.002347829337355481,204.72949999999997,205.94279999999998,-0.05875170243742078,0.021345955850371176,55.27981767536083,disruption,320.62,52.2,0.0
2025-05-29,199.95,51477940.0,205.7,34700010.0,171.86,29373800.0,458.68,13982210.0,645.05,8883436.0,139.19,370615200.0,113.63,14682690.0,102.69,13832490.0,137.91,7556199.0,159.92,1961172.0,114.68,2609976.0,129.16,2567654.0,17.68,9492849.0,85.6,7000457.0,05/27/2025,4.35,4.35,4.35,4.35,4.43,4.35,4.14,3.92,3.93,4.04,4.22,4.43,4.95,2025-06-10,61.61,-0.002347829337355481,0.004491025512463802,204.102,205.688,-0.05830546790373481,0.02124788747250523,53.176652892561954,disruption,320.62,52.2,0.0
2025-05-30,200.85,70819940.0,205.01,51679410.0,171.74,52639910.0,460.36,34770480.0,647.49,16240950.0,135.13,333170900.0,111.27,19208000.0,102.3,28645790.0,136.7,12858870.0,160.74,4475396.0,113.48,4559857.0,128.97,3870538.0,17.48,12759100.0,85.35,20170550.0,05/28/2025,4.35,4.35,4.35,4.35,4.38,4.36,4.16,3.96,3.95,4.05,4.27,4.47,4.99,2025-06-11,62.54,0.004491025512463802,0.004223084154874757,203.4785,205.40019999999996,-0.05013005438637974,0.021259290260519943,53.00673924313116,disruption,320.62,52.2,0.0
2025-06-02,201.7,35423290.0,206.65,29113320.0,169.03,38612270.0,461.97,16626500.0,670.9,15766260.0,137.38,197663100.0,108.08,9027602.0,103.05,17290460.0,137.84,9076639.0,158.75,2960513.0,114.28,2841393.0,128.3,2824491.0,17.48,15434650.0,86.72,8634361.0,05/29/2025,4.34,4.34,4.35,4.36,4.39,4.36,4.13,3.92,3.91,4.0,4.2,4.43,4.94,2025-06-12,61.66,0.004223084154874757,0.007753699610704572,203.296,205.15220000000002,-0.045252295749313665,0.01962873402770538,33.271991166728,disruption,321.435,60.7,0.0
2025-06-03,203.27,46381570.0,205.71,33139120.0,166.18,45084900.0,462.97,15743760.0,666.85,11585030.0,141.22,225578800.0,111.9,6643941.0,103.8,19194340.0,139.55,9001305.0,161.97,2004856.0,115.97,2065648.0,130.95,2310712.0,17.9,12659650.0,87.91,5642890.0,05/30/2025,4.33,4.35,4.35,4.36,4.39,4.36,4.11,3.89,3.87,3.96,4.18,4.41,4.93,2025-06-13,61.46,0.007753699610704572,-0.00221625838702034,203.515,204.8522,-0.026391416802375667,0.018283211073898867,31.84210526315789,stable,321.435,60.7,0.0
2025-06-04,202.82,43603990.0,207.23,29915590.0,168.05,26900840.0,463.87,14162690.0,687.95,14031930.0,141.92,167120800.0,112.7,4536209.0,102.3,15648520.0,137.37,8735619.0,156.95,2582218.0,112.48,3686241.0,126.54,4458423.0,17.53,18054840.0,85.95,7268039.0,06/02/2025,4.33,4.33,4.36,4.44,4.38,4.31,4.12,3.94,3.91,4.01,4.22,4.46,5.0,2025-06-16,63.27,-0.00221625838702034,-0.01085647049174078,203.7305,204.49400000000003,-0.019530116987334534,0.018285962349257417,32.022684310018874,stable,321.435,60.7,0.0
2025-06-05,200.63,55221240.0,207.91,51979240.0,168.21,36444560.0,467.68,20154460.0,684.62,13120340.0,139.99,232410800.0,111.82,5454944.0,101.83,13942220.0,136.9,6350526.0,158.21,1533604.0,112.23,2836579.0,126.88,1845642.0,17.67,12224560.0,85.35,5110709.0,06/03/2025,4.33,4.34,4.35,4.43,4.38,4.31,4.12,3.96,3.93,4.04,4.23,4.46,5.0,2025-06-17,64.1,-0.01085647049174078,0.016265344375750522,203.9495,204.0316,-0.007224503933890847,0.018265032625551878,30.511527377521617,stable,321.435,60.7,0.0
2025-06-06,203.92,46607690.0,213.57,39832500.0,173.68,35731830.0,470.38,15285620.0,697.71,11727960.0,141.72,153986200.0,113.75,4037456.0,104.27,15487840.0,140.21,6563518.0,160.12,1351716.0,114.29,2821122.0,128.35,2607431.0,17.93,12139110.0,87.22,6042449.0,06/04/2025,4.32,4.34,4.35,4.44,4.37,4.29,4.06,3.87,3.84,3.93,4.14,4.37,4.9,2025-06-18,63.57,0.016265344375750522,-0.012186548430503737,204.27100000000002,203.6794,0.012713547874453557,0.01854800257789949,38.10758263123784,disruption,321.435,60.7,0.0
2025-06-09,201.45,72862560.0,216.98,38102500.0,176.09,28935910.0,472.75,16469930.0,694.06,12773220.0,142.63,185114500.0,114.22,5123656.0,104.97,17087330.0,140.76,7159471.0,160.27,1895795.0,116.1,2803994.0,128.26,2616043.0,17.71,12491710.0,88.04,6212589.0,06/05/2025,4.26,4.33,4.35,4.44,4.37,4.29,4.08,3.92,3.9,3.99,4.18,4.4,4.9,2025-06-19,64.06,-0.012186548430503737,0.006037828893865591,204.417,203.2314,0.03164848671070808,0.018775870882012154,38.11993517017826,disruption,321.435,60.7,0.0
2025-06-10,202.67,54672610.0,217.61,31303320.0,178.6,61766120.0,470.92,15375940.0,702.4,10850150.0,143.96,155881900.0,113.25,8661402.0,107.22,17634790.0,143.35,9841523.0,162.64,1976107.0,118.7,2314736.0,131.93,2150698.0,17.99,11591650.0,91.18,9687643.0,06/06/2025,4.28,4.31,4.35,4.43,4.38,4.31,4.14,4.04,4.02,4.13,4.31,4.51,4.99,2025-06-20,65.3,0.006037828893865591,-0.01938035499136232,204.01100000000002,202.92680000000001,0.012287098546525987,0.012726731823685836,43.05140961857376,stable,321.435,60.7,0.0
2025-06-11,198.78,60989860.0,213.2,39325980.0,177.35,31646760.0,472.62,16399180.0,694.14,9582508.0,142.83,167694000.0,111.24,5436451.0,109.31,22648190.0,144.78,9256663.0,164.66,2019185.0,120.95,2414199.0,134.06,2400700.0,18.25,13387610.0,93.35,8738497.0,06/09/2025,4.29,4.32,4.36,4.44,4.38,4.32,4.13,4.01,3.99,4.09,4.28,4.49,4.98,2025-06-23,65.99,-0.01938035499136232,0.002110659610638244,203.30349999999999,202.4598,-0.008182816086218847,0.012960912087673093,44.34574649812094,stable,321.435,60.7,0.0
2025-06-12,199.2,43904640.0,213.24,27639990.0,175.7,20941870.0,478.87,18950580.0,693.36,7322730.0,145.0,162365000.0,113.4,5597707.0,109.73,17469410.0,144.97,6999389.0,165.07,1726067.0,121.52,2442456.0,133.5,2124736.0,18.45,11171480.0,94.69,7862291.0,06/10/2025,4.29,4.31,4.37,4.45,4.38,4.32,4.12,4.01,3.95,4.08,4.27,4.47,4.96,2025-06-24,65.66,0.002110659610638244,-0.013901399146029038,202.647,201.98,-0.0037509377344335793,0.01302005220517134,46.27071823204415,stable,321.435,60.7,0.0
2025-06-13,196.45,51447350.0,212.1,29337760.0,174.67,27663110.0,474.96,16814460.0,682.87,9274441.0,141.97,180820600.0,109.56,5137534.0,112.12,28540170.0,145.91,14148020.0,166.15,2705512.0,122.15,3074949.0,134.11,3758625.0,18.32,14310460.0,96.96,16849720.0,06/11/2025,4.3,4.32,4.39,4.45,4.39,4.31,4.08,3.94,3.89,4.02,4.21,4.41,4.93,2025-06-25,68.91,-0.013901399146029038,0.009978050217287622,201.897,201.4312,-0.021906895693303507,0.013238573938948124,52.30288836846209,stable,321.435,60.7,0.0
2025-06-16,198.42,43020690.0,216.1,33284160.0,176.77,27389210.0,479.14,15626100.0,702.12,13720290.0,144.69,183133700.0,113.74,5292302.0,112.48,22986110.0,146.03,10105080.0,166.78,2885840.0,123.62,4164309.0,137.76,3427793.0,18.15,15491760.0,95.0,10330380.0,06/12/2025,4.18,4.3,4.49,4.46,4.4,4.29,4.06,3.9,3.85,3.97,4.15,4.36,4.86,2025-06-26,68.73,0.009978050217287622,-0.014109760550600002,201.255,201.3358,-0.016261774913237437,0.013577862339300494,46.04856512141275,stable,321.435,60.7,0.0
2025-06-17,195.64,38856150.0,214.82,32086260.0,175.95,24973040.0,478.04,15414130.0,697.23,10066110.0,144.12,139108000.0,115.93,5968230.0,114.0,19451700.0,148.85,11330270.0,170.08,3850797.0,124.54,5513888.0,141.77,4292491.0,17.93,12808890.0,95.5,9468113.0,06/13/2025,4.23,4.32,4.48,4.45,4.4,4.3,4.09,3.96,3.9,4.02,4.2,4.41,4.93,2025-06-27,73.84,-0.014109760550600002,0.004793237467327044,200.598,201.481,-0.03753628179268964,0.013664703074383975,40.52339413164155,stable,321.435,60.7,0.0
2025-06-18,196.58,45394690.0,212.52,44360510.0,173.32,28707520.0,480.24,17526450.0,695.77,10068260.0,145.48,161494100.0,116.56,4671234.0,113.19,17968890.0,148.19,9841924.0,167.42,2593734.0,124.82,5788636.0,139.42,2872849.0,17.88,10760560.0,93.8,9115952.0,06/16/2025,4.24,4.36,4.47,4.43,4.4,4.32,4.1,3.97,3.93,4.04,4.23,4.46,4.97,2025-06-30,72.53,0.004793237467327044,0.022235434920592347,200.084,201.7834,-0.030766196627551423,0.013701224509128203,43.44102763721297,stable,321.435,60.7,0.0
2025-06-20,201.0,96813540.0,209.69,75350730.0,166.64,75659920.0,477.4,37576210.0,682.35,22538640.0,143.85,242956200.0,119.37,9568390.0,114.7,36273290.0,149.55,23705880.0,169.12,6556489.0,124.78,8494407.0,141.1,5438863.0,17.85,15906320.0,94.69,16026430.0,06/17/2025,4.23,4.31,4.46,4.42,4.39,4.31,4.1,3.94,3.9,3.99,4.17,4.39,4.89,2025-07-01,75.62,0.022235434920592347,0.0024844733276619658,200.02949999999998,202.355,0.0018441907989832362,0.013851399627022797,50.25676138308799,stable,321.435,60.7,0.0
2025-06-23,201.5,55814270.0,208.47,37311730.0,165.19,57670990.0,486.0,24863950.0,698.53,11080060.0,144.17,154308900.0,118.02,5987393.0,111.74,26631060.0,146.86,10540610.0,166.61,3356798.0,121.03,4503077.0,137.06,3229219.0,17.64,14129120.0,91.71,9749666.0,06/18/2025,4.2,4.36,4.58,4.42,4.41,4.33,4.1,3.94,3.89,3.98,4.17,4.38,4.89,2025-07-02,75.89,0.0024844733276619658,-0.005973138714965093,200.0365,202.408,-0.011867398979992116,0.013840975419192512,49.65349965349967,stable,321.435,60.7,0.0
2025-06-24,200.3,54064030.0,212.77,38378760.0,166.77,40524310.0,490.11,22305640.0,712.2,13823180.0,147.9,187566100.0,120.59,5034451.0,108.34,24828280.0,143.55,10778350.0,165.29,2875965.0,119.46,4171302.0,135.85,2973210.0,17.69,14121620.0,89.39,11016200.0,06/20/2025,4.2,4.38,4.55,4.39,4.4,4.29,4.07,3.9,3.86,3.96,4.16,4.38,4.9,2025-07-03,75.72,-0.005973138714965093,0.006270861140624811,200.28799999999998,202.60559999999998,-0.005708612558947501,0.011920937400257552,44.78764478764479,stable,321.435,60.7,0.0
2025-06-25,201.56,39525730.0,211.99,31755700.0,170.68,35478990.0,492.27,17495100.0,708.68,9320436.0,154.31,269146500.0,120.46,3977595.0,108.37,17483230.0,143.23,7386088.0,165.69,2006911.0,119.63,2866850.0,135.72,2327830.0,17.67,16924510.0,89.0,8380832.0,06/23/2025,4.2,4.4,4.52,4.38,4.37,4.28,4.0,3.84,3.8,3.91,4.1,4.34,4.87,2025-07-04,69.36,0.006270861140624811,-0.002782195753321553,200.35549999999998,202.6738,-0.005476883603887983,0.010625920414469772,47.84982935153585,stable,321.435,60.7,0.0
2025-06-26,201.0,50799120.0,217.12,50480810.0,173.54,31796690.0,497.45,21578850.0,726.09,13964790.0,155.02,198145700.0,125.98,9434781.0,109.99,18304840.0,144.44,7415714.0,167.52,1711454.0,120.17,3066272.0,136.97,2743724.0,18.18,14104920.0,90.89,6544995.0,06/24/2025,4.21,4.53,4.44,4.38,4.37,4.27,3.99,3.75,3.75,3.86,4.06,4.3,4.83,2025-07-07,65.45,-0.002782195753321553,0.0003979307652987323,200.3845,202.6434,0.01116812556595237,0.010646906318409404,50.66859414528371,stable,321.435,60.7,0.0
2025-06-27,201.08,73188570.0,223.3,119217100.0,178.53,108140200.0,495.94,34539240.0,733.63,18775740.0,157.75,263234500.0,123.99,7362045.0,109.38,22002080.0,143.79,9213512.0,167.41,8636562.0,119.25,10132730.0,134.69,8049533.0,18.2,13731100.0,90.17,7555727.0,06/25/2025,4.21,4.46,4.43,4.38,4.36,4.26,3.99,3.74,3.74,3.83,4.05,4.29,4.83,2025-07-08,65.98,0.0003979307652987323,0.020136064953739752,200.44099999999997,202.62220000000002,0.009437751004016226,0.010630767910706657,44.1946034341783,stable,321.435,60.7,0.0
2025-06-30,205.17,91912820.0,219.39,58887780.0,176.23,63378860.0,497.41,28368990.0,738.09,15402110.0,157.99,194580300.0,122.6,5427012.0,107.8,19199050.0,143.19,6980319.0,166.11,1661003.0,119.3,2060675.0,134.42,2413542.0,18.13,11194670.0,89.74,6519202.0,06/26/2025,4.11,4.47,4.49,4.39,4.36,4.26,3.96,3.7,3.68,3.79,4.0,4.26,4.81,2025-07-09,66.44,0.020136064953739752,0.012833416646386379,200.65699999999998,202.8402,0.04438788495800461,0.011497111701970878,57.13190184049081,stable,321.435,60.7,0.0
2025-07-01,207.82,78788870.0,220.46,39256830.0,175.84,35904530.0,492.05,19945380.0,719.22,13431250.0,153.3,213143600.0,121.73,4105007.0,109.24,15536900.0,145.57,8508150.0,169.95,1949322.0,123.15,2731525.0,138.01,3578341.0,17.81,15361410.0,91.99,11895190.0,06/27/2025,4.19,4.43,4.49,4.39,4.36,4.26,3.97,3.73,3.72,3.83,4.03,4.29,4.85,2025-07-10,66.66,0.012833416646386379,0.021987275129697868,200.96300000000002,203.05700000000002,0.04737425662735606,0.011779375305044163,59.36023264267541,stable,322.169,61.7,0.0
2025-07-02,212.44,67941810.0,219.92,30894180.0,178.64,29128950.0,491.09,16319640.0,713.57,9336740.0,157.25,171224100.0,123.48,3937763.0,111.05,11892160.0,147.98,8228683.0,174.46,1556856.0,126.46,2128468.0,142.06,3528124.0,17.9,11754140.0,94.44,9436035.0,06/30/2025,4.28,4.41,4.45,4.41,4.36,4.29,3.96,3.72,3.68,3.79,3.98,4.24,4.79,2025-07-11,66.3,0.021987275129697868,0.005211401733277193,201.4215,203.44260000000003,0.08587200981394405,0.012580195885875134,74.18555240793202,stable,322.169,61.7,0.0
2025-07-03,213.55,34955840.0,223.41,29632350.0,179.53,21689730.0,498.84,13984830.0,719.01,8601653.0,159.34,143716100.0,125.22,3725609.0,112.2,11223580.0,148.37,5173309.0,176.05,1135939.0,127.29,1290860.0,144.58,2224601.0,17.97,7052899.0,93.68,4331501.0,07/01/2025,4.32,4.44,4.42,4.4,4.35,4.29,3.98,3.78,3.75,3.84,4.03,4.26,4.79,2025-07-14,66.64,0.005211401733277193,-0.017001590157273334,201.958,203.71880000000002,0.08632617763760297,0.012552373437903977,74.80124438299347,stable,322.169,61.7,0.0
2025-07-07,209.95,50228980.0,223.47,36604140.0,176.79,34175650.0,497.72,13981610.0,718.35,9457080.0,158.24,140139000.0,124.77,4070215.0,111.11,15415890.0,147.4,9460902.0,176.45,1692608.0,126.4,2091014.0,143.74,2537478.0,17.75,13186080.0,92.55,6287147.0,07/02/2025,4.33,4.44,4.43,4.41,4.37,4.28,3.99,3.78,3.77,3.87,4.06,4.3,4.84,2025-07-15,68.66,-0.017001590157273334,0.00028574150113462317,202.424,203.82580000000002,0.04452736318407946,0.012966884705389217,72.66621893888514,stable,322.169,61.7,0.0
2025-07-08,210.01,42848930.0,219.36,45691990.0,174.36,40442540.0,496.62,11846590.0,720.67,7770693.0,160.0,138133000.0,124.39,3317273.0,114.19,17913400.0,153.24,14082100.0,179.93,2426450.0,130.0,3821506.0,148.67,7593779.0,17.8,9747755.0,95.79,12934660.0,07/03/2025,4.35,4.43,4.5,4.42,4.41,4.34,4.07,3.88,3.84,3.94,4.12,4.35,4.87,2025-07-16,68.13,0.00028574150113462317,0.0053662719302118,202.7285,203.8586,0.04223325062034733,0.012544601028934298,70.79296734840328,stable,322.169,61.7,0.0
2025-07-09,211.14,48749370.0,222.54,38155120.0,176.62,43025590.0,503.51,18659540.0,732.78,11417960.0,162.88,183656400.0,126.63,3966168.0,113.8,10652060.0,153.02,9495898.0,179.27,1976240.0,130.51,3160624.0,149.07,3304061.0,17.64,13942550.0,94.53,5351500.0,07/07/2025,4.37,4.43,4.45,4.42,4.41,4.33,4.08,3.9,3.85,3.96,4.16,4.4,4.93,2025-07-17,69.16,0.0053662719302118,0.005996948677244871,203.213,203.8958,0.054118821767348946,0.012146473940727926,79.55758962623948,stable,322.169,61.7,0.0
2025-07-10,212.41,44443640.0,222.26,30370590.0,177.62,29252390.0,501.48,16498740.0,727.24,9922249.0,164.1,167704100.0,127.91,5371349.0,114.93,14903880.0,154.17,8398810.0,182.26,3765828.0,134.39,2711868.0,154.81,3763050.0,17.44,15585470.0,95.37,4066491.0,07/08/2025,4.36,4.41,4.46,4.42,4.42,4.34,4.11,3.9,3.86,3.99,4.18,4.42,4.95,2025-07-18,69.55,0.005996948677244871,-0.005902229283378157,203.7,203.94119999999998,0.05383012502480655,0.012145823936647926,79.81167608286248,stable,322.169,61.7,0.0
2025-07-11,211.16,39765810.0,225.02,50518310.0,180.19,34282920.0,503.32,16459510.0,717.51,10873880.0,164.92,193633300.0,126.83,3560249.0,115.43,11683880.0,155.31,8333214.0,179.86,4388213.0,131.71,1680021.0,153.05,3055100.0,17.46,9436485.0,95.61,4903431.0,07/09/2025,4.36,4.4,4.45,4.42,4.42,4.31,4.07,3.86,3.8,3.92,4.11,4.34,4.87,2025-07-21,69.61,-0.005902229283378157,-0.01210172470759039,204.31900000000002,203.9402,0.050547263681592014,0.011215096693147646,71.72797262617618,stable,322.169,61.7,0.0
2025-07-14,208.62,38840110.0,225.69,35702600.0,181.56,32536630.0,503.02,12058850.0,720.92,8939399.0,164.07,136975800.0,125.67,3626919.0,113.92,13220300.0,151.65,10706330.0,175.63,2732238.0,129.01,1933220.0,148.87,2626942.0,17.49,9934806.0,94.17,5504632.0,07/10/2025,4.36,4.39,4.47,4.42,4.42,4.31,4.07,3.86,3.82,3.93,4.12,4.35,4.87,2025-07-22,67.78,-0.01210172470759039,0.0023460140508832585,204.79,203.86260000000001,0.037497513427491524,0.011714935034908803,64.00472069236821,stable,322.169,61.7,0.0
2025-07-15,209.11,42296340.0,226.35,34907290.0,182.0,33448250.0,505.82,14927200.0,710.39,11529510.0,170.7,230627400.0,125.69,4041727.0,112.91,10959350.0,150.69,7346346.0,175.62,1784954.0,128.27,1995192.0,148.8,2568438.0,17.59,11649500.0,92.55,4152412.0,07/11/2025,4.37,4.39,4.47,4.41,4.42,4.31,4.09,3.9,3.86,3.99,4.19,4.43,4.96,2025-07-23,69.63,0.0023460140508832585,0.005008716078575934,205.423,203.7784,0.019203587269094102,0.011077571056998931,67.82679077296639,stable,322.169,61.7,0.0
2025-07-16,210.16,47490530.0,223.19,39535930.0,182.97,33104190.0,505.62,15154370.0,702.91,13067630.0,171.37,158831500.0,123.57,5955938.0,112.23,11158850.0,149.92,7923427.0,172.37,2585081.0,123.67,3438405.0,143.19,4003070.0,17.44,13330980.0,91.51,3774052.0,07/14/2025,4.37,4.41,4.46,4.42,4.42,4.31,4.08,3.9,3.86,3.98,4.19,4.43,4.97,2025-07-24,68.19,0.005008716078575934,-0.0006663810994370712,206.01,203.8746,0.011259744009238792,0.010970929990302962,67.55102040816323,stable,322.169,61.7,0.0
2025-07-17,210.02,48068140.0,223.88,31855830.0,183.58,31992570.0,511.7,17503130.0,701.41,11803260.0,173.0,160841100.0,123.88,3763654.0,111.66,13151450.0,151.38,8359596.0,174.17,1619726.0,125.18,2609129.0,144.67,2418820.0,17.54,9672985.0,92.81,4899410.0,07/15/2025,4.36,4.4,4.46,4.42,4.43,4.33,4.12,3.95,3.93,4.05,4.26,4.5,5.02,2025-07-25,67.76,-0.0006663810994370712,0.005508086100520932,206.72899999999998,204.09720000000002,-0.011391451704010458,0.010264682711011207,68.72923588039869,stable,322.169,61.7,0.0
2025-07-18,211.18,48974590.0,226.13,37833810.0,185.06,34014510.0,510.05,21209670.0,704.28,12779750.0,172.41,146456400.0,131.24,11025210.0,107.77,32366590.0,150.04,45782640.0,174.21,2623699.0,125.9,3256700.0,146.15,3417787.0,17.47,13444960.0,91.64,7968179.0,07/16/2025,4.36,4.4,4.45,4.41,4.42,4.31,4.08,3.88,3.86,3.99,4.21,4.46,5.01,2025-07-28,67.13,0.005508086100520932,0.0061370159097006195,207.459,204.35060000000001,-0.011098103488644373,0.010270496004621281,70.07154213036566,stable,322.169,61.7,0.0
2025-07-21,212.48,51377430.0,229.3,40297560.0,190.1,45803130.0,510.06,14066810.0,712.97,9404391.0,171.38,123126100.0,128.96,5560236.0,108.05,17010410.0,149.68,17982220.0,174.88,1458156.0,126.05,2505373.0,146.28,2129503.0,17.24,13446450.0,91.0,4436764.0,07/17/2025,4.36,4.39,4.47,4.41,4.42,4.31,4.1,3.91,3.89,4.01,4.22,4.47,5.01,2025-07-29,68.76,0.0061370159097006195,0.008995562908578003,208.033,204.67520000000002,0.012050488211478916,0.009318347520676626,66.33884666964684,stable,322.169,61.7,0.0
2025-07-22,214.4,46404070.0,227.47,37483700.0,191.34,44660220.0,505.27,13868640.0,704.81,8921064.0,167.03,193114300.0,124.33,6278006.0,108.54,13970890.0,150.04,26196490.0,175.25,1431346.0,126.16,2225129.0,145.11,2818279.0,17.33,12458900.0,92.98,5545502.0,07/18/2025,4.35,4.39,4.46,4.4,4.42,4.3,4.08,3.88,3.84,3.96,4.18,4.44,4.99,2025-07-30,68.53,0.008995562908578003,-0.0011667251352669031,208.67800000000003,205.0134,0.020903766487310182,0.00942076017184747,65.20332717190391,stable,322.169,61.7,0.0
2025-07-23,214.15,46989300.0,228.29,28294850.0,190.23,58681950.0,505.87,16396590.0,713.58,8771615.0,170.78,154082200.0,127.22,4175675.0,109.93,12002690.0,153.12,13162820.0,177.54,1798292.0,127.85,2281539.0,147.54,2949421.0,17.44,13075060.0,95.04,6921475.0,07/21/2025,4.35,4.41,4.46,4.41,4.42,4.3,4.06,3.85,3.81,3.91,4.13,4.38,4.93,2025-07-31,68.39,-0.0011667251352669031,-0.0018228137130991598,209.3705,205.32580000000002,0.014255943923463299,0.009236557119873692,54.95078170237408,stable,322.169,61.7,0.0
2025-07-24,213.76,46022620.0,232.23,42902270.0,192.17,74881690.0,510.88,16107000.0,714.8,10920840.0,173.74,128984600.0,128.35,3785008.0,110.79,15647210.0,155.83,15701020.0,171.31,2607379.0,124.32,3508238.0,140.34,6183651.0,17.72,13251520.0,95.62,5048208.0,07/22/2025,4.37,4.46,4.45,4.41,4.42,4.3,4.05,3.83,3.77,3.88,4.09,4.35,4.9,2025-08-01,67.56,-0.0018228137130991598,0.0005612197322500155,209.98049999999998,205.38519999999997,0.006355632973965353,0.009278736348874626,50.63444108761322,stable,322.169,61.7,0.0
2025-07-25,213.88,40268780.0,231.44,28712100.0,193.18,39785860.0,513.71,19125700.0,712.68,8271698.0,173.5,122316800.0,131.22,4300969.0,110.4,10548940.0,154.84,7875498.0,171.57,1287759.0,124.97,3666550.0,141.97,2792222.0,17.72,10436940.0,94.95,4501837.0,07/23/2025,4.37,4.46,4.45,4.41,4.42,4.31,4.08,3.88,3.84,3.94,4.15,4.4,4.93,2025-08-04,66.05,0.0005612197322500155,0.0007945225104243903,210.62449999999998,205.40420000000003,0.012881227505209258,0.009200032239689192,65.03442999234892,stable,322.169,61.7,0.0
2025-07-28,214.05,37858020.0,232.79,26300140.0,192.58,38139500.0,512.5,14308030.0,717.63,8715743.0,176.75,140023500.0,133.86,4846577.0,111.44,12352970.0,156.28,8755412.0,174.8,1100399.0,127.69,2690475.0,144.75,2205656.0,17.78,12749300.0,97.02,4632430.0,07/24/2025,4.37,4.47,4.46,4.42,4.42,4.32,4.1,3.91,3.87,3.98,4.18,4.43,4.95,2025-08-05,67.16,0.0007945225104243903,-0.013072696278811793,211.273,205.4386,0.026028185217141342,0.00919431484682703,65.32625189681343,stable,322.169,61.7,0.0
2025-07-29,211.27,51411720.0,231.01,33716220.0,195.75,41389150.0,512.57,16469240.0,700.0,13267030.0,175.51,154077500.0,133.51,4013237.0,112.88,15928000.0,157.03,6446038.0,175.43,1296340.0,128.41,2395738.0,144.73,3245702.0,18.16,15116520.0,97.99,5157789.0,07/25/2025,4.37,4.46,4.46,4.42,4.42,4.31,4.09,3.91,3.86,3.95,4.15,4.4,4.92,2025-08-06,66.38,-0.013072696278811793,-0.01056347850956926,211.57800000000003,205.435,0.010329491655109768,0.00895616103307359,50.43830074173981,stable,322.169,61.7,0.0
2025-07-30,209.05,45512510.0,230.19,32993270.0,196.53,32445410.0,513.24,26380430.0,695.21,27077290.0,179.27,174312200.0,133.54,3765782.0,111.9,12996910.0,153.56,9191661.0,170.78,1494576.0,124.4,3193780.0,139.37,4630021.0,18.05,9604261.0,96.67,6607594.0,07/28/2025,4.4,4.47,4.45,4.4,4.42,4.3,4.09,3.91,3.87,3.96,4.18,4.42,4.95,2025-08-07,67.81,-0.01056347850956926,-0.007104825623744683,211.6395,205.39079999999998,-0.005281690140845008,0.008921032653110644,39.353612167300426,stable,322.169,61.7,0.0
2025-07-31,207.57,80698430.0,234.11,104357300.0,191.9,51329160.0,533.5,51617330.0,773.44,38831100.0,177.87,221685400.0,132.69,3876200.0,111.64,17233740.0,151.64,10237100.0,170.19,1340662.0,123.58,3926259.0,137.31,3565551.0,18.04,13651340.0,95.34,5648167.0,07/29/2025,4.4,4.47,4.45,4.4,4.41,4.28,4.07,3.86,3.82,3.9,4.1,4.34,4.86,2025-08-08,70.27,-0.007104825623744683,-0.025321513877215478,211.39600000000002,205.3666,-0.011665555661365623,0.007448066014879683,38.78825733916303,stable,322.169,61.7,0.0
2025-08-01,202.38,104434500.0,214.75,122258800.0,189.13,34832180.0,524.11,28977630.0,750.01,19028710.0,173.72,204529000.0,127.32,5520996.0,109.64,19652030.0,151.4,10706490.0,165.53,1385321.0,119.6,2162494.0,133.18,2250370.0,17.79,16574350.0,92.76,6349218.0,07/30/2025,4.41,4.48,4.45,4.41,4.39,4.31,4.12,3.94,3.89,3.96,4.15,4.38,4.9,2025-08-11,71.09,-0.025321513877215478,0.004781514051619624,210.8375,205.27700000000002,-0.041670612747419344,0.009033850660406552,33.27974276527331,stable,323.291,58.2,0.0
2025-08-04,203.35,75109300.0,211.65,77890150.0,195.04,31547350.0,535.64,25349000.0,776.37,15801730.0,180.0,148174600.0,130.23,2765311.0,107.37,19129470.0,151.04,10116630.0,167.96,2068509.0,121.46,2102215.0,135.04,2920507.0,17.79,13959810.0,92.85,9384502.0,07/31/2025,4.49,4.47,4.46,4.41,4.4,4.31,4.1,3.94,3.89,3.96,4.14,4.37,4.89,2025-08-12,70.36,0.004781514051619624,-0.0021168196547443788,210.5075,205.3022,-0.04296875,0.008515340986103584,34.95297805642629,stable,323.291,58.2,0.0
2025-08-05,202.92,44155080.0,213.75,51505120.0,194.67,31602340.0,527.75,19171570.0,763.46,11640290.0,178.26,156407600.0,130.48,4754756.0,107.24,21314250.0,153.04,8604079.0,168.92,1923410.0,122.07,1512750.0,136.83,2178419.0,17.73,15847940.0,93.2,7716174.0,08/01/2025,4.49,4.46,4.44,4.35,4.3,4.16,3.87,3.69,3.67,3.77,3.97,4.23,4.79,2025-08-13,68.39,-0.0021168196547443788,0.04965337367329933,210.15300000000002,205.3334,-0.053544776119403115,0.008504321829596774,30.453563714902828,stable,323.291,58.2,0.0
2025-08-06,213.25,108483100.0,222.31,54823050.0,196.09,21562910.0,524.94,21355700.0,771.99,9733910.0,179.42,137192300.0,128.14,6250887.0,106.51,15321810.0,152.78,7840914.0,162.44,2755537.0,119.84,2080758.0,133.46,2764160.0,17.86,28738160.0,93.11,7078514.0,08/04/2025,4.48,4.46,4.43,4.35,4.28,4.15,3.82,3.69,3.66,3.75,3.95,4.22,4.78,2025-08-14,67.33,0.04965337367329933,0.03129871432026111,210.2585,205.69299999999998,-0.004202661685734355,0.014262273128012388,55.62521769418318,stable,323.291,58.2,0.0
2025-08-07,220.03,90224830.0,223.13,40603510.0,196.52,26321810.0,520.84,16079140.0,761.83,9019691.0,180.77,151878400.0,133.93,5691229.0,105.95,13468290.0,153.16,6510670.0,161.51,1587808.0,119.3,1587566.0,132.59,2060083.0,17.62,19351260.0,92.6,10307300.0,08/05/2025,4.49,4.48,4.41,4.34,4.29,4.16,3.92,3.72,3.63,3.77,3.97,4.22,4.77,2025-08-15,66.2,0.03129871432026111,0.04148532035113141,210.6395,206.08939999999998,0.029331961077844415,0.01581357500610354,62.8896009321293,stable,323.291,58.2,0.0
2025-08-08,229.35,113854000.0,222.69,32970480.0,201.42,39161830.0,522.04,15531010.0,769.3,7320755.0,182.7,123396700.0,137.61,5458586.0,106.8,14417730.0,155.01,6332807.0,160.84,1278171.0,119.13,1694173.0,133.29,2165639.0,17.28,15417050.0,93.91,8765310.0,08/06/2025,4.48,4.47,4.4,4.32,4.27,4.15,3.9,3.69,3.63,3.77,3.97,4.22,4.8,2025-08-18,65.38,0.04148532035113141,-0.009506566239905357,211.54899999999998,206.668,0.07233027866093145,0.018003231433609917,69.9173553719008,stable,323.291,58.2,0.0
2025-08-11,227.18,61806130.0,221.3,31646220.0,201.0,25832440.0,521.77,20194370.0,765.87,7611964.0,182.06,138323200.0,138.32,4402805.0,105.83,13570660.0,153.45,6169716.0,158.59,1784184.0,118.37,1699625.0,131.77,2122280.0,17.16,20634280.0,93.53,6491368.0,08/07/2025,4.49,4.46,4.41,4.32,4.27,4.15,3.92,3.72,3.66,3.79,3.99,4.23,4.81,2025-08-19,64.9,-0.009506566239905357,0.010813755968526953,212.477,207.21259999999998,0.06134080822237786,0.017889061967380025,64.99999999999999,stable,323.291,58.2,0.0
2025-08-12,229.65,55672300.0,221.47,37254710.0,203.34,30424450.0,529.24,18688920.0,790.0,14579770.0,183.16,145729200.0,141.64,4859427.0,106.13,14113220.0,154.44,6645373.0,159.11,2291850.0,120.04,1749152.0,133.38,1815028.0,17.39,12640090.0,94.59,7526991.0,08/08/2025,4.48,4.43,4.39,4.32,4.27,4.15,3.93,3.76,3.7,3.84,4.03,4.27,4.84,2025-08-20,64.94,0.010813755968526953,0.01589734978716502,213.504,207.7886,0.08699768069295222,0.017941471443027036,67.29138777331548,stable,323.291,58.2,0.0
2025-08-13,233.33,69878550.0,224.56,36508340.0,201.96,28342920.0,520.58,19619160.0,780.08,8811750.0,181.59,179871700.0,139.14,6025185.0,107.6,17958700.0,155.87,6582191.0,161.73,2071968.0,122.58,2359186.0,136.15,2093608.0,17.49,12033550.0,95.88,7263344.0,08/11/2025,4.46,4.41,4.38,4.34,4.27,4.15,3.93,3.76,3.71,3.83,4.03,4.27,4.83,2025-08-21,65.03,0.01589734978716502,-0.00235995904513725,214.6625,208.4212,0.11614446304711801,0.018116174522629612,70.33880690085222,stable,323.291,58.2,0.0
2025-08-14,232.78,51916280.0,230.98,61545820.0,202.94,25230430.0,522.48,20269070.0,782.13,8116193.0,182.02,129554000.0,138.86,3813770.0,107.38,13683470.0,155.16,7337258.0,162.32,1373247.0,122.73,2095643.0,135.82,1906080.0,17.38,12517930.0,95.65,10057790.0,08/12/2025,4.44,4.44,4.35,4.33,4.25,4.12,3.9,3.72,3.69,3.83,4.03,4.29,4.87,2025-08-22,64.22,-0.00235995904513725,-0.00512523464010095,215.8005,209.01139999999998,0.12145300380594493,0.018149110402641843,69.46847960444993,stable,323.291,58.2,0.0
2025-08-15,231.59,56038660.0,231.03,39649240.0,203.9,34931420.0,520.17,25213270.0,785.23,13375360.0,180.45,156602200.0,138.28,3448196.0,106.49,19271860.0,156.55,11617050.0,162.34,1831457.0,123.61,2303677.0,136.8,2037289.0,17.24,10000460.0,95.33,6564712.0,08/13/2025,4.44,4.42,4.32,4.29,4.21,4.09,3.86,3.67,3.64,3.77,3.98,4.24,4.81,2025-08-25,63.68,-0.00512523464010095,-0.0030271602428172274,216.821,209.5868,0.1443324439173832,0.018293077410654272,67.69572235673928,stable,323.291,58.2,0.0
2025-08-18,230.89,37476190.0,231.49,25248890.0,203.5,18526590.0,517.1,23760580.0,767.37,16513740.0,182.01,132008000.0,138.13,3202498.0,106.72,13040020.0,155.32,8174280.0,162.67,1487787.0,122.84,1858168.0,136.81,1869861.0,17.34,12937830.0,94.0,4849707.0,08/14/2025,4.48,4.43,4.36,4.3,4.22,4.12,3.91,3.74,3.7,3.82,4.03,4.29,4.86,2025-08-26,64.99,-0.0030271602428172274,-0.001430274379700124,217.7415,210.192,0.13543152200639286,0.01836751303548127,70.66133108677333,disruption,323.291,58.2,0.0
2025-08-19,230.56,39402560.0,228.01,29891010.0,201.57,24240230.0,509.77,21481020.0,751.48,12286690.0,175.64,185229200.0,135.2,3570149.0,107.42,16113610.0,152.0,8567476.0,164.38,2155341.0,122.17,1600468.0,137.93,1540225.0,17.35,14926600.0,93.76,5412150.0,08/15/2025,4.48,4.42,4.35,4.3,4.22,4.12,3.93,3.75,3.73,3.85,4.07,4.33,4.91,2025-08-27,63.78,-0.001430274379700124,-0.019931886170219938,218.5495,210.7248,0.13621131480386373,0.018370840408240816,73.59069971484972,disruption,323.291,58.2,0.0
2025-08-20,226.01,42263870.0,223.81,36604320.0,199.32,28955500.0,505.72,27723030.0,747.72,11898190.0,175.4,215142700.0,128.48,7222713.0,108.53,18959720.0,153.22,8076269.0,165.82,1540075.0,123.57,1720422.0,140.51,2082975.0,17.33,13994290.0,94.89,6133511.0,08/18/2025,4.47,4.4,4.35,4.33,4.22,4.13,3.93,3.77,3.73,3.86,4.07,4.34,4.92,2025-08-28,64.51,-0.019931886170219938,-0.00492338711572196,219.1425,211.21599999999998,0.05983587338804219,0.019093870825766218,68.94780106863952,disruption,323.291,58.2,0.0
2025-08-21,224.9,30621250.0,221.95,32140460.0,199.75,19774630.0,504.24,18443250.0,739.1,8876307.0,174.98,140040900.0,127.83,4057774.0,109.23,12194900.0,155.55,7533625.0,164.94,1299678.0,124.45,2174688.0,140.29,2394379.0,17.46,12788570.0,94.78,5342090.0,08/19/2025,4.46,4.4,4.35,4.3,4.21,4.11,3.91,3.75,3.7,3.82,4.04,4.3,4.89,2025-08-29,63.38,-0.00492338711572196,0.012636584004512057,219.6995,211.66060000000002,0.022133345452892916,0.01914500271612632,75.25796321220278,disruption,323.291,58.2,0.0
2025-08-22,227.76,42477810.0,228.84,37315340.0,206.09,42827040.0,507.23,24324160.0,754.79,10612670.0,177.99,172789400.0,130.84,3785951.0,111.28,13586670.0,158.18,9084344.0,170.88,1734072.0,129.94,2674117.0,145.37,2106405.0,17.51,16847170.0,96.78,6338575.0,08/20/2025,4.45,4.4,4.35,4.3,4.22,4.11,3.9,3.74,3.69,3.81,4.02,4.29,4.86,2025-09-01,64.19,0.012636584004512057,-0.0026378279605502935,220.3935,212.24019999999996,-0.00693263570961411,0.019269315381181353,76.26425650957606,disruption,323.291,58.2,0.0
2025-08-25,227.16,30983130.0,227.94,22633700.0,208.49,29928880.0,504.26,21638580.0,753.3,6861158.0,179.81,163012800.0,131.01,3202732.0,111.74,9744897.0,158.2,7029967.0,172.18,1477305.0,129.52,2051202.0,147.11,2040347.0,17.52,10794150.0,98.18,6850791.0,08/21/2025,4.49,4.41,4.39,4.32,4.24,4.14,3.95,3.79,3.75,3.86,4.07,4.33,4.89,2025-09-02,64.56,-0.0026378279605502935,0.009420184893664791,221.04899999999998,212.79940000000002,-8.80359186548052e-05,0.019306589157572916,75.98627787307035,disruption,323.291,58.2,0.0
2025-08-26,229.31,54575110.0,228.71,26105370.0,207.14,28464130.0,502.04,30835710.0,754.1,7601800.0,181.77,168688200.0,130.99,3735748.0,111.49,18143880.0,157.36,10270030.0,173.51,3153896.0,129.89,2777492.0,146.95,2591812.0,17.59,9975508.0,97.05,7052117.0,08/22/2025,4.47,4.38,4.36,4.27,4.21,4.08,3.87,3.68,3.64,3.76,3.98,4.26,4.84,2025-09-03,64.08,0.009420184893664791,0.005132677644756611,221.95100000000002,213.4566,-0.001480513825386498,0.018975028508076936,70.87883515340616,disruption,323.291,58.2,0.0
2025-08-27,230.49,31259510.0,229.12,21254480.0,207.48,23022850.0,506.74,17277890.0,747.38,8315435.0,181.6,235518900.0,132.5,3799268.0,112.75,15262630.0,159.24,7482961.0,177.89,1820563.0,132.62,2031923.0,150.77,2149276.0,17.57,9221260.0,97.9,5759528.0,08/25/2025,4.45,4.38,4.35,4.29,4.21,4.08,3.88,3.73,3.68,3.8,4.01,4.28,4.86,2025-09-04,65.18,0.005132677644756611,0.008940778702967176,223.023,214.09799999999998,-0.012171602451463648,0.01865872212618128,65.91600730371275,disruption,323.291,58.2,0.0
2025-08-28,232.56,38074700.0,231.6,33679590.0,211.64,32339310.0,509.64,18015590.0,751.11,7467955.0,180.17,281787800.0,134.05,11144070.0,113.35,14189830.0,159.32,6502447.0,179.3,1844100.0,132.83,1982338.0,151.16,2092865.0,17.66,10122070.0,98.45,4240982.0,08/26/2025,4.42,4.37,4.34,4.28,4.2,4.06,3.85,3.61,3.63,3.75,3.98,4.26,4.86,2025-09-05,63.6,0.008940778702967176,-0.0018076183101439452,224.27249999999998,214.8364,-0.0009450983761492004,0.018460108537421756,56.26708317063649,disruption,323.291,58.2,0.0
2025-08-29,232.14,39418440.0,229.0,26199170.0,212.91,39728360.0,506.69,20961570.0,738.7,9070546.0,174.18,243257900.0,122.15,24363220.0,114.29,14597870.0,160.6,6934840.0,179.71,1753840.0,133.58,1530729.0,152.01,2242718.0,17.72,8963936.0,98.97,4594400.0,08/27/2025,4.42,4.36,4.3,4.26,4.18,4.04,3.83,3.59,3.59,3.69,3.95,4.24,4.87,2025-09-08,64.49,-0.0018076183101439452,-0.010479461944380755,225.7605,215.54760000000002,0.0023748866531370094,0.017078571847856956,60.39396479463532,stable,323.291,58.2,0.0
2025-09-02,229.72,44075640.0,225.34,38843880.0,211.35,47523040.0,505.12,18128000.0,735.11,9350857.0,170.78,231164900.0,120.96,8969874.0,114.69,15206670.0,161.83,8947302.0,180.15,2245614.0,133.84,2113980.0,154.28,3217205.0,17.7,8464928.0,98.99,5192258.0,08/28/2025,4.42,4.35,4.31,4.26,4.17,4.04,3.85,3.62,3.6,3.69,3.92,4.22,4.83,2025-09-09,64.96,-0.010479461944380755,0.03738234025703522,227.079,216.122,-0.005067348087833934,0.017511735596582596,50.14699706005878,stable,324.245,55.1,0.0
2025-09-03,238.47,66427840.0,225.99,29223130.0,230.66,103336100.0,505.35,16345080.0,737.05,7699332.0,170.62,164424900.0,124.02,5966804.0,111.91,14920090.0,158.06,9556116.0,179.0,1751373.0,130.53,2290953.0,155.38,3080313.0,17.57,9702552.0,94.65,9793520.0,08/29/2025,4.41,4.34,4.3,4.23,4.17,4.01,3.83,3.59,3.58,3.68,3.92,4.23,4.86,2025-09-10,64.36,0.03738234025703522,0.005478320026376708,228.85649999999995,216.8614,0.03430777238029137,0.018722183212299147,58.89889196675899,disruption,324.245,55.1,0.0
2025-09-04,239.78,47549430.0,235.68,59391780.0,232.3,51684170.0,507.97,15509490.0,748.65,11439080.0,171.66,141670100.0,126.67,7053769.0,112.4,12864440.0,157.69,7242974.0,178.98,1494012.0,131.58,1832221.0,155.39,2611661.0,17.65,7836292.0,95.77,5612659.0,09/02/2025,4.4,4.35,4.29,4.2,4.15,3.99,3.82,3.66,3.63,3.74,3.98,4.28,4.92,2025-09-11,65.95,0.005478320026376708,-0.00037541452460853166,230.183,217.651,0.06092650767665142,0.015960462435397147,61.80836707152497,stable,324.245,55.1,0.0
2025-09-05,239.69,54870400.0,232.33,36721800.0,235.0,46588930.0,495.0,31994850.0,752.45,9663441.0,167.02,224441400.0,124.83,6413059.0,109.23,16826690.0,153.66,11011670.0,180.28,1696279.0,131.55,1828616.0,156.77,2599339.0,17.39,12091520.0,92.95,8510324.0,09/03/2025,4.35,4.33,4.26,4.18,4.14,3.96,3.77,3.61,3.58,3.69,3.92,4.22,4.85,2025-09-12,64.36,-0.00037541452460853166,-0.00758007691650613,231.166,218.4136,0.06576256113828371,0.01483551922290791,64.1906096706377,stable,324.245,55.1,0.0
2025-09-08,237.88,48999500.0,235.84,33947100.0,234.04,32474740.0,498.2,16771020.0,752.3,13087820.0,168.31,163769100.0,123.0,5187097.0,109.85,15440510.0,154.0,9461969.0,181.19,2006803.0,130.21,2802391.0,157.36,2458975.0,17.15,15535630.0,91.4,9750614.0,09/04/2025,4.33,4.3,4.28,4.16,4.12,3.94,3.76,3.59,3.55,3.65,3.87,4.17,4.81,2025-09-15,63.81,-0.00758007691650613,-0.014950620469677826,231.59250000000003,219.1512,0.044432736213558144,0.012177911674175106,61.787521079258035,stable,324.245,55.1,0.0
2025-09-09,234.35,66313920.0,238.24,27033780.0,239.63,38060960.0,498.41,14410540.0,765.7,10999030.0,170.76,157548400.0,121.29,10704360.0,110.65,14899500.0,154.85,7769177.0,183.18,2307706.0,132.29,2830762.0,161.83,3869184.0,17.17,10979090.0,91.86,5838579.0,09/05/2025,4.29,4.24,4.24,4.07,4.05,3.85,3.65,3.51,3.48,3.59,3.8,4.1,4.72,2025-09-16,62.22,-0.014950620469677826,-0.032791245197944616,231.95100000000002,219.8166,0.031651699242824405,0.012501102281490909,55.76864535768644,stable,324.245,55.1,0.0
2025-09-10,226.79,83440810.0,230.33,60907710.0,239.17,35141070.0,500.37,21611820.0,751.98,12478280.0,177.33,226852000.0,124.45,8447197.0,112.5,15837580.0,157.79,7440811.0,181.69,1800282.0,131.42,2424723.0,158.5,4199479.0,17.42,10161960.0,94.32,4353843.0,09/08/2025,4.26,4.23,4.21,4.1,4.04,3.84,3.64,3.49,3.47,3.57,3.77,4.05,4.65,2025-09-17,62.6,-0.032791245197944616,0.014185256029157005,231.808,220.24899999999997,-0.010989490209759811,0.0144514183740355,51.087562744004465,stable,324.245,55.1,0.0
2025-09-11,230.03,50208580.0,229.95,37485600.0,240.37,30599330.0,501.01,18881610.0,750.9,7923284.0,177.17,151159300.0,125.37,6159381.0,112.14,11534500.0,158.25,6417408.0,182.31,1265815.0,132.52,2155893.0,157.59,2621080.0,17.49,5784858.0,94.13,4721131.0,09/09/2025,4.25,4.25,4.22,4.1,4.05,3.85,3.68,3.54,3.48,3.61,3.81,4.08,4.68,2025-09-18,62.97,0.014185256029157005,0.01741048072188551,231.64299999999997,220.6932,-0.0019957481886416772,0.014353121755297078,56.75177678336404,stable,324.245,55.1,0.0
2025-09-12,234.07,55824220.0,228.15,38496220.0,240.8,26771610.0,509.9,23624880.0,755.59,8248557.0,177.82,124911000.0,125.04,4365666.0,112.16,11105690.0,157.11,5546333.0,180.28,1500305.0,130.78,1380843.0,156.72,1642668.0,17.45,7327941.0,92.43,5170407.0,09/10/2025,4.23,4.23,4.2,4.09,4.02,3.83,3.66,3.54,3.47,3.59,3.78,4.04,4.65,2025-09-19,64.01,0.01741048072188551,0.011173300598125255,231.70749999999998,221.12579999999997,0.006492948056415537,0.014903907931017528,58.05463364820015,stable,324.245,55.1,0.0
2025-09-15,236.7,42699520.0,231.43,33243330.0,251.61,58383800.0,515.36,17143790.0,764.7,10533780.0,177.75,147061600.0,126.8,5734417.0,112.35,12880490.0,157.31,5030461.0,179.94,1765485.0,131.18,1730320.0,157.57,2081200.0,17.54,10372330.0,92.33,4932200.0,09/11/2025,4.22,4.22,4.18,4.08,4.0,3.82,3.63,3.52,3.47,3.59,3.76,4.01,4.61,2025-09-22,62.71,0.011173300598125255,0.006107210726931303,231.96299999999997,221.58880000000002,0.01964331868699931,0.015038001368998704,61.577669902912604,stable,324.245,55.1,0.0
2025-09-16,238.15,63421100.0,234.05,38203910.0,251.16,34109720.0,509.04,19711920.0,779.0,11782480.0,174.88,140737800.0,127.68,4461322.0,114.68,17208040.0,159.54,8011032.0,182.99,2250063.0,133.04,1767569.0,162.64,2920638.0,17.58,7957411.0,94.54,7860793.0,09/12/2025,4.24,4.24,4.2,4.08,4.02,3.83,3.66,3.56,3.52,3.63,3.81,4.06,4.65,2025-09-23,63.02,0.006107210726931303,0.0035209828050978467,232.32600000000002,222.15279999999998,0.03669684833710618,0.015045046372628816,60.913580246913575,stable,324.245,55.1,0.0
2025-09-17,238.99,46508020.0,231.62,42815230.0,249.53,34107990.0,510.02,15816590.0,775.72,9400867.0,170.29,211843800.0,130.34,8236969.0,115.29,13302030.0,160.09,5736777.0,184.68,1885830.0,133.14,3287562.0,163.67,2892322.0,17.53,9542150.0,93.82,7073063.0,09/15/2025,4.22,4.21,4.17,4.06,4.0,3.81,3.64,3.54,3.5,3.61,3.79,4.05,4.63,2025-09-24,63.66,0.0035209828050978467,-0.004655365213574466,232.7475,222.73239999999998,0.002180567786304488,0.015034192815396585,60.58266932270916,stable,324.245,55.1,0.0
2025-09-18,237.88,44249580.0,231.23,37931740.0,252.03,31239470.0,508.45,18913700.0,780.25,10954950.0,176.24,191763300.0,132.11,5528870.0,113.93,14628730.0,158.84,6244226.0,185.03,1570757.0,131.35,3180381.0,163.85,2492590.0,17.44,14562990.0,93.48,4416563.0,09/16/2025,4.2,4.19,4.15,4.04,4.0,3.81,3.62,3.51,3.47,3.59,3.78,4.04,4.61,2025-09-25,64.89,-0.004655365213574466,0.031530602396182335,233.34099999999998,223.2672,-0.007923930269413626,0.014239265547862413,56.78571428571426,stable,324.245,55.1,0.0
2025-09-19,245.5,163741300.0,231.48,97943170.0,254.72,55571420.0,517.93,52474090.0,778.38,23696820.0,176.67,237182100.0,131.94,9051982.0,112.82,38746520.0,156.21,16733990.0,185.46,6246901.0,129.72,9244775.0,162.62,8119517.0,17.3,13754360.0,91.92,15284110.0,09/17/2025,4.17,4.16,4.11,4.02,3.97,3.8,3.6,3.52,3.51,3.62,3.81,4.06,4.62,2025-09-26,64.41,0.031530602396182335,0.0421929484270323,234.371,223.929,0.024239642872043055,0.015507679025824183,64.39655172413794,stable,324.245,55.1,0.0
2025-09-22,256.08,105517400.0,227.63,45914510.0,252.53,32290540.0,514.45,20009310.0,765.16,11706950.0,183.61,269637000.0,135.69,10255250.0,112.02,15611500.0,156.05,5244025.0,187.25,1783239.0,129.57,3362105.0,166.44,2613346.0,17.13,16772630.0,92.01,5798849.0,09/18/2025,4.2,4.17,4.14,4.03,3.98,3.81,3.61,3.57,3.55,3.67,3.86,4.11,4.68,2025-09-29,63.91,0.0421929484270323,-0.006464146619889126,235.78699999999998,224.8274,0.07650916428451304,0.01760251414464131,74.15689149560114,stable,324.245,55.1,0.0
2025-09-23,254.43,60275190.0,220.71,70956190.0,251.66,26628020.0,509.23,19799580.0,755.4,10872590.0,178.43,192559600.0,134.34,4750827.0,113.95,25369110.0,157.42,7181383.0,190.87,1787467.0,132.28,3815635.0,170.39,4022397.0,17.11,12825490.0,93.47,8241930.0,09/19/2025,4.19,4.16,4.14,4.03,3.98,3.81,3.6,3.57,3.56,3.68,3.88,4.14,4.71,2025-09-30,63.02,-0.006464146619889126,-0.008367258825429779,237.15050000000002,225.74359999999996,0.08568380627266925,0.01772013436964862,66.8141592920354,stable,324.245,55.1,0.0
2025-09-24,252.31,42303710.0,220.21,49509030.0,247.14,28201000.0,510.15,13533710.0,760.66,8828227.0,176.97,143564100.0,132.09,3921892.0,114.56,14756050.0,159.18,6285228.0,193.1,1526773.0,136.59,3000972.0,170.83,3523425.0,17.4,11130450.0,95.63,7935814.0,09/22/2025,4.17,4.15,4.13,4.0,3.98,3.81,3.61,3.61,3.59,3.71,3.9,4.15,4.73,2025-10-01,62.99,-0.008367258825429779,0.0179116301245757,238.30049999999997,226.60760000000002,0.11252700736364041,0.017966591548006138,62.97907603066086,stable,324.245,55.1,0.0
2025-09-25,256.87,55202080.0,218.15,52226330.0,245.79,31020380.0,507.03,15786470.0,748.91,10591070.0,177.69,191586700.0,130.96,4758872.0,115.59,15012550.0,160.72,6311040.0,196.44,1811431.0,139.08,5158939.0,174.42,4094329.0,17.41,9936889.0,96.81,8076300.0,09/23/2025,4.16,4.18,4.12,4.0,3.97,3.81,3.61,3.53,3.57,3.68,3.87,4.12,4.7,2025-10-02,63.76,0.0179116301245757,-0.005504278726233457,239.61949999999996,227.5418,0.1166804329870017,0.018205466088020632,66.28744785741372,stable,324.245,55.1,0.0
2025-09-26,255.46,46076260.0,219.78,41650100.0,246.54,18503190.0,511.46,16213130.0,743.75,9696338.0,178.19,148573700.0,130.76,3841026.0,117.22,18568920.0,160.16,7015168.0,198.69,2042793.0,139.46,2891069.0,175.63,3032406.0,17.46,10238240.0,98.48,6812913.0,09/24/2025,4.18,4.19,4.13,4.02,3.98,3.82,3.63,3.57,3.6,3.7,3.91,4.16,4.73,2025-10-03,65.4,-0.005504278726233457,-0.004040092572912473,240.7645,228.4506,0.09138291963942424,0.018344363755468662,66.79403897592664,disruption,324.245,55.1,0.0
2025-09-29,254.43,40127690.0,222.17,44259180.0,244.05,32505780.0,514.6,17617780.0,743.4,9246768.0,181.85,193063500.0,133.9,3833449.0,114.22,19189260.0,156.1,8315073.0,196.47,1402212.0,137.57,2810472.0,172.14,2604688.0,17.2,11623850.0,95.85,8700508.0,09/25/2025,4.24,4.2,4.18,4.04,4.01,3.85,3.68,3.64,3.66,3.75,3.94,4.18,4.73,2025-10-06,65.51,-0.004040092572912473,0.0007857620331213641,241.879,229.31560000000002,0.07490494296577954,0.018392748108191966,70.14446227929375,disruption,324.245,55.1,0.0
2025-09-30,254.63,37704260.0,219.57,48396370.0,243.1,34724350.0,517.95,19728230.0,734.38,16226750.0,186.58,236981000.0,141.77,9934552.0,112.75,18076210.0,155.29,7755716.0,192.74,1532154.0,136.02,2240035.0,170.26,2385788.0,17.16,20968950.0,94.59,7318461.0,09/26/2025,4.22,4.2,4.17,4.02,4.0,3.83,3.67,3.63,3.66,3.76,3.96,4.2,4.74,2025-10-07,66.5,0.0007857620331213641,0.003215184701967226,243.12449999999998,230.1586,0.06920008398068433,0.01807693817376835,82.76836158192091,stable,324.245,55.1,0.0
2025-10-01,255.45,48713940.0,220.63,43933830.0,244.9,31658230.0,519.71,22632340.0,717.34,20419630.0,187.24,173844900.0,149.68,13611990.0,111.99,16613990.0,154.58,6768358.0,192.31,1265196.0,134.59,2258532.0,167.67,2458624.0,16.99,13491000.0,95.46,4794582.0,09/29/2025,4.22,4.19,4.16,4.04,3.99,3.84,3.65,3.63,3.63,3.74,3.92,4.15,4.69,2025-10-08,64.27,0.003215184701967226,0.006555097802094065,243.9735,230.97960000000003,0.06887317460981612,0.016407665916903475,81.72740888666999,stable,324.245,53.6,0.0
2025-10-02,257.13,42630240.0,222.41,41258590.0,245.69,25483300.0,515.74,21222890.0,727.05,11415270.0,188.89,136805800.0,147.37,7490815.0,111.29,13062560.0,153.37,7562448.0,192.24,1642839.0,134.94,1829381.0,164.7,3916347.0,16.92,12973940.0,93.38,5428565.0,09/30/2025,4.2,4.19,4.15,4.02,3.98,3.83,3.68,3.6,3.61,3.74,3.93,4.16,4.71,2025-10-09,63.17,0.006555097802094065,0.0034553077180894433,244.84099999999998,231.83919999999998,0.08092315453169663,0.01641647349853331,80.58355437665784,stable,324.245,53.6,0.0
2025-10-03,258.02,49155610.0,219.51,43639030.0,245.35,30249560.0,517.35,15112320.0,710.56,16154310.0,187.62,137596900.0,140.74,6526655.0,113.26,12950120.0,153.55,7249291.0,193.14,1968743.0,133.01,2000691.0,160.4,4487704.0,16.8,13314340.0,94.16,4321560.0,10/01/2025,4.17,4.18,4.12,4.01,3.95,3.8,3.62,3.55,3.56,3.68,3.88,4.12,4.69,2025-10-10,62.59,0.0034553077180894433,-0.005167970158442561,245.7575,232.72440000000003,0.05099796334012208,0.016391291855127117,79.6440489432703,stable,324.245,53.6,0.0
2025-10-06,256.69,44664120.0,220.9,43690880.0,250.43,28894650.0,528.57,21388580.0,715.66,21654740.0,185.54,157678100.0,145.76,10454690.0,114.2,12036830.0,154.02,4778924.0,193.52,1013228.0,132.92,1609952.0,163.42,2020890.0,16.66,14803640.0,94.91,3454270.0,10/02/2025,4.23,4.18,4.11,4.02,3.96,3.81,3.62,3.55,3.56,3.67,3.86,4.1,4.66,2025-10-13,61.28,-0.005167970158442561,-0.0008184422773049941,246.698,233.58059999999998,0.0023820681037176605,0.01631273151939595,75.86495535714289,stable,324.245,53.6,0.0
2025-10-07,256.48,31955780.0,221.78,31194680.0,245.76,23181290.0,523.98,14615210.0,713.08,12062930.0,185.04,140088000.0,150.87,18683190.0,114.26,11945030.0,154.91,5479593.0,191.54,1352292.0,132.37,1918022.0,163.17,2173853.0,16.67,14276200.0,95.23,4072066.0,10/03/2025,4.24,4.17,4.11,4.03,3.96,3.82,3.64,3.58,3.59,3.72,3.9,4.13,4.69,2025-10-14,61.65,-0.0008184422773049941,0.006141427162457078,247.80449999999996,234.4292,0.008057225956058733,0.01575405050918131,74.83669412098843,stable,324.245,53.6,0.0
2025-10-08,258.06,36496900.0,225.22,46685990.0,244.62,21307100.0,524.85,13363450.0,717.84,10790570.0,189.11,130168900.0,164.53,18937940.0,114.02,12300970.0,153.74,5678028.0,188.71,2416746.0,131.3,1772564.0,162.44,1582487.0,16.67,20937630.0,93.75,5289732.0,10/06/2025,4.22,4.14,4.11,4.02,3.95,3.81,3.66,3.6,3.63,3.75,3.95,4.18,4.73,2025-10-15,62.49,0.006141427162457078,-0.01570038108892594,249.368,235.365,0.022789425706472244,0.013080654513985622,78.27914798206288,stable,324.245,53.6,0.0
2025-10-09,254.04,38322010.0,227.74,46412120.0,241.53,27892090.0,522.4,18343600.0,733.51,12717170.0,192.57,182997200.0,155.95,13275630.0,112.91,10976220.0,151.64,6178601.0,187.56,1284034.0,131.09,1577050.0,162.01,1655586.0,16.62,12982350.0,91.95,6940005.0,10/07/2025,4.2,4.17,4.1,4.01,3.95,3.81,3.65,3.57,3.56,3.71,3.9,4.14,4.7,2025-10-16,62.52,-0.01570038108892594,-0.0351320903749287,250.5685,236.26480000000004,-0.011017246077782539,0.013836670485642156,63.31047381546138,stable,324.245,53.6,0.0
2025-10-10,245.27,61999100.0,216.37,72367510.0,236.57,33180320.0,510.96,24133840.0,705.3,16980090.0,183.16,268774400.0,150.57,11749110.0,110.73,13811580.0,148.9,7796621.0,180.89,1678432.0,126.76,1963583.0,158.02,2363087.0,16.29,21522780.0,87.64,7892361.0,10/08/2025,4.2,4.16,4.09,4.01,3.94,3.82,3.66,3.58,3.58,3.72,3.91,4.13,4.69,2025-10-17,63.37,-0.0351320903749287,0.009697193227107182,251.12850000000003,237.01879999999997,-0.03988882799655524,0.016144693688604744,32.14403700033034,stable,324.245,53.6,0.0
2025-10-13,247.66,38142940.0,220.07,37809650.0,244.15,24995030.0,514.05,14284240.0,715.7,9251796.0,188.32,153482800.0,153.4,6800939.0,112.24,10296500.0,151.94,5978755.0,183.4,1095515.0,129.79,1219136.0,161.41,1382387.0,16.52,15254290.0,88.78,5887288.0,10/09/2025,4.2,4.17,4.11,4.03,3.95,3.83,3.66,3.6,3.59,3.74,3.92,4.14,4.7,2025-10-20,62.36,0.009697193227107182,0.0004440587037828413,251.67650000000003,237.9244,-0.026608497425618105,0.016105498830116558,39.084166397936094,stable,324.245,53.6,0.0
2025-10-14,247.77,35477990.0,216.39,45665580.0,245.45,22111570.0,513.57,14684300.0,708.65,8829757.0,180.03,205641400.0,148.77,7096445.0,112.29,11167150.0,152.39,6419350.0,183.12,1389673.0,130.84,1941314.0,162.19,1953400.0,16.53,11760450.0,88.17,6004300.0,10/10/2025,4.19,4.16,4.1,4.02,3.96,3.81,3.6,3.52,3.52,3.65,3.83,4.05,4.6,2025-10-21,59.75,0.0004440587037828413,0.0063165304260936386,252.15749999999997,238.81279999999998,-0.02694105172210648,0.01608412696850204,42.17241379310343,stable,324.245,53.6,0.0
2025-10-15,249.34,33893610.0,215.57,45909470.0,251.03,27007690.0,513.43,14694650.0,717.55,10246770.0,179.83,214450500.0,153.7,5804509.0,111.61,12182940.0,152.11,5824931.0,183.83,1882647.0,129.57,1864622.0,160.98,1756502.0,16.9,14943300.0,87.74,6036125.0,10/14/2025,4.19,4.18,4.08,4.02,3.95,3.8,3.58,3.48,3.47,3.6,3.79,4.03,4.59,2025-10-22,59.52,0.0063165304260936386,-0.007608885518933919,252.675,239.7412,-0.023918575063613168,0.016110349293694204,35.52479815455588,stable,324.245,53.6,0.0
2025-10-16,247.45,39776970.0,214.47,42414590.0,251.46,27997160.0,511.61,15559570.0,712.07,9017010.0,181.81,179723300.0,151.31,6947603.0,110.64,11782200.0,151.71,5276788.0,181.15,1193732.0,128.36,2161453.0,156.39,2661349.0,16.68,16787950.0,86.91,7816573.0,10/15/2025,4.2,4.18,4.09,4.03,3.98,3.82,3.61,3.5,3.51,3.63,3.82,4.05,4.61,2025-10-23,59.08,-0.007608885518933919,0.019370678108879068,253.15349999999998,240.42520000000002,-0.0376463267607825,0.016189067044171106,34.88108720271792,stable,324.245,53.6,0.0
2025-10-17,252.29,49146960.0,213.04,45986940.0,253.3,29671630.0,513.58,19867770.0,716.92,12232440.0,183.22,173135200.0,149.59,5301468.0,112.24,13460070.0,153.08,7735462.0,184.47,1954288.0,129.27,1756900.0,157.77,2148748.0,16.45,14392110.0,86.48,5775031.0,10/16/2025,4.2,4.17,4.1,4.02,3.96,3.79,3.54,3.41,3.42,3.55,3.74,3.99,4.56,2025-10-24,58.29,0.019370678108879068,0.0386808954887455,253.493,241.0704,-0.022207580807689253,0.015219870064525139,46.468646864686434,stable,324.245,53.6,0.0
2025-10-20,262.24,90483030.0,216.48,38882820.0,256.55,22350160.0,516.79,14665620.0,732.17,8900204.0,182.64,128544700.0,147.87,5829581.0,112.7,9523617.0,154.48,5676505.0,186.27,957927.0,130.34,1997926.0,160.17,1354041.0,16.77,14061100.0,87.06,4636382.0,10/17/2025,4.18,4.15,4.08,4.0,3.95,3.79,3.56,3.46,3.47,3.59,3.78,4.02,4.58,2025-10-27,58.3,0.0386808954887455,0.002019009847587752,253.80100000000002,241.7282,0.021621411040554817,0.014736592804705375,59.500624219725374,stable,324.245,53.6,0.0
2025-10-21,262.77,46695950.0,222.03,50494570.0,250.46,47312100.0,517.66,15586200.0,733.27,7647269.0,181.16,124240200.0,149.43,5191375.0,112.71,9202349.0,153.79,6304917.0,182.87,1282408.0,128.6,2315049.0,157.69,1605240.0,16.76,14492930.0,86.41,5895521.0,10/20/2025,4.15,4.11,4.05,3.97,3.92,3.78,3.55,3.46,3.47,3.58,3.77,4.0,4.56,2025-10-28,58.34,0.002019009847587752,-0.016576873201058953,254.218,242.44,0.024524329382407783,0.014626408246033782,59.20523138832999,stable,324.245,53.6,0.0
2025-10-22,258.45,45015250.0,217.95,44308540.0,251.69,35029370.0,520.54,18962690.0,733.41,8734491.0,180.28,162249600.0,150.13,6136709.0,114.71,12938790.0,155.57,6036705.0,188.54,1710115.0,131.4,2144748.0,161.87,3181398.0,16.91,14975680.0,87.41,8307836.0,10/21/2025,4.12,4.09,4.05,3.96,3.9,3.78,3.56,3.45,3.46,3.56,3.74,3.98,4.53,2025-10-29,58.66,-0.016576873201058953,0.004362688617564541,254.525,243.01600000000002,0.0015112764473377283,0.015030836968746773,51.5566037735849,stable,324.245,53.6,0.0
2025-10-23,259.58,32754940.0,221.09,31540000.0,253.08,19901430.0,520.56,14023530.0,734.0,9855974.0,182.16,111363700.0,154.23,5817217.0,115.98,15001090.0,156.56,9810894.0,195.96,1931394.0,135.81,2824646.0,173.13,4679912.0,16.85,15286100.0,90.08,7866274.0,10/22/2025,4.11,4.08,4.04,3.96,3.9,3.78,3.55,3.45,3.44,3.56,3.74,3.97,4.52,2025-10-30,59.3,0.004362688617564541,0.012404446955879033,254.6605,243.54100000000003,0.021807589356006796,0.014535256155859651,51.82926829268293,stable,324.245,53.6,0.0
2025-10-24,262.82,38253720.0,224.21,38685050.0,259.92,28655130.0,523.61,15532360.0,738.36,9151267.0,186.26,131296700.0,158.64,5081468.0,115.39,9919409.0,155.56,4979941.0,196.22,1233261.0,134.98,1697882.0,171.05,2353060.0,16.73,10606350.0,88.03,7886582.0,10/23/2025,4.12,4.08,4.05,3.95,3.9,3.78,3.59,3.48,3.49,3.61,3.79,4.01,4.55,2025-10-31,62.44,0.012404446955879033,0.022535423122463517,255.02850000000004,244.1418,0.0715537978554246,0.01469504386719899,56.87991021324355,stable,324.245,53.6,0.0
2025-10-27,268.81,44888150.0,226.97,38267000.0,269.27,35235230.0,531.52,18734720.0,750.82,11321080.0,191.49,153452700.0,162.19,5480028.0,115.94,10975410.0,155.28,4884434.0,196.23,2622610.0,135.42,2501817.0,174.35,2614429.0,16.91,11775220.0,88.69,5715952.0,10/24/2025,4.11,4.06,4.02,3.93,3.89,3.76,3.58,3.48,3.49,3.61,3.79,4.02,4.56,2025-11-03,62.27,0.022535423122463517,0.0007065692638837042,255.7475,244.8862,0.08539933780182518,0.015361722986755016,62.249155573216754,stable,324.245,53.6,0.0
2025-10-28,269.0,41534760.0,229.25,47100030.0,267.47,29738560.0,542.07,29986680.0,751.44,12193820.0,201.03,297986200.0,164.88,6446412.0,115.03,9535211.0,154.13,5066475.0,192.21,1170993.0,133.66,2367039.0,169.34,1708069.0,16.99,12602780.0,86.79,5234831.0,10/27/2025,4.09,4.03,4.0,3.89,3.87,3.73,3.59,3.48,3.5,3.61,3.79,4.01,4.55,2025-11-04,62.13,0.0007065692638837042,0.0025988505438451492,256.466,245.6484,0.08568430399160509,0.015362265849019044,61.17695136902329,stable,324.245,53.6,0.0
2025-10-29,269.7,51086740.0,230.3,52036150.0,274.57,43580280.0,541.55,36023000.0,751.67,26818590.0,207.04,308829600.0,163.6,4511493.0,116.45,12570570.0,155.1,7344432.0,195.75,1624593.0,138.0,4455928.0,170.66,1569855.0,16.93,13033120.0,88.08,5476320.0,10/28/2025,4.07,4.02,3.97,3.89,3.86,3.72,3.59,3.47,3.5,3.6,3.77,3.99,4.53,2025-11-05,60.97,0.0025988505438451492,0.006283517255084504,257.1785,246.43120000000002,0.08165557070666551,0.015361891181580198,67.1635247698378,stable,324.245,53.6,0.0
2025-10-30,271.4,69886530.0,222.86,102252900.0,281.48,74875990.0,525.76,41023090.0,666.47,88440090.0,202.89,178864400.0,161.01,3105193.0,114.69,16172940.0,153.52,8971226.0,195.63,1697231.0,137.07,3093927.0,170.1,1849533.0,16.77,13350160.0,88.14,6114224.0,10/29/2025,4.03,4.01,3.99,3.93,3.86,3.79,3.7,3.59,3.6,3.7,3.87,4.08,4.59,2025-11-06,61.26,0.006283517255084504,-0.0038023561325672382,257.892,247.33900000000003,0.0967872297433825,0.015358436978648984,83.89105058365756,stable,324.245,53.6,0.0
2025-10-31,270.37,86167120.0,244.22,166340800.0,281.19,39267950.0,517.81,34006420.0,648.35,56953170.0,202.49,179802200.0,162.01,4079199.0,114.36,20213350.0,157.72,11136110.0,194.91,1538966.0,136.14,1917690.0,169.56,1670175.0,16.83,10453960.0,88.86,5635803.0,10/30/2025,4.05,4.02,4.04,3.92,3.87,3.79,3.7,3.61,3.61,3.72,3.9,4.11,4.64,2025-11-07,61.36,-0.0038023561325672382,-0.004894155332772815,258.5095,248.24839999999998,0.07166356177414879,0.015425261712519834,80.53240118311378,stable,324.245,53.6,0.0
2025-11-03,269.05,50194580.0,254.0,95997820.0,283.72,29786000.0,517.03,22374740.0,637.71,33003600.0,206.88,180267300.0,160.11,4614614.0,113.76,12290300.0,154.04,8512209.0,195.79,1443245.0,137.92,2636850.0,171.6,1658082.0,16.83,13841150.0,88.57,5310240.0,10/31/2025,4.06,4.02,4.04,3.89,3.87,3.79,3.7,3.6,3.6,3.71,3.89,4.11,4.65,2025-11-10,61.75,-0.004894155332772815,0.0036728602382412124,259.1275,249.07420000000002,0.02596857840146427,0.015418369374930187,77.70833333333337,stable,325.063,51.0,0.0
2025-11-04,270.04,49274850.0,249.32,51546310.0,277.54,30078370.0,514.33,20958660.0,627.32,27356550.0,198.69,188919300.0,154.64,5330224.0,114.14,16860740.0,153.39,6976838.0,183.78,5838713.0,135.75,2665553.0,169.11,2188357.0,16.55,13437300.0,87.91,5740444.0,11/03/2025,4.06,4.04,4.05,3.98,3.88,3.8,3.7,3.6,3.61,3.72,3.9,4.13,4.67,2025-11-11,61.79,0.0036728602382412124,0.00037024695894810876,259.80550000000005,249.93179999999995,0.027666780834950888,0.015402470563227019,77.36647276573247,stable,325.063,51.0,0.0
2025-11-05,270.14,43683070.0,250.2,40610700.0,284.31,31010300.0,507.16,23024340.0,635.95,20219860.0,195.21,171350300.0,152.41,7326542.0,113.68,12400920.0,152.66,5894721.0,186.18,2092865.0,135.93,2207154.0,170.14,1762403.0,16.91,16665160.0,87.7,6384644.0,11/04/2025,4.02,4.04,4.01,3.96,3.87,3.78,3.67,3.58,3.59,3.69,3.88,4.1,4.65,2025-11-12,61.38,0.00037024695894810876,-0.0013705990180649203,260.4095,250.7484,0.04523118591603792,0.015386209302146956,81.48764918123793,stable,325.063,51.0,0.0
2025-11-06,269.77,51204050.0,243.04,46004200.0,284.75,37173650.0,497.1,27406500.0,618.94,23628750.0,188.08,223029800.0,149.18,4255086.0,114.5,14219650.0,152.94,6466257.0,192.72,3079281.0,138.2,2074206.0,176.01,3112019.0,16.87,22864740.0,85.66,13101820.0,11/05/2025,4.0,4.02,4.0,3.96,3.87,3.79,3.71,3.63,3.65,3.76,3.95,4.17,4.72,2025-11-13,60.4,-0.0013705990180649203,-0.0048305682516764535,261.196,251.534,0.03925572077972106,0.014828007864317535,77.69328263624848,stable,325.063,51.0,0.0
2025-11-07,268.47,48227370.0,244.41,46374290.0,278.83,34479590.0,496.82,24019760.0,621.71,29946830.0,188.15,264942300.0,146.7,5780820.0,117.22,17181150.0,155.02,9835929.0,193.76,2174192.0,137.95,2123965.0,175.62,2393433.0,16.45,15500670.0,86.83,7567677.0,11/06/2025,4.02,3.96,3.98,3.93,3.84,3.76,3.65,3.57,3.58,3.69,3.87,4.11,4.67,2025-11-14,60.24,-0.0048305682516764535,0.0035694404880914532,262.356,252.25220000000002,0.02149760292215208,0.012005793597490726,63.5966826713227,stable,325.063,51.0,0.0
2025-11-10,269.43,41312410.0,248.4,36476510.0,290.1,29557310.0,506.0,26101480.0,631.76,19245000.0,199.05,198897100.0,142.69,8203558.0,118.22,13047960.0,155.65,8436797.0,196.36,2269126.0,138.65,1927362.0,179.18,2146061.0,16.69,18551410.0,88.23,6071385.0,11/07/2025,4.01,3.96,3.98,3.92,3.83,3.76,3.63,3.55,3.57,3.67,3.87,4.11,4.68,2025-11-17,60.54,0.0035694404880914532,0.02137115925182126,263.44449999999995,252.998,0.002306461813176508,0.01194472519894384,64.26735218509012,stable,325.063,51.0,0.0
2025-11-11,275.25,46208320.0,249.1,23564060.0,291.31,19842140.0,508.68,17980020.0,627.08,13302190.0,193.16,176483300.0,138.76,7116087.0,119.78,16077100.0,156.24,6361426.0,200.13,2132877.0,140.85,2215758.0,180.86,1869093.0,16.7,28964910.0,90.69,6561640.0,11/10/2025,4.04,4.04,4.0,3.95,3.85,3.79,3.66,3.58,3.56,3.72,3.9,4.13,4.69,2025-11-18,60.94,0.02137115925182126,-0.006487848970949063,264.8185,253.9086,0.02323420074349447,0.012500884768936382,83.81642512077316,stable,325.063,51.0,0.0
2025-11-12,273.47,48397980.0,244.2,31190060.0,286.71,24829920.0,511.14,26574850.0,609.01,24493270.0,193.8,154935300.0,140.71,5502993.0,118.12,13790890.0,153.32,11670950.0,196.9,2506234.0,138.02,2057815.0,177.54,1800948.0,16.58,10083840.0,89.07,6941510.0,11/12/2025,4.03,4.03,3.98,3.95,3.86,3.78,3.65,3.56,3.55,3.68,3.86,4.08,4.65,2025-11-19,59.3,-0.006487848970949063,-0.001903298404073698,266.025,254.6086,0.01397849462365608,0.012768879373093907,77.24597881522192,stable,325.063,51.0,0.0
2025-11-13,272.95,49602790.0,237.58,41401740.0,278.57,29494040.0,503.29,25273110.0,609.89,20973850.0,186.86,207423100.0,133.94,6911959.0,118.79,17291870.0,155.58,7998740.0,194.58,2218083.0,139.5,2444206.0,175.78,2308169.0,16.63,12943380.0,89.42,8207911.0,11/13/2025,4.05,4.02,4.0,3.96,3.88,3.8,3.68,3.58,3.57,3.71,3.89,4.11,4.69,2025-11-20,59.54,-0.001903298404073698,-0.0019803439067010314,267.3,255.27200000000002,0.005711127487104006,0.012543054216902003,72.24418093983323,stable,325.063,51.0,0.0
2025-11-14,272.41,47431330.0,234.69,38956670.0,276.41,31647230.0,510.18,28505750.0,609.46,20724150.0,190.17,186591900.0,133.76,5573277.0,119.29,17064270.0,157.62,8484812.0,199.98,1714728.0,142.32,2634105.0,181.76,3222825.0,17.01,15891500.0,91.37,7628389.0,11/14/2025,4.04,4.02,4.01,3.95,3.88,3.8,3.7,3.62,3.61,3.74,3.92,4.14,4.73,2025-11-21,60.87,-0.0019803439067010314,-0.018338261876415136,268.306,255.9264,0.007545215815364159,0.012149403854834956,60.392609699769224,stable,325.063,51.0,0.0
2025-11-17,267.46,45018260.0,232.87,59919020.0,285.02,52670190.0,507.49,19092750.0,602.01,16501330.0,186.6,173628900.0,122.48,15291140.0,117.68,16034860.0,154.82,8744980.0,195.97,1984010.0,136.65,2813228.0,178.4,3014842.0,16.94,11808120.0,88.72,8610848.0,11/17/2025,4.04,4.01,4.01,3.97,3.87,3.81,3.69,3.6,3.6,3.72,3.9,4.13,4.71,2025-11-24,60.66,-0.018338261876415136,-7.478033280722247e-05,268.56699999999995,256.518,-0.005909682215201717,0.010051383476777668,46.51268115942022,stable,325.063,51.0,0.0
2025-11-18,267.44,45677280.0,222.55,60608440.0,284.28,49158740.0,493.79,33815110.0,597.69,25500650.0,181.36,213598900.0,122.69,10147080.0,119.03,15808520.0,153.62,10813370.0,199.61,1545573.0,138.41,2387895.0,185.43,3387783.0,16.97,14855710.0,89.68,6877012.0,11/18/2025,4.02,4.01,3.99,3.94,3.85,3.79,3.67,3.58,3.58,3.7,3.89,4.12,4.72,2025-11-25,61.51,-7.478033280722247e-05,0.004179110559936339,268.8005,257.1798,-0.009628203229151366,0.010050956279935791,44.71962616822429,stable,325.063,51.0,0.0
2025-11-19,268.56,40424490.0,222.69,58335640.0,292.81,68198940.0,487.12,23245310.0,590.32,24744700.0,186.52,247246400.0,119.38,6729224.0,117.35,15919240.0,151.7,7539905.0,195.52,2076823.0,134.49,2927209.0,180.33,3768455.0,16.92,16418950.0,87.98,5092856.0,11/19/2025,4.01,4.02,4.0,3.95,3.86,3.8,3.68,3.58,3.59,3.71,3.9,4.13,4.71,2025-11-26,60.27,0.004179110559936339,-0.00863863564814463,269.306,258.0152,-0.005848819130821026,0.009188036939240517,43.1796349663785,stable,325.063,51.0,0.0
2025-11-20,266.25,45823570.0,217.14,50308960.0,289.45,62025220.0,478.43,26802540.0,589.15,20603020.0,180.64,343504800.0,117.4,8855023.0,117.02,14401010.0,150.31,7623448.0,187.87,2983889.0,131.99,2155228.0,170.82,3980474.0,16.64,20519010.0,87.47,4911208.0,11/20/2025,4.04,4.02,4.02,3.94,3.86,3.79,3.65,3.55,3.56,3.68,3.87,4.1,4.68,2025-11-27,60.07,-0.00863863564814463,0.01948958925950229,269.6395,258.7396,-0.013048152129591761,0.009461863892876241,40.678733031674156,stable,325.063,51.0,0.0
2025-11-21,271.49,59030830.0,220.69,68490460.0,299.66,74137700.0,472.12,31769250.0,594.25,21052620.0,178.88,346926200.0,122.51,8401641.0,117.08,15667600.0,149.98,9248445.0,190.62,1914473.0,133.72,2324951.0,173.45,3735144.0,16.51,23644820.0,87.37,7046556.0,11/21/2025,4.03,4.01,4.0,3.9,3.84,3.75,3.62,3.51,3.5,3.62,3.82,4.06,4.67,2025-11-28,58.86,0.01948958925950229,0.016185662345448357,270.073,259.488,0.011248929116847162,0.010017087414161477,54.688700999231365,stable,325.063,51.0,0.0
2025-11-24,275.92,65585800.0,226.28,54318400.0,318.58,85165120.0,474.0,34421050.0,613.05,23554930.0,182.55,256618300.0,127.22,8985949.0,115.97,18034920.0,149.75,14181130.0,190.18,2533407.0,133.2,3034154.0,174.37,3816955.0,16.49,15104680.0,87.56,7143896.0,11/24/2025,4.03,4.0,3.99,3.91,3.83,3.76,3.61,3.46,3.49,3.61,3.8,4.04,4.64,2025-12-01,59.11,0.016185662345448357,0.003798228444435278,270.42850000000004,260.2724,0.024087889247671024,0.009401069072297322,59.97963340122202,stable,325.063,51.0,0.0
2025-11-25,276.97,46914220.0,229.67,39379340.0,323.44,88632070.0,476.99,28019790.0,636.22,25212980.0,177.82,320600300.0,125.92,14794070.0,114.51,14434560.0,148.53,11447940.0,190.0,1594435.0,134.13,1791598.0,174.1,2646088.0,16.27,17427490.0,86.62,6926710.0,11/25/2025,4.04,4.0,3.97,3.9,3.82,3.75,3.6,3.43,3.46,3.55,3.77,4.01,4.62,2025-12-02,58.25,0.003798228444435278,0.002091900063149602,270.827,261.0488,0.006248864668483289,0.009416112007204519,61.229858599145096,stable,325.063,51.0,0.0
2025-11-26,277.55,33431420.0,229.16,38497920.0,319.95,51373360.0,485.5,25709080.0,633.61,15209480.0,180.26,183852000.0,133.26,16424920.0,114.77,11650600.0,149.51,7578938.0,191.74,1253617.0,134.96,1128452.0,174.47,1759975.0,16.43,17592060.0,87.09,5066051.0,11/26/2025,4.06,4.02,4.0,3.92,3.86,3.76,3.61,3.45,3.47,3.56,3.75,4.0,4.6,2025-12-03,58.81,0.002091900063149602,0.004672905699392423,271.21950000000004,261.82,0.014919369583500819,0.009413566631695075,62.70411495754416,stable,325.063,51.0,0.0
2025-11-28,278.85,20135620.0,233.22,20292330.0,320.18,26018570.0,492.01,14386730.0,647.95,11033200.0,177.0,121332800.0,133.35,5612640.0,115.92,7240825.0,151.13,3848568.0,193.73,1020932.0,136.96,942731.0,176.76,936217.0,16.71,7110653.0,88.69,3304675.0,11/28/2025,4.05,3.97,3.99,3.88,3.86,3.74,3.61,3.47,3.49,3.59,3.78,4.02,4.62,2025-12-04,58.58,0.004672905699392423,0.01512618928229114,271.592,262.63939999999997,0.021615680527569348,0.009376718753748197,66.94970607446112,stable,325.063,51.0,0.0
2025-12-01,283.1,46587720.0,233.88,42903950.0,314.89,41182960.0,486.74,23963990.0,640.87,13029920.0,179.92,188131000.0,132.09,6720096.0,116.63,12658100.0,152.54,8208972.0,196.14,1703723.0,139.76,2064231.0,180.54,2573203.0,16.83,15099880.0,90.26,8525595.0,12/01/2025,3.98,3.93,3.92,3.81,3.82,3.75,3.62,3.54,3.55,3.67,3.86,4.09,4.71,2025-12-05,59.47,0.01512618928229114,0.010855733793081178,272.2285,263.39140000000003,0.03924231856392946,0.009775653030105842,70.15629607785314,stable,326.031,52.9,0.0
2025-12-02,286.19,53669530.0,234.42,45785360.0,315.81,35854740.0,490.0,19562720.0,647.1,11640870.0,181.46,182632200.0,135.95,6981599.0,115.38,14607700.0,150.25,9196311.0,192.7,1911660.0,137.57,2037846.0,178.53,3239117.0,16.59,14447550.0,89.29,5135408.0,12/02/2025,3.9,3.85,3.83,3.77,3.78,3.72,3.59,3.51,3.54,3.66,3.85,4.09,4.7,2025-12-08,58.81,0.010855733793081178,-0.007153658167804741,273.0855,263.99359999999996,0.07002916323936303,0.009799925749737199,67.54329698524694,stable,326.031,52.9,0.0
2025-12-03,284.15,43538690.0,232.38,35495060.0,319.63,41838320.0,477.73,34615100.0,639.6,11134310.0,179.59,165138000.0,133.63,5630736.0,117.8,16819130.0,151.59,8060175.0,189.43,2415909.0,139.85,2186601.0,177.05,3138701.0,16.71,12128910.0,91.81,5647601.0,12/03/2025,3.83,3.8,3.78,3.72,3.73,3.68,3.57,3.49,3.5,3.62,3.82,4.06,4.68,2025-12-09,59.09,-0.007153658167804741,-0.01221578437529367,273.791,264.588,0.06248130421776832,0.010061442181062776,66.98473282442737,stable,326.031,52.9,0.0
2025-12-04,280.7,43989060.0,229.11,45683220.0,317.62,31240920.0,480.84,22318160.0,661.53,29874620.0,183.38,167364900.0,138.99,6857097.0,117.14,13686900.0,152.26,7254724.0,190.15,2103003.0,139.42,2179132.0,174.95,3258927.0,16.8,11273770.0,93.12,7312422.0,12/04/2025,3.83,3.78,3.78,3.71,3.73,3.69,3.6,3.52,3.55,3.68,3.87,4.11,4.72,2025-12-10,59.82,-0.01221578437529367,-0.006863543066096575,274.319,265.1558,0.04520405123622284,0.010584723458286649,61.27436718068083,stable,326.031,52.9,0.0
2025-12-05,278.78,47265850.0,229.53,33117380.0,321.27,28851710.0,483.16,22608710.0,673.42,21207860.0,182.41,143971100.0,138.91,5001590.0,116.54,12516860.0,150.0,12659760.0,190.53,1441766.0,139.36,2346077.0,174.14,2202951.0,16.8,15588240.0,93.69,9873734.0,12/05/2025,3.82,3.78,3.77,3.71,3.73,3.68,3.61,3.56,3.59,3.72,3.9,4.14,4.75,2025-12-11,60.23,-0.006863543066096575,-0.0031975883676944017,274.7695,265.594,0.04706103286384966,0.010744583515214035,58.90909090909082,stable,326.031,52.9,0.0
2025-12-08,277.89,38211830.0,226.89,35019170.0,313.72,33909430.0,491.02,21965900.0,666.8,13160980.0,185.55,204378100.0,140.41,3915438.0,115.98,14904160.0,148.71,10237150.0,189.66,2258666.0,139.06,2525909.0,173.56,2040513.0,16.8,10331760.0,92.88,7975008.0,12/08/2025,3.82,3.79,3.78,3.73,3.73,3.69,3.61,3.57,3.59,3.75,3.94,4.17,4.78,2025-12-12,59.04,-0.0031975883676944017,-0.002558237293389336,275.2405,266.0426,0.023573612287745238,0.010698911437773252,66.45629536131273,stable,326.031,52.9,0.0
2025-12-09,277.18,32193260.0,227.92,25841740.0,317.08,30194030.0,492.02,14696080.0,656.96,12997120.0,184.97,144719700.0,138.22,3464821.0,118.25,23790820.0,148.49,8916749.0,190.73,1808620.0,139.88,1309099.0,175.32,2026224.0,16.67,11612140.0,93.43,6177238.0,12/09/2025,3.81,3.8,3.78,3.73,3.73,3.7,3.63,3.61,3.62,3.78,3.96,4.18,4.77,2025-12-15,58.4,-0.002558237293389336,0.005755825661083699,275.62800000000004,266.4976,0.00456654102638443,0.010730982398502708,65.04014823965413,stable,326.031,52.9,0.0
2025-12-10,278.78,33038320.0,231.78,38790740.0,320.21,33428920.0,478.56,35756230.0,650.13,16910880.0,183.78,162785400.0,140.63,4576003.0,119.54,19845190.0,151.41,10976300.0,191.3,2782596.0,143.81,2110475.0,176.0,2896073.0,16.45,12449000.0,96.8,10640130.0,12/10/2025,3.79,3.78,3.75,3.69,3.69,3.66,3.58,3.54,3.56,3.72,3.92,4.13,4.74,2025-12-16,58.67,0.005755825661083699,-0.0026939187642996787,275.8045,266.98060000000004,0.006535003791024119,0.009723600079761696,65.55082166768105,stable,326.031,52.9,0.0
2025-12-11,278.03,33247990.0,230.28,28249600.0,312.43,42353700.0,483.47,24669180.0,652.71,13056730.0,180.93,182136600.0,138.6,4933520.0,119.54,14781790.0,150.72,8414160.0,187.11,2603205.0,143.43,2923550.0,171.91,2910908.0,16.41,12317570.0,96.71,8225500.0,12/11/2025,3.77,3.77,3.76,3.66,3.67,3.62,3.56,3.52,3.55,3.72,3.91,4.14,4.75,2025-12-17,57.76,-0.0026939187642996787,0.000898779517999993,276.03249999999997,267.43219999999997,0.0017294181228606487,0.009613669606297398,68.8178913738019,stable,326.031,52.9,0.0
2025-12-12,278.28,39532890.0,226.19,35639120.0,309.29,35940170.0,478.53,21248100.0,644.23,14016920.0,175.02,204274900.0,129.98,9299012.0,118.82,14459540.0,149.99,5848050.0,185.77,2419273.0,141.44,1932238.0,168.3,3234749.0,16.56,13413300.0,95.54,5731331.0,12/12/2025,3.76,3.75,3.75,3.63,3.64,3.58,3.54,3.52,3.58,3.75,3.95,4.19,4.82,2025-12-18,57.61,0.000898779517999993,-0.01509831537680152,276.29900000000004,267.8552,-0.0020441097364175542,0.009592181787931628,62.90383884454575,stable,326.031,52.9,0.0
2025-12-15,274.11,50409080.0,222.54,47286090.0,308.22,29151890.0,474.82,23727690.0,647.51,15549090.0,176.29,164775600.0,130.51,5336226.0,117.76,16358670.0,149.8,7502951.0,185.51,2402750.0,141.51,2992371.0,167.9,3332574.0,16.5,11210930.0,94.36,8942104.0,12/15/2025,3.77,3.76,3.75,3.65,3.65,3.6,3.52,3.51,3.56,3.73,3.94,4.18,4.8,2025-12-19,56.97,-0.01509831537680152,0.0018224235981354902,276.384,268.177,-0.03175556340515717,0.010231508238349162,46.52591170825334,stable,326.031,52.9,0.0
2025-12-16,274.61,37648630.0,222.56,39298860.0,306.57,30585020.0,476.39,20705560.0,657.15,14309140.0,177.72,148588100.0,133.75,5365614.0,114.68,17638720.0,146.75,11290540.0,176.79,2889200.0,131.78,4971410.0,162.82,4040748.0,16.36,17915320.0,90.77,9060380.0,12/16/2025,3.76,3.77,3.73,3.64,3.64,3.6,3.51,3.48,3.52,3.69,3.9,4.15,4.77,2025-12-22,55.44,0.0018224235981354902,-0.01013825135315272,276.7415,268.5354,-0.0404626297215136,0.009242794646287031,45.372549019607796,stable,326.031,52.9,0.0
2025-12-17,271.84,50138740.0,221.27,44034420.0,296.72,43930360.0,476.12,24527180.0,649.5,15598550.0,170.94,222775500.0,127.89,6125680.0,117.41,18502150.0,149.52,8805268.0,174.5,3050877.0,131.99,4603904.0,162.91,2924264.0,16.39,14239430.0,94.96,9661331.0,12/17/2025,3.73,3.74,3.73,3.64,3.65,3.59,3.51,3.49,3.53,3.7,3.91,4.16,4.78,2025-12-23,56.07,-0.01013825135315272,0.0012866939260253387,276.9615,268.8426,-0.0433221889846912,0.009590071664041508,39.689418562657906,stable,326.031,52.9,0.0
2025-12-18,272.19,51630720.0,226.76,50272420.0,302.46,33518050.0,483.98,28573550.0,664.45,20260300.0,174.14,176096000.0,122.94,9344794.0,116.54,13705560.0,147.69,6998843.0,168.11,2888624.0,129.13,2677692.0,161.94,2548793.0,16.21,16294260.0,92.23,7336901.0,12/18/2025,3.71,3.71,3.72,3.62,3.63,3.58,3.49,3.46,3.5,3.66,3.87,4.12,4.74,2025-12-24,56.22,0.0012866939260253387,0.00542264912845835,277.14300000000003,269.1252,-0.030317064481652944,0.009558441554675456,37.54674644726993,stable,326.031,52.9,0.0
2025-12-19,273.67,144632000.0,227.35,85544370.0,307.16,59943240.0,485.92,70836110.0,658.77,49977050.0,180.99,324925900.0,126.42,9715400.0,116.69,45412810.0,147.75,21701440.0,168.32,6618083.0,128.89,4842574.0,162.71,6529895.0,16.39,22553690.0,91.94,14612770.0,12/19/2025,3.71,3.71,3.72,3.62,3.64,3.6,3.51,3.48,3.53,3.7,3.91,4.16,4.77,2025-12-25,56.8,0.00542264912845835,-0.00991488733323548,277.514,269.51779999999997,-0.01832986584403462,0.009352530548563004,30.329578639966584,stable,326.031,52.9,0.0
2025-12-22,270.97,36571830.0,228.43,32261330.0,309.78,26429940.0,484.92,16963020.0,661.5,15659390.0,183.69,129064400.0,126.61,4852725.0,118.15,11768610.0,149.8,8143618.0,164.77,1999839.0,128.99,1485806.0,163.55,2795855.0,16.3,14185000.0,93.31,4850700.0,12/22/2025,3.72,3.71,3.71,3.64,3.65,3.6,3.53,3.44,3.56,3.71,3.93,4.17,4.78,2025-12-26,58.18,-0.00991488733323548,0.005116606969895846,277.48799999999994,270.0318,-0.024901939616394864,0.008638900345712866,17.726887192536083,stable,326.031,52.9,0.0
2025-12-23,272.36,29642000.0,232.14,29230230.0,314.35,25478670.0,486.85,14683580.0,664.94,8486847.0,189.21,174873600.0,127.62,3494371.0,119.42,12567630.0,150.51,4663665.0,166.4,2380588.0,129.12,1708191.0,164.77,1971197.0,16.36,13912830.0,92.73,5671129.0,12/23/2025,3.71,3.72,3.7,3.65,3.66,3.59,3.52,3.48,3.58,3.72,3.94,4.18,4.78,2025-12-29,58.55,0.005116606969895846,0.005309714582129585,277.31,270.5258,-0.017389422036221958,0.007860417276021308,24.291321412996098,stable,326.031,52.9,0.0
2025-12-24,273.81,17910570.0,232.38,11420540.0,314.09,10097360.0,488.02,5855880.0,667.55,5627512.0,188.61,65528550.0,128.38,1755985.0,119.22,6137406.0,150.5,2227609.0,165.73,996151.0,128.41,971951.0,164.47,881585.0,16.39,9109905.0,91.8,3079183.0,12/24/2025,3.72,3.73,3.74,3.69,3.67,3.59,3.5,3.47,3.56,3.7,3.91,4.15,4.75,2025-12-30,58.72,0.005309714582129585,-0.0014985109070465431,277.152,271.0466,-0.017827677738718628,0.007912522349867846,33.54037267080744,stable,326.031,52.9,0.0
2025-12-26,273.4,21521800.0,232.52,15994730.0,313.51,10899020.0,487.71,8842175.0,663.29,7133813.0,190.53,139740300.0,129.24,2733190.0,119.11,8066129.0,150.02,3706915.0,163.69,1262312.0,127.75,1317396.0,164.01,2517814.0,16.25,10524610.0,91.54,4575613.0,12/26/2025,3.7,3.69,3.72,3.64,3.66,3.58,3.49,3.46,3.54,3.68,3.89,4.14,4.76,2025-12-31,56.6,-0.0014985109070465431,0.0013158858540342575,276.9445,271.5278,-0.016652879185699354,0.007889557436162223,36.14830072090626,stable,326.031,52.9,0.0
2025-12-29,273.76,23715210.0,232.07,19797910.0,313.56,19621780.0,487.1,10893410.0,658.69,8506477.0,188.22,120006100.0,127.46,3111973.0,120.53,14782510.0,150.99,5589133.0,163.6,1847571.0,128.59,1599692.0,165.66,2811730.0,16.27,11773700.0,92.63,5256406.0,12/29/2025,3.69,3.7,3.7,3.68,3.66,3.59,3.48,3.45,3.51,3.67,3.88,4.12,4.75,2026-01-01,57.89,0.0013158858540342575,-0.0024870175938038587,276.68999999999994,272.054,-0.016242633318959254,0.007803278105362586,39.068290100582324,stable,326.031,52.9,0.0
2025-12-30,273.08,22139620.0,232.53,21910450.0,313.85,17380890.0,487.48,13944510.0,665.95,9187483.0,187.54,97687270.0,127.92,2754523.0,120.99,11150490.0,152.31,5150514.0,163.82,1224080.0,129.56,1482782.0,164.86,2569302.0,16.54,14784580.0,94.1,4553633.0,12/30/2025,3.65,3.71,3.65,3.65,3.63,3.59,3.47,3.45,3.5,3.68,3.89,4.14,4.76,2026-01-02,57.79,-0.0024870175938038587,-0.004477564642977647,276.189,272.4698,-0.003757615555798899,0.006830106907498022,39.130434782608646,stable,326.031,52.9,0.0
2025-12-31,271.86,27293640.0,230.82,24383750.0,313.0,16377690.0,483.62,15601550.0,660.09,7940359.0,186.5,120100500.0,125.88,2925715.0,120.34,10559870.0,152.41,4953110.0,162.63,1323765.0,129.04,1339292.0,162.79,2321014.0,16.49,13490840.0,93.61,3551875.0,1/2/2026,3.72,3.71,3.66,3.65,3.62,3.58,3.47,3.47,3.55,3.74,3.95,4.19,4.81,2026-01-05,57.26,-0.004477564642977647,-0.003131507339199224,275.47249999999997,272.6622,-0.010014201959142044,0.006162487622726961,31.277056277056403,stable,326.031,52.9,0.0
2026-01-02,271.01,37838050.0,226.5,51456230.0,315.15,32009390.0,472.94,25571570.0,650.41,13726520.0,188.85,148240500.0,127.8,4959254.0,122.65,14175060.0,155.9,6862097.0,165.14,1409405.0,130.57,1777165.0,165.31,1938618.0,16.59,15249730.0,96.7,7005619.0,01/05/2026,3.71,3.68,3.64,3.64,3.61,3.57,3.47,3.46,3.53,3.71,3.92,4.17,4.79,2026-01-06,57.21,-0.003131507339199224,-0.013933753214987847,274.81550000000004,272.827,-0.0030532666274278863,0.006069911616447943,31.108719052744974,stable,326.588,56.4,0.0
2026-01-05,267.26,45647190.0,233.06,49733350.0,316.54,30195600.0,472.85,25250260.0,658.79,12213750.0,188.12,183529700.0,124.01,8471012.0,125.36,30112240.0,163.85,35094880.0,174.94,5033221.0,139.98,4819526.0,180.57,9056477.0,16.42,16082980.0,99.2,15706520.0,01/06/2026,3.7,3.7,3.61,3.63,3.58,3.56,3.48,3.47,3.54,3.72,3.93,4.18,4.8,2026-01-07,58.1,-0.013933753214987847,-0.01850436092738003,274.1435,273.0032,-0.018112347992211397,0.006226747246789855,25.04528985507254,stable,326.588,56.4,0.0
2026-01-06,262.36,52352090.0,240.93,53764680.0,314.34,31212100.0,478.51,23037670.0,660.62,11074420.0,187.24,176862600.0,123.93,6595593.0,121.05,23328640.0,156.54,20564940.0,170.42,2378701.0,136.65,2996351.0,178.27,5332954.0,16.25,14248990.0,97.11,9026863.0,01/07/2026,3.7,3.69,3.6,3.62,3.6,3.56,3.48,3.47,3.53,3.7,3.91,4.15,4.76,2026-01-08,56.97,-0.01850436092738003,-0.007767549433242862,273.3225,273.05879999999996,-0.04132714583257213,0.007138066422104467,24.243752740026366,stable,326.588,56.4,0.0
2026-01-07,260.33,48309800.0,241.56,42236530.0,321.98,35104430.0,483.47,25564200.0,648.69,12846270.0,189.11,153543200.0,120.07,10343410.0,118.49,20352950.0,155.2,13537870.0,172.51,2731070.0,137.88,4179487.0,183.86,7565724.0,16.52,17342210.0,93.94,7988439.0,01/08/2026,3.7,3.69,3.63,3.62,3.6,3.56,3.48,3.49,3.56,3.74,3.95,4.19,4.79,2026-01-09,56.01,-0.007767549433242862,-0.004967567062966796,272.4445,273.00899999999996,-0.039266339447171394,0.007216252771108962,20.665571076417464,stable,326.588,56.4,0.0
2026-01-08,259.04,50419340.0,246.29,39509840.0,325.44,31896100.0,478.11,18162620.0,646.06,11921710.0,185.04,172457000.0,118.5,11522060.0,122.91,20232720.0,159.25,12929640.0,177.07,2409260.0,144.22,2945912.0,191.32,5961729.0,16.89,18273290.0,98.72,9605230.0,01/09/2026,3.7,3.68,3.63,3.62,3.62,3.57,3.52,3.54,3.59,3.75,3.95,4.18,4.76,2026-01-12,57.74,-0.004967567062966796,0.0012731237613982068,271.5375,272.8136,-0.048905859891320236,0.007223961250846715,22.003499562554794,stable,326.588,56.4,0.0
2026-01-09,259.37,39996970.0,247.38,34559960.0,328.57,26214170.0,479.28,18491040.0,653.06,11634940.0,184.86,131327500.0,120.62,7001487.0,124.61,16137670.0,162.11,12549640.0,176.17,2589010.0,142.16,2710328.0,185.28,5472876.0,16.96,13419720.0,97.51,8940700.0,01/12/2026,3.71,3.68,3.64,3.67,3.63,3.58,3.53,3.54,3.59,3.77,3.97,4.19,4.78,2026-01-13,58.96,0.0012731237613982068,0.0033870938043550165,270.567,272.621,-0.05273729958730511,0.006991243739958382,21.935201401050776,stable,326.588,56.4,0.0
2026-01-12,260.25,45263770.0,246.47,35867770.0,331.86,33923930.0,477.18,23519900.0,641.97,14797200.0,184.94,137968500.0,120.47,5203381.0,124.03,15314900.0,162.34,9796786.0,175.54,2096302.0,138.85,2401431.0,179.62,3368490.0,17.15,13413840.0,95.5,10232880.0,01/13/2026,3.72,3.72,3.66,3.67,3.63,3.59,3.51,3.53,3.57,3.75,3.95,4.18,4.77,2026-01-14,59.39,0.0033870938043550165,0.003069252361483235,269.678,272.43199999999996,-0.04809802487198234,0.0071632233410931995,19.82913669064739,stable,326.588,56.4,0.0
2026-01-13,261.05,45730850.0,242.6,38371780.0,335.97,33517610.0,470.67,28545800.0,631.09,18030400.0,185.81,160128900.0,119.66,5641635.0,126.54,21619730.0,163.87,12068630.0,175.85,2546714.0,137.7,2794256.0,181.74,3100345.0,17.4,13712970.0,96.46,7868289.0,01/14/2026,3.72,3.71,3.66,3.67,3.65,3.58,3.5,3.51,3.56,3.72,3.92,4.15,4.73,2026-01-15,60.85,0.003069252361483235,-0.00418418683041337,268.8165,272.225,-0.04642752776154291,0.007246212865196442,25.614552605702983,stable,326.588,56.4,0.0
2026-01-14,259.96,40019420.0,236.65,41410580.0,335.84,28525570.0,459.38,28184300.0,615.52,15527880.0,183.14,159586100.0,118.69,4788293.0,130.2,27593940.0,167.24,16414920.0,181.09,2825673.0,141.39,2309162.0,186.51,3963037.0,17.5,16772520.0,100.34,13563740.0,01/15/2026,3.75,3.73,3.69,3.68,3.66,3.6,3.54,3.56,3.62,3.77,3.96,4.17,4.74,2026-01-16,61.84,-0.00418418683041337,-0.006754565696655325,268.10900000000004,272.0168,-0.04804452907572876,0.0066924756244159415,19.061876247504927,stable,326.588,56.4,0.0
2026-01-15,258.21,39388560.0,238.18,43003570.0,332.78,28442410.0,456.66,23225840.0,620.8,13076060.0,187.05,206188600.0,119.66,6834002.0,129.13,17400040.0,166.16,8097405.0,177.59,2004504.0,140.01,2004993.0,184.58,2172178.0,17.46,11837730.0,98.93,7461373.0,01/16/2026,3.75,3.72,3.68,3.67,3.66,3.6,3.55,3.59,3.67,3.82,4.02,4.24,4.79,2026-01-19,59.13,-0.006754565696655325,-0.010433387748804377,267.28900000000004,271.8,-0.05020966674023408,0.006665545937262098,11.651917404129804,stable,326.588,56.4,0.0
2026-01-16,255.53,72142770.0,239.12,45888280.0,330.0,40341640.0,459.86,34246650.0,620.25,17012520.0,186.23,187967200.0,120.53,9023326.0,129.89,16592350.0,166.26,9745753.0,175.63,1627498.0,138.28,2438204.0,183.46,2374371.0,17.35,14752510.0,98.19,8939244.0,01/20/2026,3.75,3.71,3.69,3.7,3.65,3.61,3.53,3.6,3.68,3.86,4.08,4.3,4.87,2026-01-20,59.4,-0.010433387748804377,-0.03516679604537734,266.4735,271.5098,-0.05711966348105235,0.0066823027181452934,10.482087571870878,stable,326.588,56.4,0.0
2026-01-20,246.7,80267520.0,231.0,47737850.0,322.0,35361050.0,454.52,26129990.0,604.12,15169570.0,178.07,223345300.0,111.07,11625650.0,130.46,16477280.0,165.3,11142530.0,174.88,1302261.0,138.47,2128095.0,184.73,2689758.0,17.44,16969130.0,95.52,10796660.0,01/21/2026,3.75,3.71,3.7,3.7,3.67,3.62,3.53,3.6,3.66,3.83,4.04,4.26,4.82,2026-01-21,60.3,-0.03516679604537734,0.003843435498935823,265.19899999999996,271.041,-0.07692883334580558,0.009710178068864853,6.467181467181433,stable,326.588,56.4,0.0
2026-01-21,247.65,54641730.0,231.31,47276090.0,328.38,35386600.0,444.11,37980510.0,612.96,14494660.0,183.32,200381000.0,113.26,9162264.0,133.61,18879890.0,166.73,10918540.0,177.48,2389130.0,141.64,2549432.0,188.19,3130279.0,17.65,18630320.0,97.15,10599080.0,01/22/2026,3.79,3.71,3.72,3.71,3.67,3.61,3.53,3.61,3.68,3.85,4.05,4.26,4.79,2026-01-22,60.38,0.003843435498935823,0.002822582519112694,263.898,270.59860000000003,-0.056067998170452826,0.009627749903353895,9.441786283891588,stable,326.588,56.4,0.0
2026-01-22,248.35,39708340.0,234.34,31913330.0,330.54,26253640.0,451.14,25349380.0,647.63,21394670.0,184.84,139636600.0,117.17,8372247.0,133.64,16600130.0,166.66,8957383.0,175.76,1877473.0,141.93,2545989.0,186.89,2951476.0,18.11,24340760.0,96.88,7771193.0,01/23/2026,3.78,3.71,3.72,3.7,3.67,3.61,3.53,3.6,3.67,3.84,4.03,4.24,4.78,2026-01-23,59.24,0.002822582519112694,-0.0012490180716823703,262.767,270.1962,-0.04601851496177922,0.009706165367732937,11.871553681479057,stable,326.588,56.4,0.0
2026-01-23,248.04,41688980.0,239.16,33778480.0,327.93,27279970.0,465.95,38000160.0,658.76,22797720.0,187.67,142748100.0,115.43,6342803.0,134.97,17758210.0,166.72,8368686.0,175.38,1635143.0,141.54,2046792.0,187.09,2846647.0,17.99,19807350.0,98.35,6972751.0,01/26/2026,3.77,3.71,3.7,3.67,3.67,3.62,3.52,3.56,3.66,3.82,4.02,4.22,4.75,2026-01-26,60.7,-0.0012490180716823703,0.029280073618068572,261.551,269.7684,-0.04246448424953686,0.009480864478973604,12.083195774182883,stable,326.588,56.4,0.0
2026-01-26,255.41,55969230.0,238.42,32825530.0,333.26,26042120.0,470.28,29291240.0,672.36,16327380.0,186.47,124799600.0,115.93,6309421.0,134.84,16056070.0,167.5,8912601.0,172.54,1610858.0,140.39,1341659.0,183.28,3370914.0,17.96,14899470.0,98.45,7278227.0,01/27/2026,3.77,3.72,3.7,3.67,3.66,3.61,3.5,3.53,3.65,3.81,4.03,4.24,4.79,2026-01-27,60.46,0.029280073618068572,0.011135452238227017,260.631,269.3716,-0.015267764197864131,0.011992225108234096,32.52727808905928,stable,326.588,56.4,0.0
2026-01-27,258.27,49648270.0,244.68,38029220.0,334.55,21636160.0,480.58,29213920.0,672.97,13297350.0,188.52,143711600.0,114.66,5058330.0,136.83,14517030.0,169.05,9784855.0,171.79,2452638.0,140.01,1626204.0,182.91,2359774.0,17.95,13928700.0,99.87,7276868.0,01/28/2026,3.76,3.72,3.71,3.68,3.7,3.63,3.52,3.56,3.66,3.83,4.05,4.26,4.81,2026-01-28,62.04,0.011135452238227017,-0.007110830218916325,259.8745,269.06759999999997,-0.007608069164265152,0.012426870369935868,43.58330718544081,stable,326.588,56.4,0.0
2026-01-28,256.44,41287970.0,243.01,40882660.0,336.01,27434430.0,481.63,36875400.0,668.73,25709600.0,191.52,148552700.0,117.32,5300447.0,137.58,15637280.0,169.93,9200244.0,172.01,1691272.0,142.08,1676528.0,184.02,2756661.0,18.24,14071370.0,101.39,6817438.0,01/29/2026,3.72,3.73,3.75,3.67,3.69,3.62,3.5,3.53,3.63,3.8,4.01,4.24,4.8,2026-01-29,62.75,-0.007110830218916325,0.007149548639209559,259.0085,268.7374,-0.017659452212219984,0.012421168899356967,43.85854120618884,stable,326.588,56.4,0.0
2026-01-29,258.28,67253010.0,241.73,47229640.0,338.25,39785610.0,433.5,128855300.0,738.31,59852900.0,192.51,171764400.0,118.49,6246442.0,140.51,35760620.0,171.19,16786610.0,175.74,2826228.0,144.08,2291065.0,182.49,6555785.0,18.53,17286580.0,102.8,14466870.0,01/30/2026,3.72,3.73,3.75,3.67,3.69,3.61,3.48,3.52,3.6,3.79,4.01,4.26,4.82,2026-01-30,64.77,0.007149548639209559,0.004635360586588554,258.2685,268.4548,-0.006462532697338097,0.012638064292447838,48.820608317814944,stable,326.588,56.4,0.0
2026-01-30,259.48,92443410.0,239.3,46585020.0,338.0,31023950.0,430.29,58566820.0,716.5,23744570.0,191.13,179489500.0,114.44,10734700.0,141.4,29657670.0,176.9,22946580.0,176.19,2098525.0,143.56,1869832.0,181.43,3295531.0,18.45,13628120.0,104.23,9169003.0,02/02/2026,3.72,3.72,3.74,3.69,3.7,3.62,3.49,3.57,3.64,3.83,4.05,4.29,4.85,2026-02-02,64.5,0.004635360586588554,0.03977936700470298,257.6495,268.2952,0.004918477208473826,0.012737751850890712,50.16621335750985,stable,326.588,56.4,0.0
2026-02-02,270.01,73913430.0,242.96,37546100.0,343.69,32006050.0,423.37,42219860.0,706.41,14365220.0,185.61,165794100.0,119.16,8019704.0,138.4,27735570.0,174.03,14235350.0,176.91,3026999.0,142.24,2607096.0,180.22,2781348.0,18.14,17902470.0,101.79,7514047.0,02/03/2026,3.72,3.72,3.74,3.69,3.7,3.62,3.49,3.57,3.64,3.83,4.04,4.28,4.85,2026-02-03,61.6,0.03977936700470298,-0.0019648192570985205,257.5995,268.3466,0.056666536218839214,0.01583347212502123,61.41787552643891,stable,327.46,56.6,0.0
2026-02-03,269.48,64394660.0,238.62,53831300.0,339.71,36506710.0,411.21,61424120.0,691.7,13760660.0,180.34,204019600.0,117.15,8764644.0,143.73,37577840.0,178.04,18425420.0,187.58,5254912.0,148.09,4261516.0,192.27,5522905.0,18.41,22340780.0,104.91,9346556.0,02/04/2026,3.72,3.72,3.74,3.69,3.7,3.62,3.49,3.57,3.64,3.83,4.05,4.29,4.86,2026-02-04,62.62,-0.0019648192570985205,0.025680477850631312,257.7105,268.365,0.09233887312525346,0.015509336414246217,59.92465269602073,stable,327.46,56.6,0.0
2026-02-04,276.49,90545710.0,232.99,51299950.0,333.04,70618400.0,414.19,45012370.0,668.99,16882760.0,174.19,207014100.0,122.04,10914510.0,147.59,29426240.0,181.23,16170480.0,195.92,4157883.0,154.69,4674396.0,197.41,4467440.0,18.37,18437460.0,107.59,10367080.0,02/05/2026,3.72,3.71,3.74,3.67,3.68,3.58,3.44,3.47,3.55,3.74,3.97,4.21,4.79,2026-02-05,64.56,0.025680477850631312,-0.002099928360374465,258.41700000000003,268.5698,0.11645467393498898,0.015816648047414106,67.07997520148797,stable,327.46,56.6,0.0
2026-02-05,275.91,52977440.0,222.69,103509200.0,331.25,88205850.0,393.67,66289250.0,670.21,17131790.0,171.88,206312900.0,115.39,9298445.0,146.08,18431740.0,179.23,10474140.0,195.83,1900662.0,154.43,2501431.0,194.14,2376744.0,18.19,14416310.0,104.98,10441020.0,02/06/2026,3.72,3.72,3.74,3.68,3.7,3.59,3.45,3.5,3.57,3.76,3.98,4.22,4.8,2026-02-06,62.9,-0.002099928360374465,0.007977949648101178,259.196,268.6582,0.1109724179585263,0.015670788891833883,68.74205844980949,stable,327.46,56.6,0.0
2026-02-06,278.12,50453410.0,210.32,179210900.0,322.86,56380480.0,401.14,53515310.0,661.46,18159250.0,185.41,231346200.0,121.05,7918021.0,149.05,17216030.0,180.86,9901816.0,203.0,2316012.0,157.8,2414620.0,202.68,2871170.0,17.94,18115820.0,107.62,6756124.0,02/09/2026,3.72,3.72,3.73,3.69,3.7,3.59,3.43,3.48,3.56,3.75,3.97,4.22,4.79,2026-02-09,63.77,0.007977949648101178,-0.012664351337211381,260.15,268.7022,0.12127076278019677,0.0155956220517111,74.16042780748668,stable,327.46,56.6,0.0
2026-02-09,274.62,44623400.0,208.72,91178440.0,324.32,39640060.0,413.6,45480530.0,677.22,14837530.0,190.04,196387400.0,120.91,5016813.0,151.21,21297300.0,182.6,12021290.0,204.26,2004808.0,157.5,2118541.0,201.38,1948958.0,18.05,12009720.0,108.7,6337762.0,02/10/2026,3.72,3.72,3.74,3.69,3.69,3.58,3.4,3.45,3.5,3.7,3.92,4.16,4.73,2026-02-10,64.53,-0.012664351337211381,-0.0034287832242565278,260.9125,268.6552,0.07521240358639059,0.01600879906124017,83.703524867214,stable,327.46,56.6,0.0
2026-02-10,273.68,34376900.0,206.96,67175030.0,318.58,39170010.0,413.27,44857850.0,670.72,10455820.0,188.54,136764800.0,126.01,6194076.0,151.59,15800260.0,182.26,7458163.0,204.15,1814674.0,157.31,1536992.0,199.5,2033914.0,18.11,10991700.0,107.5,5255320.0,02/11/2026,3.71,3.71,3.73,3.7,3.7,3.6,3.47,3.52,3.55,3.75,3.96,4.18,4.76,2026-02-11,64.2,-0.0034287832242565278,0.006628087923619858,261.584,268.57779999999997,0.059666240755798405,0.01606934576659534,81.42960637527176,stable,327.46,56.6,0.0
2026-02-11,275.5,51931280.0,204.08,65545460.0,310.96,45406410.0,404.37,42491010.0,668.69,14323820.0,190.05,144192700.0,124.16,5431215.0,155.56,23091490.0,185.82,10502120.0,208.64,1629160.0,161.5,2048391.0,203.92,2918230.0,18.21,14256610.0,111.21,8984747.0,02/12/2026,3.72,3.71,3.74,3.7,3.7,3.58,3.45,3.47,3.49,3.67,3.87,4.09,4.68,2026-02-12,64.8,0.006628087923619858,-0.05127419054863344,262.3065,268.51079999999996,0.0743253782561224,0.01609547931689434,81.91864566188582,stable,327.46,56.6,0.0
2026-02-12,261.73,81077230.0,199.6,83975390.0,309.0,47761290.0,401.84,40802360.0,649.81,14960110.0,186.94,189932500.0,112.82,11756650.0,149.93,30652470.0,182.4,9673715.0,198.02,1917441.0,156.26,2275184.0,196.91,3189466.0,18.26,17938270.0,110.83,12517720.0,02/13/2026,3.72,3.71,3.73,3.68,3.7,3.59,3.42,3.4,3.43,3.61,3.81,4.04,4.64,2026-02-13,63.08,-0.05127419054863344,-0.022995738039161814,262.395,268.0834,0.013357596407000294,0.020100519701267045,62.22539739239155,disruption,327.46,56.6,1.0
2026-02-13,255.78,56290670.0,198.79,66321590.0,305.72,38499700.0,401.32,34091550.0,639.77,12336360.0,182.81,161888000.0,117.49,10480400.0,148.45,20166030.0,183.74,9034683.0,203.26,1592788.0,159.77,1806093.0,200.17,2170723.0,18.75,27421290.0,111.43,6836436.0,02/17/2026,3.72,3.75,3.73,3.69,3.7,3.59,3.48,3.43,3.47,3.63,3.82,4.05,4.63,2026-02-16,63.05,-0.022995738039161814,0.03117675434949605,262.27349999999996,267.47520000000003,-0.014259287806382082,0.020720697375385354,50.33901411031703,disruption,327.46,56.6,0.0
2026-02-17,263.88,58469090.0,201.15,69879200.0,302.02,39247560.0,396.86,32078790.0,639.29,12674740.0,184.97,162276900.0,116.09,5303651.0,146.19,19766570.0,180.55,9849048.0,200.54,2222289.0,158.16,4098397.0,197.34,2203840.0,18.61,19509970.0,108.78,7619442.0,02/18/2026,3.71,3.74,3.73,3.7,3.7,3.6,3.49,3.47,3.5,3.66,3.86,4.09,4.65,2026-02-17,62.53,0.03117675434949605,0.0017795283267892476,262.691,267.0698,-0.02270286285693124,0.021732231012268212,54.68985119545228,disruption,327.46,56.6,0.0
2026-02-18,264.35,34203340.0,204.79,51003300.0,303.33,28482080.0,399.6,23223420.0,643.22,14649200.0,187.98,164749100.0,116.78,5783427.0,150.68,19849670.0,183.87,10313430.0,199.57,1561629.0,157.4,2608623.0,199.46,2052493.0,18.86,21296630.0,110.52,9456225.0,02/19/2026,3.72,3.74,3.75,3.69,3.7,3.6,3.5,3.47,3.5,3.65,3.85,4.08,4.64,2026-02-18,65.33,0.0017795283267892476,-0.014364066906673809,263.5735,266.7428,-0.019036663203206183,0.019937955745309467,56.766467065868284,disruption,327.46,56.6,0.0
2026-02-19,260.58,30845290.0,204.86,35669610.0,302.85,25834400.0,398.46,28234000.0,644.78,10035700.0,187.9,126554500.0,119.06,7042264.0,150.97,20305030.0,184.78,10773340.0,196.47,2013361.0,155.41,2301713.0,199.24,2187636.0,18.9,19064250.0,111.59,8851738.0,02/20/2026,3.72,3.73,3.74,3.69,3.71,3.61,3.51,3.48,3.5,3.65,3.85,4.08,4.66,2026-02-19,66.66,-0.014364066906673809,0.015233747259448463,264.21999999999997,266.3788,-0.05754276827371707,0.020331093453387582,51.904604173567414,disruption,327.46,56.6,0.0
2026-02-20,264.58,42070500.0,210.11,65881610.0,314.98,53210820.0,397.23,34015250.0,655.66,14183510.0,189.82,178422300.0,122.27,7763458.0,147.28,25908580.0,183.93,9566208.0,196.76,1714061.0,155.75,2604329.0,200.76,1979139.0,18.98,11115230.0,110.53,6822988.0,02/23/2026,3.72,3.74,3.74,3.69,3.7,3.62,3.5,3.43,3.45,3.59,3.79,4.03,4.63,2026-02-20,66.69,0.015233747259448463,0.006029108624176231,265.0315,266.11260000000004,-0.041064115109999744,0.020528474940911475,54.03608736942068,disruption,327.46,56.6,0.0
2026-02-23,266.18,37308160.0,205.27,53581510.0,311.49,31422970.0,384.47,43238270.0,637.25,8605909.0,191.55,171584800.0,119.14,6962259.0,150.76,16073090.0,184.91,7047219.0,192.82,2214175.0,154.85,2905001.0,197.39,2016567.0,18.82,17671620.0,109.88,4872200.0,02/24/2026,3.72,3.75,3.73,3.69,3.7,3.62,3.52,3.43,3.47,3.61,3.81,4.04,4.63,2026-02-23,66.36,0.006029108624176231,0.02214386810430231,265.93850000000003,265.89259999999996,-0.04293110887386742,0.020510607046989815,46.47004608294933,disruption,327.46,56.6,0.0
2026-02-24,272.14,47014620.0,208.56,41137160.0,310.9,25615650.0,389.0,33884650.0,639.3,10135650.0,192.85,175123600.0,119.78,4937680.0,149.26,14185460.0,185.34,7451798.0,195.29,1938304.0,154.36,1712099.0,199.33,1896747.0,18.8,12475090.0,110.59,5152249.0,02/25/2026,3.71,3.74,3.73,3.69,3.68,3.62,3.53,3.45,3.49,3.61,3.82,4.05,4.63,2026-02-24,65.62,0.02214386810430231,0.007650530571124887,266.775,265.7598,-0.009030660549122493,0.02009695740134833,52.22855227882035,disruption,327.46,56.6,0.0
2026-02-25,274.23,33714340.0,210.64,41346380.0,312.9,29963620.0,400.6,43625480.0,653.69,11330690.0,195.56,250637100.0,123.48,8220005.0,149.06,15225750.0,184.22,9440721.0,195.77,1886423.0,151.91,2856661.0,199.64,2260935.0,18.59,9926908.0,110.01,6907312.0,02/26/2026,3.74,3.74,3.75,3.68,3.68,3.61,3.52,3.42,3.46,3.57,3.78,4.02,4.6,2026-02-25,65.3,0.007650530571124887,-0.004678542106070572,267.573,265.6838,0.002009646302250756,0.020039306046501996,47.936449963476996,disruption,327.46,56.6,0.0
2026-02-26,272.95,32345110.0,207.92,47756770.0,307.38,36431230.0,401.72,34405870.0,657.01,10637740.0,184.89,360807900.0,121.45,14418100.0,148.54,15632100.0,184.16,7133769.0,201.07,2021416.0,152.46,2476283.0,203.79,2343372.0,18.69,9721286.0,110.7,7205841.0,02/27/2026,3.74,3.73,3.73,3.67,3.67,3.6,3.48,3.38,3.39,3.51,3.72,3.97,4.57,2026-02-26,65.1,-0.004678542106070572,-0.03265793923204912,268.3985,265.5772,-0.00925589836660623,0.01998202693007073,47.331410025243386,disruption,327.46,56.6,0.0
2026-02-27,264.18,72366510.0,210.0,57422780.0,311.76,44640640.0,392.74,51367200.0,648.18,15703040.0,177.19,311636500.0,148.08,33475580.0,152.5,30275130.0,186.76,12035510.0,198.21,4760546.0,154.33,4251372.0,204.64,2993523.0,18.84,10326470.0,113.46,9009879.0,03/02/2026,3.74,3.74,3.74,3.72,3.68,3.68,3.54,3.47,3.49,3.62,3.82,4.05,4.64,2026-02-27,66.96,-0.03265793923204912,0.002041974617639438,268.6935,265.37859999999995,0.009360791655522727,0.02148550824584681,38.761689777491156,disruption,327.46,56.6,0.0
2026-03-02,264.72,41827950.0,208.39,46001010.0,306.52,34790200.0,398.55,35474910.0,653.56,9816125.0,182.48,209095300.0,153.55,12554160.0,154.22,31493080.0,189.6,15809120.0,209.82,3771754.0,160.18,2939487.0,214.91,5489283.0,19.1,17169160.0,118.24,19667900.0,03/03/2026,3.75,3.75,3.74,3.71,3.67,3.68,3.55,3.51,3.5,3.63,3.83,4.06,4.65,2026-03-02,71.13,0.002041974617639438,-0.0036709788230805565,268.95550000000003,265.18080000000003,0.03495191179920254,0.021471055875648844,41.618692854724046,disruption,330.293,53.3,0.0
2026-03-03,263.75,38568920.0,208.73,43184920.0,303.58,35496960.0,403.93,38199210.0,655.08,12263750.0,180.05,178099400.0,145.18,15258240.0,151.83,25198870.0,188.77,14004160.0,211.98,2759358.0,159.78,2919711.0,217.71,5393748.0,18.86,17409570.0,118.52,17354690.0,03/04/2026,3.75,3.75,3.75,3.71,3.68,3.68,3.58,3.54,3.55,3.67,3.87,4.09,4.67,2026-03-03,74.48,-0.0036709788230805565,-0.004674415184754272,268.64250000000004,265.019,-0.0004926481734121024,0.019443129507878756,41.59756303943139,disruption,330.293,53.3,0.0
2026-03-04,262.52,39803120.0,216.82,54731100.0,303.13,29536190.0,405.2,35807990.0,667.73,10810050.0,183.04,177731200.0,147.1,8505495.0,149.82,16764760.0,186.03,11054380.0,220.77,3440376.0,164.72,2823384.0,225.6,4221400.0,18.76,10778290.0,115.65,10160640.0,03/05/2026,3.75,3.74,3.72,3.7,3.68,3.68,3.59,3.57,3.59,3.72,3.92,4.13,4.71,2026-03-04,74.58,-0.004674415184754272,-0.008530875553872642,268.2945,264.8256,-0.0069226404388123,0.019458372545037732,38.905982905982924,disruption,330.293,53.3,0.0
2026-03-05,260.29,49658630.0,218.94,60943450.0,300.88,35752320.0,410.68,39001320.0,660.57,13341370.0,183.34,198779700.0,146.52,7032450.0,150.76,22969270.0,189.9,13567160.0,217.36,3731696.0,166.44,4350130.0,228.03,6142430.0,18.67,18849960.0,116.82,9881261.0,03/06/2026,3.75,3.74,3.72,3.69,3.67,3.66,3.55,3.56,3.59,3.72,3.93,4.15,4.74,2026-03-05,80.88,-0.008530875553872642,-0.010932025820161116,267.48449999999997,264.558,-0.0011129019878730606,0.018437925033653452,48.46678023850087,disruption,330.293,53.3,0.0
2026-03-06,257.46,41120040.0,213.21,51152720.0,298.52,25576920.0,408.96,31123860.0,644.86,13159360.0,177.82,189021900.0,146.48,7100433.0,151.21,21136430.0,189.94,13073120.0,221.28,3399056.0,165.96,3481513.0,224.63,4337267.0,18.74,15995230.0,117.07,11554610.0,03/09/2026,3.75,3.73,3.72,3.71,3.68,3.68,3.56,3.56,3.58,3.71,3.9,4.12,4.7,2026-03-06,90.77,-0.010932025820161116,0.009355617780841848,266.562,264.2878,-0.026910575251341773,0.01852034022073188,51.91605839416055,disruption,330.293,53.3,0.0
2026-03-09,259.88,38218530.0,213.49,54642930.0,306.36,29312150.0,409.41,30131850.0,647.39,13489740.0,182.65,177213600.0,146.51,7400609.0,150.44,25532660.0,189.44,15987490.0,215.7,4136742.0,163.0,4719134.0,215.95,6476277.0,18.59,15589700.0,117.03,13694740.0,03/10/2026,3.75,3.74,3.71,3.71,3.69,3.68,3.56,3.57,3.58,3.73,3.93,4.15,4.74,2026-03-09,94.65,0.009355617780841848,0.0036488680994934642,265.65,264.0382,-0.02366819445488022,0.01856762452754047,44.758909853249506,disruption,330.293,53.3,0.0
2026-03-10,260.83,30590770.0,214.33,35678830.0,307.04,23239680.0,405.76,31706380.0,654.07,9859250.0,184.77,179118500.0,143.8,7518682.0,148.13,19617590.0,186.29,11999550.0,215.23,2189715.0,162.5,3616432.0,217.02,3952895.0,18.3,14930640.0,114.15,13917880.0,03/11/2026,3.75,3.73,3.7,3.71,3.69,3.68,3.6,3.64,3.64,3.79,3.98,4.21,4.82,2026-03-10,83.71,0.0036488680994934642,-7.668123613900738e-05,264.9605,263.7786,-0.041559491438230345,0.01849702148559784,45.44513457556933,disruption,330.293,53.3,0.0
2026-03-11,260.81,26218930.0,212.65,34199300.0,308.7,24125710.0,404.88,25512140.0,654.86,8977162.0,186.03,145280400.0,147.37,5405664.0,151.58,15297410.0,191.79,11371740.0,226.74,2223300.0,169.5,3784895.0,231.05,3765533.0,18.75,10301530.0,117.03,9528436.0,03/12/2026,3.76,3.74,3.72,3.72,3.69,3.7,3.66,3.76,3.75,3.88,4.06,4.27,4.86,2026-03-11,86.8,-7.668123613900738e-05,-0.019552668124098685,264.317,263.5268,-0.04893702366626562,0.01850407298104509,50.32960733734596,disruption,330.293,53.3,0.0
2026-03-12,255.76,40794020.0,209.53,44349500.0,303.55,24928350.0,401.86,27263890.0,638.18,11617490.0,183.14,155762700.0,149.91,7340868.0,153.53,26053970.0,196.97,27151830.0,230.07,4233167.0,174.09,6527694.0,235.81,4989950.0,18.56,14609540.0,120.26,12766370.0,03/13/2026,3.75,3.74,3.71,3.72,3.69,3.7,3.66,3.73,3.74,3.87,4.07,4.28,4.89,2026-03-12,95.61,-0.019552668124098685,-0.022298702052488843,263.33,263.1668,-0.06297856750320574,0.018755506548869084,37.729549248747965,disruption,330.293,53.3,0.0
2026-03-13,250.12,36929990.0,207.67,35662140.0,302.28,23693090.0,395.55,26848000.0,613.71,18957640.0,180.25,160988400.0,151.62,6441089.0,156.12,22414090.0,196.82,13016950.0,226.18,2613173.0,172.74,3607149.0,230.59,4087991.0,18.75,16727410.0,121.89,10884490.0,03/16/2026,3.75,3.73,3.72,3.72,3.69,3.72,3.64,3.68,3.69,3.8,4.0,4.23,4.83,2026-03-13,98.48,-0.022298702052488843,0.010736970368314249,262.7495,262.7076,-0.053221288515406195,0.015770140611169232,29.91495747873941,stable,330.293,53.3,0.0
2026-03-16,252.82,32074210.0,211.74,42209320.0,305.56,23519710.0,399.95,27733720.0,627.45,15134850.0,183.22,217307400.0,156.54,7923360.0,157.23,22835630.0,196.84,12683920.0,228.94,2739893.0,173.48,3140642.0,232.57,2648708.0,18.74,13539490.0,121.32,7556780.0,03/17/2026,3.74,3.72,3.72,3.72,3.69,3.71,3.63,3.68,3.68,3.79,3.98,4.2,4.81,2026-03-16,93.39,0.010736970368314249,0.00556159603365261,262.60150000000004,262.3268,-0.04495315805379285,0.01523135155682103,23.692810457516416,stable,330.293,53.3,0.0
2026-03-17,254.23,32361610.0,215.2,44969940.0,310.92,21955170.0,399.41,26228280.0,622.66,10348760.0,181.93,182497800.0,153.01,6675798.0,158.81,21592170.0,197.97,14018580.0,233.26,2007991.0,172.71,3685490.0,235.96,2500782.0,18.79,22591770.0,122.87,7953143.0,03/18/2026,3.73,3.72,3.72,3.73,3.71,3.74,3.68,3.76,3.76,3.87,4.05,4.26,4.84,2026-03-17,96.01,0.00556159603365261,-0.017018480043426643,262.119,261.9912,-0.036094786729857886,0.013385392665667269,22.25305216426193,stable,330.293,53.3,0.0
2026-03-18,249.94,35757870.0,209.87,37846640.0,307.69,20009820.0,391.79,25908480.0,615.68,11726300.0,180.4,156683100.0,149.21,5460722.0,157.59,18947140.0,198.61,13305000.0,236.24,3006527.0,172.74,4505826.0,238.46,3527511.0,18.66,10599130.0,123.65,10273030.0,03/19/2026,3.73,3.71,3.72,3.73,3.71,3.76,3.73,3.79,3.79,3.88,4.06,4.25,4.82,2026-03-18,96.12,-0.017018480043426643,-0.003928648067610788,261.3985,261.6448,-0.04792015846411701,0.01377061620952988,20.53777208706788,stable,330.293,53.3,0.0
2026-03-19,248.96,34864080.0,208.76,36440620.0,307.13,25075830.0,389.02,25138770.0,606.7,13247700.0,178.56,170968500.0,156.76,7715340.0,158.16,27082730.0,201.44,16918430.0,235.78,4218919.0,178.34,5247863.0,242.07,4205508.0,18.96,17580230.0,126.02,11205370.0,03/20/2026,3.73,3.71,3.72,3.74,3.73,3.79,3.8,3.88,3.9,4.01,4.2,4.39,4.97,2026-03-19,96.11,-0.003928648067610788,-0.003903818218666852,260.8175,261.3768,-0.0435283722002382,0.013504627384626667,25.655790147152928,stable,330.293,53.3,0.0
2026-03-20,247.99,88331080.0,205.37,63694600.0,301.0,44364080.0,381.87,50853150.0,593.66,21214900.0,172.7,241323500.0,157.67,23135870.0,159.67,53942140.0,201.73,35849470.0,232.53,6344065.0,175.47,6069209.0,239.86,19803130.0,19.01,17417210.0,126.92,31963980.0,03/23/2026,3.73,3.71,3.72,3.74,3.72,3.77,3.76,3.83,3.85,3.95,4.15,4.34,4.93,2026-03-20,98.71,-0.003903818218666852,0.014014804546515736,259.988,261.13,-0.03678241280198857,0.012860964095476293,23.60366046071313,stable,330.293,53.3,0.0
2026-03-23,251.49,40546110.0,210.14,44277360.0,302.06,29326950.0,383.0,29680060.0,604.06,13637960.0,175.64,182836300.0,164.59,10721330.0,161.13,25021290.0,205.21,15735740.0,232.53,2894701.0,176.76,3061111.0,237.39,3904510.0,19.06,14713520.0,127.19,10584040.0,03/24/2026,3.74,3.72,3.72,3.74,3.73,3.78,3.81,3.9,3.93,4.03,4.21,4.39,4.95,2026-03-23,89.33,0.014014804546515736,0.0005962673839531824,259.2535,260.97900000000004,-0.03228413113744799,0.013280914573683168,32.0864991233197,stable,330.293,53.3,0.0
2026-03-24,251.64,45152290.0,207.24,35351430.0,290.44,36864280.0,372.74,42733630.0,592.92,10739740.0,175.2,147667800.0,176.91,15886500.0,165.38,26131820.0,206.79,16695530.0,243.91,3513209.0,184.12,4235516.0,241.75,3678286.0,19.21,11733790.0,129.35,10439710.0,03/25/2026,3.73,3.72,3.72,3.73,3.72,3.76,3.77,3.84,3.88,3.96,4.15,4.33,4.9,2026-03-24,93.18,0.0005962673839531824,0.003886888644000395,258.22850000000005,260.8244,-0.03523367710769465,0.011955478999925604,33.584791792395876,stable,330.293,53.3,0.0
2026-03-25,252.62,28476670.0,211.71,36388790.0,290.93,29460670.0,371.04,31181160.0,594.89,12585030.0,178.68,162602100.0,184.01,11330770.0,163.26,17192330.0,205.15,8865023.0,241.25,2259908.0,181.29,2658212.0,234.54,4480863.0,19.14,11485130.0,128.93,7495794.0,03/26/2026,3.74,3.73,3.73,3.73,3.73,3.77,3.83,3.96,4.0,4.08,4.25,4.42,4.96,2026-03-25,91.51,0.003886888644000395,0.001068228227631363,257.148,260.6718,-0.03140217016218705,0.011792346649288122,37.97428661022261,stable,330.293,53.3,0.0
2026-03-26,252.89,41796650.0,207.54,46745980.0,280.92,39080580.0,365.97,36836570.0,547.54,35780130.0,171.24,186152200.0,175.82,11061280.0,165.43,18625250.0,207.79,11085590.0,248.31,2038258.0,184.01,3276081.0,248.14,4151069.0,19.44,10434230.0,133.25,8168016.0,03/27/2026,3.74,3.73,3.72,3.73,3.72,3.75,3.77,3.88,3.94,4.06,4.25,4.44,4.99,2026-03-26,96.18,0.001068228227631363,-0.01630525070843628,256.145,260.5086,-0.011221457616515496,0.011847496694172495,42.20934197067847,stable,330.293,53.3,0.0
2026-03-27,248.8,47900000.0,199.34,56009760.0,274.34,35890610.0,356.77,37883400.0,525.72,30133010.0,167.52,196212700.0,171.81,8011470.0,170.99,30338310.0,211.15,13907760.0,251.91,2449748.0,188.28,3568429.0,254.32,4529957.0,19.67,17016670.0,133.8,9182906.0,03/30/2026,3.74,3.72,3.71,3.71,3.71,3.73,3.71,3.82,3.85,3.97,4.16,4.35,4.92,2026-03-27,101.26,-0.01630525070843628,-0.008760123032872675,255.37599999999998,260.2854,-0.005277466815928333,0.010202364805701676,32.129032258064484,stable,330.293,53.3,0.0
2026-03-30,246.63,39446210.0,200.95,46373800.0,273.5,35141240.0,358.96,44797000.0,536.38,22795200.0,165.17,185627000.0,164.66,10135270.0,171.47,29813500.0,210.71,10409050.0,245.16,2631201.0,184.81,2805294.0,250.27,4123829.0,19.59,16221810.0,132.89,8913896.0,03/31/2026,3.74,3.73,3.72,3.7,3.7,3.72,3.68,3.79,3.81,3.92,4.11,4.3,4.88,2026-03-30,104.69,-0.008760123032872675,0.028617915568660734,254.47149999999996,260.0538,-0.024483822482398554,0.010207376378476423,27.963997517070098,stable,330.293,53.3,0.0
2026-03-31,253.79,49598090.0,208.27,58470080.0,287.56,43875400.0,370.17,45244370.0,572.13,32898270.0,174.4,226181300.0,164.13,13713720.0,169.66,32006720.0,206.9,17403890.0,244.18,3033808.0,182.18,4551745.0,247.08,3743951.0,19.3,19321100.0,132.0,13519320.0,04/01/2026,3.74,3.72,3.71,3.7,3.7,3.72,3.68,3.81,3.84,3.97,4.15,4.33,4.91,2026-03-31,102.86,0.028617915568660734,0.007223933107161766,253.97349999999997,260.019,-0.0017307162805333398,0.012484837846474814,41.0823170731707,stable,330.293,53.3,0.0
2026-04-01,255.63,40059430.0,210.57,45955400.0,297.39,37684460.0,369.37,29417210.0,579.23,23608130.0,175.75,168132000.0,169.38,7311128.0,160.78,37927640.0,197.41,23051860.0,238.16,3277727.0,175.64,5706991.0,241.46,5062262.0,19.02,21625250.0,128.38,12979930.0,04/02/2026,3.72,3.72,3.73,3.7,3.71,3.72,3.68,3.79,3.82,3.94,4.12,4.31,4.88,2026-04-01,101.9,0.007223933107161766,0.00113380913328835,253.629,260.1976,0.022765463711290623,0.012629562222684899,49.82019363762103,stable,332.407,49.8,0.0
2026-04-02,255.92,31289370.0,209.77,31453040.0,295.77,21666470.0,373.46,24099070.0,574.46,13518550.0,177.39,143143200.0,174.37,5217126.0,160.69,25377660.0,198.97,11528050.0,241.73,1842716.0,176.21,2947467.0,244.09,2669334.0,18.93,14136210.0,130.52,7383761.0,04/03/2026,3.71,3.73,3.73,3.71,3.71,3.73,3.72,3.84,3.88,3.99,4.17,4.35,4.91,2026-04-02,113.23,0.00113380913328835,0.011422479373029577,253.4105,260.36300000000006,0.02795629820051415,0.01252398698094487,59.415584415584405,stable,332.407,49.8,1.0
2026-04-06,258.86,29329910.0,212.79,25385500.0,299.99,16945490.0,372.88,16146570.0,573.02,9515651.0,177.64,107564300.0,173.18,3925402.0,163.37,16344260.0,198.86,8245691.0,241.4,1490458.0,177.33,2247672.0,245.58,1486934.0,18.96,22028740.0,131.64,4210017.0,04/06/2026,3.72,3.72,3.74,3.72,3.72,3.74,3.72,3.84,3.88,3.98,4.16,4.34,4.89,2026-04-06,114.01,0.011422479373029577,-0.02092355198305429,253.48049999999998,260.5732,0.04383241259728221,0.012573953710508089,59.72938144329901,stable,332.407,49.8,0.0
2026-04-07,253.5,62148010.0,213.77,28154560.0,305.46,23205360.0,372.29,21443350.0,575.05,9580843.0,178.1,132534900.0,177.69,5753013.0,163.91,25227500.0,201.54,11672590.0,245.42,1975993.0,174.7,3815599.0,251.49,3611687.0,19.12,23959120.0,131.77,6794313.0,04/07/2026,3.68,3.7,3.72,3.71,3.71,3.73,3.68,3.81,3.82,3.95,4.13,4.33,4.9,2026-04-07,114.58,-0.02092355198305429,0.021078063726254075,253.1615,260.6824,0.00799236550161031,0.013228415145781247,48.95684481280367,stable,332.407,49.8,0.0
2026-04-08,258.9,41032770.0,221.25,51092700.0,317.32,33547140.0,374.33,33064820.0,612.42,32036640.0,182.08,147732700.0,185.47,7212000.0,156.22,31311200.0,192.89,17195450.0,231.98,2924066.0,168.0,3781849.0,239.64,5313912.0,19.08,41581040.0,125.22,12713760.0,04/08/2026,3.67,3.69,3.71,3.69,3.69,3.73,3.69,3.79,3.78,3.92,4.1,4.29,4.87,2026-04-08,96.17,0.021078063726254075,0.006122585983171752,253.065,260.75219999999996,0.028850739151168314,0.014112205168906848,62.40997229916896,stable,332.407,49.8,0.0
2026-04-09,260.49,28121570.0,233.65,65964170.0,318.49,23739170.0,373.07,30435300.0,628.39,19012910.0,183.91,116428500.0,181.46,4500859.0,155.04,25868380.0,190.36,11634000.0,223.52,2865043.0,161.07,3309653.0,235.1,3905419.0,19.09,29227580.0,123.47,9069416.0,04/09/2026,3.66,3.67,3.69,3.68,3.68,3.71,3.68,3.78,3.77,3.91,4.1,4.29,4.88,2026-04-09,99.62,0.006122585983171752,-3.838992648799145e-05,253.04899999999998,260.7966,0.031153511202596906,0.014186901239467148,65.70416780168891,stable,332.407,49.8,0.0
2026-04-10,260.48,31291470.0,238.38,56912840.0,317.24,19152630.0,370.87,28111130.0,629.86,13294840.0,188.63,160459500.0,177.8,4279738.0,152.51,21065020.0,188.55,11151390.0,222.62,2216710.0,159.25,2927059.0,238.82,2896884.0,19.19,8317612.0,122.55,10487660.0,04/10/2026,3.67,3.69,3.7,3.69,3.69,3.72,3.7,3.81,3.8,3.94,4.12,4.31,4.89,2026-04-10,98.34,-3.838992648799145e-05,-0.004926118336056001,253.28500000000003,260.8774,0.03001304915180536,0.013426496245785841,67.46853146853148,stable,332.407,49.8,0.0
2026-04-13,259.2,36234700.0,239.89,42166150.0,321.31,18866420.0,384.37,35745780.0,634.53,9538931.0,189.31,133648200.0,189.79,10506650.0,152.64,18685610.0,191.78,12000230.0,225.29,2039711.0,160.4,3222139.0,242.08,2772454.0,18.85,15476380.0,123.62,8639417.0,04/13/2026,3.69,3.71,3.71,3.71,3.7,3.74,3.7,3.78,3.79,3.92,4.1,4.3,4.88,2026-04-13,100.72,-0.004926118336056001,-0.0014284889404779955,253.73900000000003,260.8958,0.041800643086816525,0.012365744091689489,61.49716671637335,stable,332.407,49.8,0.0
2026-04-14,258.83,48370710.0,249.02,72685030.0,332.91,27721350.0,393.11,37504490.0,662.49,17817960.0,196.51,161307000.0,184.51,6256367.0,149.24,18528160.0,187.02,12111010.0,223.93,1524260.0,158.76,2481173.0,235.58,2830074.0,18.73,10557960.0,118.79,9849214.0,04/14/2026,3.71,3.72,3.72,3.71,3.7,3.73,3.71,3.76,3.76,3.87,4.06,4.26,4.84,2026-04-14,93.07,-0.0014284889404779955,0.028940069400880748,254.0395,260.8828,0.04946681263431052,0.012200215804812776,60.65185185185183,stable,332.407,49.8,0.0
2026-04-15,266.43,49913510.0,248.5,43045160.0,337.12,24918840.0,411.22,45063390.0,671.58,14952580.0,198.87,185338400.0,177.28,7793327.0,149.01,15626520.0,184.91,8661597.0,223.03,1528043.0,161.44,2311457.0,235.0,2286874.0,18.71,17951340.0,118.92,6592499.0,04/15/2026,3.72,3.72,3.74,3.71,3.71,3.72,3.7,3.76,3.79,3.9,4.08,4.29,4.87,2026-04-15,93.04,0.028940069400880748,-0.011437755629341895,254.6495,260.8112,0.04980495685409192,0.013673647289746462,67.10428536041613,stable,332.407,49.8,0.0
2026-04-16,263.4,43323110.0,249.7,41895710.0,336.02,20541490.0,420.26,41642360.0,676.87,9544835.0,198.35,134012900.0,193.09,11474730.0,151.98,15191030.0,188.15,8013218.0,226.24,2068063.0,163.33,2480744.0,241.74,1925190.0,18.87,7617193.0,121.57,6904336.0,04/16/2026,3.69,3.7,3.73,3.7,3.7,3.71,3.69,3.78,3.8,3.91,4.1,4.32,4.9,2026-04-16,96.46,-0.011437755629341895,0.025599658921175095,255.3225,260.6896,0.030395493486679914,0.013309834652139193,62.18409459772776,stable,332.407,49.8,0.0
2026-04-17,270.23,61436230.0,250.56,52029290.0,341.68,25581880.0,422.79,48568190.0,688.55,16283480.0,201.68,160324400.0,196.55,6311200.0,146.44,28947450.0,183.99,15720620.0,213.69,3800321.0,156.37,3694416.0,223.65,6989060.0,18.86,13943180.0,116.04,11665730.0,04/17/2026,3.69,3.7,3.73,3.7,3.69,3.69,3.64,3.71,3.72,3.84,4.04,4.26,4.85,2026-04-17,85.91,0.025599658921175095,0.010381480367807207,256.38599999999997,260.56440000000003,0.05591591122225714,0.01415573150116905,73.35949422280349,stable,332.407,49.8,0.0
2026-04-20,273.05,36590170.0,248.28,39463110.0,337.42,18784230.0,418.07,27582240.0,670.91,12533950.0,202.06,119381400.0,204.24,7155812.0,147.68,16354430.0,183.25,9661126.0,214.12,1417375.0,155.75,2119584.0,226.28,3302051.0,18.91,19042960.0,116.45,6124672.0,4/20/2026,3.69,3.7,3.72,3.71,3.7,3.72,3.65,3.72,3.73,3.86,4.04,4.26,4.85,2026-04-20,91.06,0.010381480367807207,-0.025519726208095544,257.639,260.5072,0.054817275747508276,0.0140909250379873,78.39638865004292,stable,332.407,49.8,0.0
2026-04-21,266.17,50209760.0,249.91,42922400.0,332.29,23123800.0,424.16,32048500.0,668.84,8660100.0,199.88,107945300.0,212.36,9078170.0,148.36,17515930.0,185.98,9799016.0,220.35,1466612.0,159.38,1807446.0,233.39,2685216.0,18.96,9476937.0,120.26,8138860.0,4/21/2026,3.67,3.72,3.71,3.69,3.7,3.73,3.69,3.78,3.8,3.91,4.09,4.3,4.87,2026-04-21,93.64,-0.025519726208095544,0.025959109613794974,258.373,260.2682,0.04998027613412237,0.015440560115252836,63.38667820069202,stable,332.407,49.8,0.0
2026-04-22,273.17,43249200.0,255.36,36065070.0,339.32,20293010.0,432.92,29378170.0,674.72,9215603.0,202.5,107501000.0,214.65,5482147.0,149.5,13738700.0,186.32,8708288.0,222.07,2240673.0,160.65,1945784.0,234.36,2294507.0,19.07,7544393.0,122.6,6562715.0,4/22/2026,3.68,3.71,3.7,3.69,3.69,3.72,3.69,3.79,3.81,3.91,4.1,4.3,4.87,2026-04-22,94.76,0.025959109613794974,0.0009513356004725754,259.4495,260.23920000000004,0.05511780610274242,0.01626632746102517,67.06225680933849,stable,332.407,49.8,0.0
2026-04-23,273.43,33399640.0,255.08,39091390.0,338.89,18650260.0,415.75,38307960.0,659.15,11666980.0,199.64,113561800.0,212.14,4421454.0,150.53,12970400.0,187.6,6684691.0,221.1,2249374.0,159.53,2287087.0,233.83,2361671.0,19.15,6698445.0,124.37,7958110.0,4/23/2026,3.69,3.72,3.72,3.69,3.7,3.72,3.7,3.83,3.84,3.96,4.13,4.34,4.9,2026-04-23,99.27,0.0009513356004725754,-0.008705449016465009,260.49,260.23420000000004,0.049675611347844484,0.016281633830963475,67.04302121861005,stable,332.407,49.8,0.0
2026-04-24,271.06,38157110.0,263.99,53777350.0,344.4,26426060.0,424.62,27457400.0,675.03,13348280.0,208.27,214134400.0,216.09,4621365.0,148.91,13735860.0,185.21,9626654.0,224.14,1523642.0,162.85,2434498.0,235.85,1666182.0,19.08,20323280.0,121.76,10968290.0,4/24/2026,3.69,3.72,3.71,3.69,3.69,3.71,3.67,3.78,3.8,3.92,4.1,4.31,4.88,2026-04-24,98.42,-0.008705449016465009,-0.012809501824235157,261.39849999999996,260.1454,0.04061732186732181,0.016517893975877964,62.00787401574799,stable,332.407,49.8,0.0
2026-04-27,267.61,41466760.0,261.12,44906840.0,350.34,28576890.0,424.82,30867300.0,678.62,12805220.0,216.61,187172400.0,215.97,5820969.0,148.19,13940840.0,184.78,10836590.0,227.21,1883174.0,164.1,2771426.0,238.25,2299140.0,19.05,6840262.0,121.68,12215400.0,4/27/2026,3.7,3.72,3.72,3.68,3.7,3.72,3.69,3.78,3.83,3.94,4.14,4.35,4.92,2026-04-27,99.89,-0.012809501824235157,0.011517440437700144,262.33900000000006,260.263,0.03244598765432105,0.016314880632557007,64.43035385559418,stable,332.407,49.8,0.0
2026-04-28,270.71,40018940.0,259.7,42204450.0,349.78,27824050.0,429.25,30438090.0,671.34,10606760.0,213.17,180275400.0,205.93,4437704.0,150.56,15173620.0,188.36,10754870.0,232.59,1924651.0,165.13,2828851.0,240.27,2528331.0,19.41,23775620.0,124.32,7241070.0,4/28/2026,3.68,3.7,3.72,3.68,3.69,3.72,3.71,3.84,3.86,3.97,4.16,4.36,4.92,2026-04-28,103.45,0.011517440437700144,-0.001996746706902992,263.543,260.5616,0.04589885252868675,0.016132507847031977,62.674393646705276,stable,332.407,49.8,0.0
2026-04-29,270.17,30047870.0,263.04,72367910.0,349.94,35376330.0,424.46,38288320.0,669.12,18947460.0,209.25,123711800.0,205.66,3635688.0,154.67,14669140.0,192.22,8644636.0,241.81,2686002.0,173.49,3756734.0,251.3,3673544.0,19.76,11851690.0,128.25,9676863.0,4/29/2026,3.68,3.7,3.72,3.68,3.77,3.73,3.75,3.92,3.94,4.05,4.23,4.42,4.97,2026-04-29,110.47,-0.001996746706902992,0.004358110014981894,264.36199999999997,260.68739999999997,0.01403745824419178,0.015162697010610036,60.6280193236715,stable,332.407,49.8,0.0
2026-04-30,271.35,91848230.0,265.06,100974900.0,384.8,72039990.0,407.78,70909410.0,611.91,52764980.0,199.57,225239200.0,208.95,5635830.0,154.33,22885900.0,193.31,11748640.0,248.29,2356722.0,179.15,3613548.0,252.58,3529509.0,20.19,30718320.0,125.78,11948020.0,4/30/2026,3.72,3.71,3.71,3.68,3.76,3.71,3.72,3.88,3.91,4.02,4.2,4.4,4.97,2026-04-30,108.64,0.004358110014981894,0.03187997770148675,265.148,260.8274,0.030182232346241733,0.015135461271701614,61.635624063369725,stable,332.407,49.8,0.0
2026-05-01,280.14,79915440.0,268.26,50825230.0,385.69,30105230.0,414.44,31372360.0,608.75,21404030.0,198.45,128647000.0,210.17,3010589.0,152.75,15458210.0,190.63,10435910.0,246.15,1841853.0,176.19,2431721.0,246.87,2480432.0,19.94,15321590.0,123.19,7784340.0,5/1/2026,3.71,3.71,3.7,3.68,3.76,3.71,3.73,3.88,3.91,4.02,4.2,4.39,4.96,2026-05-01,105.38,0.03187997770148675,-0.011885878837346778,266.35900000000004,261.2186,0.03667246419716519,0.01644265061161092,69.31021763187016,stable,333.979,44.8,0.0
2026-05-04,276.83,46668400.0,272.05,49083730.0,383.25,26298570.0,413.62,28066530.0,610.41,16203900.0,198.48,125368100.0,211.64,3842381.0,153.69,14238530.0,192.28,8229501.0,252.54,2316770.0,178.47,2368941.0,251.63,2844030.0,20.08,34115160.0,124.91,7793482.0,5/4/2026,3.71,3.7,3.7,3.7,3.76,3.76,3.78,3.95,3.98,4.08,4.26,4.45,5.01,2026-05-04,109.76,-0.011885878837346778,0.02620424083637538,267.25750000000005,261.4636,0.013843618384911105,0.016750893742559714,65.74527641707488,stable,333.979,44.8,0.0
2026-05-05,284.18,49311710.0,273.55,41908530.0,388.43,23878630.0,411.38,25700890.0,604.96,17171300.0,196.5,113406600.0,216.32,4360824.0,154.88,12494640.0,192.64,5642810.0,260.51,2500233.0,180.26,1687776.0,253.45,2829484.0,20.39,42154690.0,123.32,7258347.0,5/5/2026,3.7,3.7,3.7,3.69,3.75,3.75,3.77,3.93,3.97,4.08,4.25,4.43,4.98,2026-05-05,105.66,0.02620424083637538,0.011649802031270542,268.7915,261.8236,0.06766352331216896,0.01646810026127877,65.59479880513092,stable,333.979,44.8,0.0
2026-05-06,287.51,58336070.0,274.99,44551960.0,398.04,31308480.0,413.96,30285900.0,612.88,19915460.0,207.83,188362800.0,238.8,9187209.0,148.69,20526980.0,185.16,11082890.0,245.78,2664476.0,171.72,2379379.0,236.69,4444319.0,19.87,16085160.0,118.9,13180790.0,5/6/2026,3.7,3.7,3.69,3.69,3.75,3.74,3.73,3.87,3.89,3.99,4.17,4.36,4.92,2026-05-06,98.75,0.011649802031270542,-0.00024349943593654784,270.222,262.131,0.05249478346816994,0.016136700501113457,71.07149099807731,stable,333.979,44.8,0.0
2026-05-07,287.44,45224300.0,271.17,35892880.0,397.99,24433490.0,420.77,34942450.0,616.81,12307370.0,211.5,168307900.0,230.27,4848341.0,146.58,22509400.0,182.5,12194040.0,242.26,2458113.0,168.31,2477480.0,236.35,3826249.0,19.92,12036300.0,114.88,10356590.0,5/7/2026,3.72,3.7,3.69,3.69,3.75,3.74,3.76,3.92,3.94,4.04,4.22,4.41,4.96,2026-05-07,98.38,-0.00024349943593654784,0.020250020420335392,271.5695,262.3952,0.05123797681307818,0.01618111707179835,67.05649157581766,stable,333.979,44.8,0.0
2026-05-08,293.32,52692760.0,272.68,34732680.0,400.8,21461850.0,415.12,33383790.0,609.63,13556960.0,215.2,136421400.0,260.46,12168100.0,144.57,19550070.0,181.62,13053000.0,244.87,2575017.0,171.56,2917678.0,241.06,3409241.0,19.34,11411130.0,113.87,8009464.0,5/8/2026,3.71,3.7,3.68,3.69,3.75,3.74,3.75,3.9,3.92,4.02,4.19,4.38,4.93,2026-05-08,98.87,0.020250020420335392,-0.0021843012097694796,273.2115,262.8026,0.0821220394008706,0.01648681225320013,68.94038497477109,stable,333.979,44.8,0.0
2026-05-11,292.68,42247290.0,268.99,38176700.0,388.64,30753740.0,412.66,35657940.0,598.86,15940620.0,219.44,160685800.0,247.04,11517040.0,149.68,14849470.0,184.74,12042060.0,252.48,2429065.0,175.36,2432410.0,248.13,3045482.0,19.61,10314780.0,115.55,6200051.0,05/11/2026,3.71,3.7,3.69,3.7,3.77,3.77,3.79,3.95,3.96,4.07,4.24,4.42,4.97,2026-05-11,101.56,-0.0021843012097694796,0.0072172982993524365,274.8855,263.37260000000003,0.09368110309779154,0.016402916025717664,78.04104082927867,stable,333.979,44.8,0.0
2026-05-12,294.8,45748130.0,265.82,36776220.0,387.35,26017490.0,407.77,38594220.0,603.0,11351560.0,220.78,159176600.0,238.94,7150812.0,150.63,16443100.0,185.95,8995139.0,251.99,2669562.0,175.43,3256854.0,247.12,3387378.0,20.0,14515220.0,117.87,6875254.0,05/12/2026,3.71,3.72,3.69,3.7,3.77,3.77,3.8,4.0,4.01,4.12,4.29,4.46,5.02,2026-05-12,105.78,0.0072172982993524365,0.013711535921445313,276.684,263.9742,0.08898821617228792,0.016308441188899958,75.51309271054501,stable,333.979,44.8,0.0
2026-05-13,298.87,52684260.0,270.13,39670920.0,402.62,28144560.0,405.21,29667070.0,616.63,14634390.0,225.83,150405400.0,243.87,5008542.0,151.57,15772780.0,186.0,7554713.0,249.09,4157711.0,171.82,3347001.0,244.1,2240802.0,20.1,12908960.0,117.4,5977149.0,05/13/2026,3.71,3.71,3.7,3.69,3.76,3.77,3.79,3.98,4.0,4.12,4.28,4.46,5.03,2026-05-13,104.52,0.013711535921445313,-0.0022107599276822857,278.30600000000004,264.6766,0.10622941111152229,0.015543462578646442,77.5324675324676,stable,333.979,44.8,0.0
2026-05-14,298.21,35324920.0,267.22,31338440.0,401.07,21136720.0,409.43,27077540.0,618.43,10651170.0,235.74,180782900.0,247.89,6241866.0,152.78,11331470.0,186.64,6222359.0,248.82,2009720.0,171.51,2186443.0,244.77,2193038.0,20.36,12903510.0,118.97,5316392.0,05/14/2026,3.72,3.71,3.7,3.69,3.76,3.76,3.79,4.0,4.04,4.13,4.29,4.47,5.01,2026-05-14,104.66,-0.0022107599276822857,0.00675091127515786,280.04650000000004,265.3904,0.09898654873779233,0.015138271699245191,80.5124747134188,stable,333.979,44.8,0.0
2026-05-15,300.23,54862840.0,264.14,40770340.0,396.78,20309700.0,421.92,50771160.0,614.23,13272570.0,225.32,180977600.0,241.99,4833109.0,157.92,27882410.0,191.1,11210810.0,255.03,2156867.0,176.2,2066210.0,250.74,3126151.0,20.15,10954250.0,122.41,7059485.0,05/15/2026,3.71,3.7,3.69,3.69,3.76,3.77,3.82,4.09,4.14,4.26,4.43,4.59,5.14,2026-05-15,108.99,0.00675091127515786,-0.007992418019641083,281.54650000000004,266.1892,0.07171414292853595,0.014437898055381433,87.87738039944269,stable,333.979,44.8,0.0
2026-05-18,297.84,34482960.0,264.86,33690790.0,396.94,26837200.0,423.54,32564130.0,611.21,13772440.0,222.32,146280900.0,238.03,5132555.0,160.49,20065230.0,196.12,9869705.0,259.53,2032307.0,179.8,1984138.0,258.52,3255633.0,20.19,9235143.0,124.54,5805180.0,5/18/2026,3.69,3.68,3.68,3.68,3.76,3.77,3.81,4.07,4.14,4.27,4.43,4.61,5.14,2026-05-18,112.25,-0.007992418019641083,0.003786804344227117,282.786,266.99679999999995,0.07589495358162046,0.014677696395359138,82.0306965761511,stable,333.979,44.8,0.0
2026-05-19,298.97,42243560.0,259.34,40340700.0,387.66,39545670.0,417.42,33018680.0,602.61,11749950.0,220.61,140948200.0,235.26,4082709.0,162.55,20715550.0,197.25,11819220.0,263.02,1770656.0,182.38,2842200.0,262.62,3842015.0,20.39,11951150.0,125.11,6029008.0,5/19/2026,3.66,3.66,3.66,3.67,3.75,3.77,3.83,4.13,4.2,4.32,4.5,4.67,5.19,2026-05-19,112.09,0.003786804344227117,0.010911255586213623,284.42600000000004,267.7786,0.05204447885143226,0.012893740491653243,83.53516534699574,stable,333.979,44.8,0.0
2026-05-20,302.25,38229840.0,265.01,34933150.0,388.91,31744400.0,421.06,27864020.0,605.06,11329710.0,223.47,184201600.0,242.93,4332860.0,156.28,18509730.0,191.33,14564890.0,258.37,2210133.0,179.34,2240362.0,253.77,2959463.0,20.16,15360980.0,122.36,5665688.0,5/20/2026,3.65,3.65,3.65,3.65,3.74,3.75,3.79,4.04,4.11,4.22,4.39,4.57,5.1,2026-05-20,101.69,0.010911255586213623,0.009024499689761984,285.88,268.607,0.05126778199019166,0.012068769426549783,84.30284191829476,stable,333.979,44.8,0.0
2026-05-21,304.99,42965130.0,268.46,36591740.0,387.66,24852840.0,419.09,31393470.0,607.38,13476080.0,219.51,203381800.0,252.8,5075014.0,155.29,17061720.0,191.01,9051159.0,248.43,2623975.0,174.05,2718401.0,241.09,3610742.0,20.01,6657433.0,120.55,5754521.0,5/21/2026,3.72,3.68,3.69,3.68,3.76,3.78,3.83,4.08,4.13,4.25,4.41,4.57,5.09,2026-05-21,100.2,0.009024499689761984,0.012479593708054054,287.45799999999997,269.49060000000003,0.06105622042861114,0.012059192167758673,81.86714542190298,stable,333.979,44.8,0.0
2026-05-22,308.82,43670220.0,266.32,27535530.0,382.97,20442120.0,418.57,22390340.0,610.26,11688620.0,215.33,169275700.0,295.19,15291500.0,154.92,12948450.0,191.43,7218280.0,254.65,1926483.0,177.69,1899285.0,246.96,2533297.0,20.07,6870163.0,120.46,4949755.0,5/22/2026,3.72,3.69,3.69,3.68,3.78,3.79,3.86,4.13,4.18,4.27,4.41,4.56,5.06,2026-05-22,100.35,0.012479593708054054,-0.0015879449176507568,289.346,270.5518,0.05284331105959361,0.011673546371774519,90.48342191850155,stable,333.979,44.8,0.0
2026-05-26,308.33,48000490.0,265.29,38028120.0,388.88,27747390.0,416.03,30398050.0,612.34,12234170.0,214.86,187202600.0,305.08,10305680.0,149.81,13057760.0,184.71,14264570.0,248.05,2404770.0,173.88,1748725.0,241.45,2758480.0,19.6,14019710.0,116.57,7180740.0,5/26/2026,3.72,3.7,3.69,3.68,3.78,3.8,3.82,4.01,4.1,4.19,4.33,4.5,5.03,2026-05-26,97.63,-0.0015879449176507568,0.00813984274027929,291.38199999999995,271.716,0.0534713680470138,0.010942323302752601,86.98315467075025,stable,333.979,44.8,0.0
2026-05-27,310.85,50430920.0,271.85,40061860.0,388.83,23087290.0,412.67,28901480.0,635.26,23143590.0,212.6,167601200.0,305.32,8262376.0,147.9,16241130.0,182.4,9449494.0,247.05,1995632.0,174.63,2389073.0,240.34,2334390.0,19.33,8652359.0,115.13,5830454.0,5/27/2026,3.72,3.7,3.69,3.68,3.77,3.79,3.8,4.0,4.09,4.17,4.32,4.48,5.01,2026-05-27,92.35,0.00813984274027929,0.005325987949120409,293.389,272.8766,0.05444369063772059,0.01089623261112074,86.65201005025114,stable,333.979,44.8,0.0
2026-05-28,312.51,48220390.0,274.0,40630390.0,390.13,24357460.0,426.99,47250540.0,635.29,16772380.0,214.25,143996000.0,317.05,26611340.0,146.96,14012470.0,183.03,8734223.0,251.33,2826342.0,176.71,2235864.0,244.85,2565547.0,19.42,6809141.0,114.99,5989877.0,5/28/2026,3.72,3.71,3.71,3.69,3.78,3.79,3.8,3.99,4.07,4.15,4.29,4.45,4.98,2026-05-28,92.65,0.005325987949120409,-0.001440991651430942,295.50600000000003,274.04220000000004,0.04563857195436127,0.010702390288427175,87.49626084355356,stable,333.979,44.8,0.0
2026-05-29,312.06,70026750.0,270.64,54749560.0,380.34,44415850.0,450.24,79654380.0,632.51,19806540.0,211.14,289410600.0,420.91,41832950.0,145.26,27959900.0,182.46,13894030.0,248.77,2862454.0,175.88,3299111.0,244.82,3996753.0,19.17,9978719.0,113.98,12402910.0,5/29/2026,3.72,3.71,3.71,3.69,3.78,3.78,3.79,3.98,4.06,4.13,4.27,4.45,4.98,2026-05-29,91.16,-0.001440991651430942,-0.01859781597624946,297.5415,275.2846,0.04644378122799386,0.010863047265125337,83.4642857142856,stable,333.979,44.8,0.0
2026-06-01,306.31,48849930.0,261.26,53604380.0,376.37,28672120.0,460.52,53628910.0,600.47,29138810.0,224.36,212850700.0,465.96,20849200.0,149.38,16732080.0,185.83,8850520.0,258.66,2426906.0,180.24,1881281.0,252.52,2383574.0,19.27,7948688.0,115.58,7449906.0,6/1/2026,3.72,3.71,3.73,3.78,3.8,3.79,3.83,4.05,4.09,4.18,4.32,4.47,4.99,2026-06-01,95.96,-0.01859781597624946,0.028609696946937397,298.85,276.4316,0.020251140792059363,0.01063723422702737,70.58290546662631,stable,332.568,44.8,0.0
2026-06-02,315.2,44534720.0,256.52,41810980.0,361.85,50412300.0,441.31,37036800.0,597.63,18251960.0,222.82,193362900.0,435.31,16018500.0,149.56,10462400.0,187.55,6549849.0,263.06,2350370.0,182.56,1309328.0,258.26,2357800.0,19.54,8094246.0,116.87,6113636.0,6/2/2026,3.72,3.71,3.73,3.77,3.79,3.78,3.82,4.05,4.09,4.17,4.31,4.46,4.97,2026-06-02,97.47,0.028609696946937397,-0.015796702347538986,300.7685,277.7758,0.05828632822992219,0.011200215505888239,75.57673019057162,stable,332.568,44.8,0.0
2026-06-03,310.26,50836710.0,250.02,51394190.0,358.99,55441580.0,427.34,39037010.0,622.98,23020060.0,214.75,160907000.0,421.08,14231060.0,152.53,14372960.0,189.71,7983695.0,267.21,2333788.0,184.68,1846606.0,261.45,2691548.0,19.55,9184027.0,119.05,7091676.0,6/3/2026,3.71,3.71,3.72,3.78,3.77,3.78,3.84,4.08,4.14,4.21,4.34,4.49,5.0,2026-06-03,99.76,-0.015796702347538986,0.0031215330500486893,302.07250000000005,278.9512,0.037762986252801056,0.011246775807132082,63.97546012269933,stable,332.568,44.8,0.0
2026-06-04,311.23,44869130.0,253.79,35609770.0,372.19,44055520.0,428.05,26899510.0,627.57,21469250.0,218.66,169022200.0,422.05,12297420.0,152.04,11799390.0,188.35,5163208.0,267.05,2123377.0,184.14,1309822.0,258.85,2288438.0,19.62,8314364.0,119.23,4813505.0,6/4/2026,3.71,3.7,3.7,3.78,3.76,3.78,3.82,4.05,4.1,4.18,4.32,4.47,4.98,2026-06-04,96.83,0.0031215330500486893,-0.012577562059047523,303.2585,280.143,0.02971050454921431,0.01111797849481511,65.85484656600097,stable,332.568,44.8,0.0
2026-06-05,307.34,65310500.0,246.03,55607840.0,368.53,37471210.0,416.67,34782160.0,593.0,30091610.0,205.1,219655500.0,394.39,10990350.0,149.92,16583960.0,187.31,6310890.0,262.01,2160705.0,183.08,2229359.0,255.82,2427948.0,19.39,12259800.0,117.14,5989876.0,06/05/2026,3.71,3.71,3.71,3.78,3.78,3.81,3.88,4.17,4.22,4.29,4.41,4.55,5.03,2026-06-05,94.32,-0.012577562059047523,-0.019051949276413717,304.2535,281.23740000000004,0.007705170661333138,0.011690946818560484,58.280922431865754,stable,332.568,44.8,0.0
2026-06-08,301.54,77949080.0,245.22,33899530.0,363.31,27942460.0,411.74,32086710.0,585.39,19512440.0,208.64,138372800.0,400.77,8569719.0,151.75,13870880.0,189.24,6112985.0,266.17,1814678.0,183.42,1938079.0,258.39,3043196.0,19.34,8642555.0,118.89,4758803.0,06/08/2026,3.7,3.7,3.71,3.8,3.79,3.83,3.85,4.15,4.21,4.29,4.42,4.56,5.05,2026-06-08,95.0,-0.019051949276413717,-0.03712699882965786,304.6645,282.2104,-0.023573602745936006,0.011999247789020834,53.9922313336211,stable,332.568,44.8,0.0
2026-06-09,290.55,70108850.0,244.19,44425360.0,364.26,29535070.0,403.41,35317300.0,584.59,16977380.0,208.19,180962500.0,381.78,10471830.0,148.91,18163530.0,186.76,8469927.0,258.15,3233561.0,179.0,1682402.0,253.78,2724426.0,19.06,8068894.0,116.79,6289033.0,06/09/2026,3.69,3.69,3.71,3.79,3.79,3.82,3.9,4.13,4.16,4.26,4.39,4.53,5.02,2026-06-09,91.9,-0.03712699882965786,0.003538732155561145,304.558,283.04540000000003,-0.05766548827554885,0.01476986029794009,42.508896797153014,stable,332.568,44.8,0.0
2026-06-10,291.58,52793270.0,238.0,38590240.0,356.38,32357130.0,397.36,32576040.0,570.98,17064050.0,200.42,161746600.0,369.83,9281213.0,150.62,14596500.0,189.8,10041820.0,263.28,2109252.0,181.72,2029321.0,257.99,2522859.0,19.04,8584522.0,119.92,8723310.0,06/10/2026,3.69,3.7,3.72,3.79,3.8,3.82,3.9,4.13,4.17,4.27,4.4,4.55,5.04,2026-06-10,93.68,0.003538732155561145,0.013794261745732027,304.39700000000005,283.9444,-0.06199131413865222,0.014693171412642779,40.11121408711768,stable,332.568,44.8,0.0
2026-06-11,295.63,42572500.0,241.51,41335400.0,357.77,35538170.0,390.34,47224140.0,568.43,17627970.0,204.87,158643200.0,391.45,7869755.0,146.6,17285830.0,185.82,9274100.0,260.81,2072697.0,178.1,2035295.0,255.6,3365622.0,18.76,9615518.0,115.36,6704663.0,06/11/2026,3.69,3.69,3.7,3.78,3.79,3.81,3.85,4.05,4.09,4.18,4.31,4.45,4.96,2026-06-11,91.58,0.013794261745732027,-0.015338769612274147,304.235,284.7812,-0.05401427154331062,0.014697408275598537,41.53094462540716,stable,332.568,44.8,0.0
2026-06-12,291.13,38784790.0,238.55,51251140.0,359.68,24731020.0,390.74,34922040.0,566.98,14347770.0,205.19,112345300.0,395.57,6059055.0,147.01,17713140.0,187.22,8703363.0,263.58,1701545.0,179.45,2706708.0,258.67,2203237.0,19.07,8281246.0,116.98,6616326.0,06/12/2026,3.69,3.7,3.7,3.78,3.79,3.82,3.86,4.09,4.12,4.21,4.34,4.48,4.98,2026-06-12,88.62,-0.015338769612274147,0.01800746471863547,303.881,285.4912,-0.06707043517272326,0.015064293772466214,34.185589129268735,stable,332.568,44.8,0.0
2026-06-15,296.42,45732570.0,246.02,41711580.0,369.35,27727490.0,399.76,32266440.0,593.48,17653260.0,212.45,149936700.0,409.07,7036583.0,140.92,23631400.0,180.4,10184950.0,250.86,3457029.0,173.26,3029347.0,247.16,4348069.0,18.91,10867490.0,112.26,10860510.0,06/15/2026,3.69,3.7,3.71,3.79,3.79,3.81,3.84,4.07,4.1,4.18,4.32,4.47,4.97,2026-06-15,84.65,0.01800746471863547,0.00946855947543516,303.69050000000004,286.3012,-0.03228755182658083,0.01557854759377506,40.194302651078566,stable,332.568,44.8,0.0
2026-06-16,299.24,39874400.0,246.0,35187410.0,373.25,24876100.0,393.83,31506850.0,600.21,11344420.0,207.41,125694100.0,404.08,6326463.0,141.86,18925360.0,180.11,6663474.0,250.47,2687505.0,172.0,1802858.0,244.13,2976173.0,18.91,8720775.0,111.34,8197479.0,6/16/2026,3.67,3.69,3.71,3.79,3.79,3.81,3.84,4.05,4.08,4.16,4.28,4.43,4.92,2026-06-16,79.8,0.00946855947543516,-0.01105540586747018,303.7605,287.10880000000003,-0.05063451776649741,0.01563390814874796,40.488284450270335,stable,332.568,44.8,0.0
2026-06-17,295.95,42745060.0,237.5,44780770.0,363.79,24543640.0,378.91,41987830.0,567.58,20478310.0,204.65,128363500.0,419.32,8754030.0,140.74,16663230.0,177.58,8430040.0,244.61,2381235.0,167.17,4311264.0,239.77,2753727.0,18.75,8304421.0,111.21,7002157.0,6/17/2026,3.68,3.7,3.74,3.83,3.85,3.91,3.98,4.2,4.23,4.27,4.37,4.49,4.95,2026-06-17,80.65,-0.01105540586747018,0.0069365218526251824,303.60949999999997,287.9578,-0.04612260684587122,0.015807710307747535,36.78582827960422,stable,332.568,44.8,0.0
2026-06-18,298.01,85962200.0,244.39,75624420.0,368.03,44470070.0,379.4,59714160.0,577.22,28824630.0,210.69,241272000.0,409.5,15360640.0,137.81,48063440.0,173.63,19146120.0,242.91,4962727.0,166.14,5626599.0,236.3,6141232.0,18.75,12459000.0,107.74,22893390.0,6/18/2026,3.69,3.69,3.74,3.83,3.85,3.92,4.0,4.19,4.19,4.23,4.34,4.46,4.91,2026-06-18,80.35,0.0069365218526251824,-0.0033612347198123727,303.3975,288.74,-0.04247662500401639,0.015681072863465713,39.06955033452622,stable,332.568,44.8,0.0
2026-06-22,297.01,44879910.0,232.79,68388530.0,349.68,52814760.0,367.34,45171110.0,563.85,15405510.0,208.65,122041400.0,418.71,7336879.0,138.47,15783290.0,175.06,11108890.0,247.29,1877780.0,168.41,3796780.0,243.78,2809958.0,18.89,6800368.0,109.7,6868087.0,6/22/2026,3.66,3.71,3.77,3.85,3.89,3.98,4.04,4.24,4.25,4.29,4.39,4.51,4.97,2026-06-22,78.94,-0.0033612347198123727,-0.00916615303011962,302.99850000000004,289.4704,-0.03361098457734102,0.01552029737261689,42.18749999999999,stable,332.568,44.8,0.0
2026-06-23,294.3,52010930.0,234.11,60492560.0,346.13,34007650.0,373.94,40647610.0,562.2,13103320.0,200.04,153496200.0,427.78,6643874.0,139.73,13699420.0,175.98,6555262.0,248.52,1501616.0,170.34,3320204.0,243.68,3267584.0,19.22,9270044.0,109.97,7226224.0,6/23/2026,3.65,3.71,3.76,3.85,3.89,3.96,4.01,4.16,4.22,4.27,4.38,4.5,4.96,2026-06-23,74.62,-0.00916615303011962,-0.004154045947664044,302.2725,290.1468,-0.024010081581216425,0.015259465405694792,30.408698912635955,stable,332.568,44.8,0.0
2026-06-24,293.08,53081860.0,234.27,70282580.0,345.29,44997280.0,365.46,44509850.0,557.67,13963570.0,199.0,151810700.0,434.06,6317230.0,136.9,16212920.0,171.45,10634620.0,246.51,1684082.0,168.64,3363944.0,242.43,3472029.0,18.94,7862279.0,106.92,7321154.0,6/24/2026,3.66,3.71,3.76,3.85,3.9,3.95,3.99,4.11,4.15,4.17,4.28,4.41,4.87,2026-06-24,71.42,-0.004154045947664044,-0.06312920578599537,301.51,290.8244,0.008707623472724135,0.01526299553693211,32.68843208383717,stable,332.568,44.8,0.0
2026-06-25,275.15,107253700.0,227.01,77858480.0,343.71,44564580.0,352.83,66360470.0,542.87,16968640.0,195.74,150205600.0,409.45,11179170.0,137.55,13297160.0,172.24,7956368.0,253.56,1807156.0,171.76,2785539.0,255.06,3400230.0,19.18,7360023.0,106.41,7837923.0,6/25/2026,3.7,3.71,3.75,3.84,3.9,3.95,3.96,4.09,4.13,4.15,4.26,4.4,4.87,2026-06-25,72.67,-0.06312920578599537,0.030882886573399503,299.725,291.1508,-0.05634817202825981,0.020170046693598752,22.90477620907177,disruption,332.568,44.8,0.0
2026-06-26,283.78,261775500.0,232.69,248372100.0,337.39,114706300.0,372.97,186201600.0,550.25,18867710.0,192.53,179304100.0,399.49,10832990.0,136.54,22684230.0,171.06,13102150.0,254.06,6961329.0,171.65,3027489.0,259.37,8402920.0,19.17,5300062.0,105.96,11265220.0,6/26/2026,3.7,3.7,3.75,3.83,3.89,3.94,3.94,4.07,4.09,4.12,4.23,4.38,4.87,2026-06-26,70.3,0.030882886573399503,-0.007214630247006394,298.2885,291.49780000000004,-0.04008388864458956,0.021684693482688117,33.482893998878296,disruption,332.568,44.8,0.0
2026-06-29,281.74,66427000.0,240.14,77619230.0,353.65,34213930.0,368.57,51229890.0,562.6,15011400.0,194.97,148835700.0,414.61,8818454.0,136.06,11972700.0,168.47,8813693.0,259.22,2393247.0,174.05,2680616.0,266.32,3057850.0,19.06,7692135.0,104.2,5906030.0,6/29/2026,3.71,3.71,3.76,3.87,3.92,4.0,3.97,4.1,4.1,4.14,4.24,4.38,4.86,2026-06-29,71.87,-0.007214630247006394,0.02668692781168173,296.7725,291.86460000000005,-0.0322536323978978,0.02167574565368502,35.346358792184716,disruption,332.568,44.8,0.0
2026-06-30,289.36,65100160.0,238.34,66228260.0,357.37,35237230.0,373.02,44945700.0,563.29,18111080.0,200.09,166476700.0,431.46,6903796.0,136.72,28784050.0,165.76,19428790.0,255.67,1907652.0,169.05,3668122.0,260.44,2970033.0,19.12,10596550.0,103.96,10287240.0,6/30/2026,3.7,3.74,3.77,3.87,3.92,4.01,3.98,4.14,4.15,4.19,4.3,4.44,4.93,2026-06-30,70.56,0.02668692781168173,0.017199862120598052,295.925,292.24719999999996,-0.023817556170298904,0.022540674423669266,49.07306434023992,disruption,332.568,44.8,0.0
2026-07-01,294.38,50164230.0,241.7,53829850.0,361.21,26736450.0,384.28,48065800.0,612.91,45536310.0,197.58,146147600.0,425.25,6027599.0,136.28,12433380.0,165.69,9175518.0,264.87,1872056.0,174.5,2481464.0,269.44,2390562.0,19.05,7330610.0,103.22,5744563.0,7/1/2026,3.67,3.71,3.72,3.85,3.95,4.0,4.0,4.17,4.19,4.24,4.35,4.48,4.97,2026-07-01,69.74,0.017199862120598052,0.047271698660718856,294.884,292.6738,-0.016241144232054583,0.02183601279099869,52.05338809034908,disruption,332.568,44.8,0.0
2026-07-02,308.63,75400630.0,242.67,48298140.0,359.91,25999350.0,390.49,42194410.0,582.9,21750520.0,194.83,142385500.0,394.32,6618448.0,137.09,13708010.0,169.2,9563732.0,266.35,1722195.0,176.42,1957660.0,267.76,2113773.0,19.33,8634519.0,104.73,6934391.0,7/2/2026,3.7,3.73,3.81,3.82,3.91,3.98,3.96,4.14,4.16,4.23,4.35,4.49,4.99,2026-07-02,69.73,0.047271698660718856,0.01297318972401872,294.80249999999995,293.52299999999997,0.04284507518161851,0.024361961087744077,58.2929318703751,disruption,332.568,44.8,0.0
2026-07-06,312.66,53589980.0,244.16,40044030.0,366.46,26915810.0,386.74,34224540.0,600.29,17674070.0,195.55,108999000.0,411.8,7260436.0,136.44,13915100.0,168.1,9974281.0,268.99,1720369.0,177.33,1921339.0,270.32,1751541.0,19.25,7193022.0,103.58,5371854.0,7/6/2026,3.69,3.75,3.81,3.87,3.93,3.98,3.95,4.13,4.14,4.21,4.33,4.48,4.99,2026-07-06,69.6,0.01297318972401872,-0.006417271589417094,294.874,294.3128,0.04915942418039676,0.02453300044526834,63.81722500320885,disruption,332.568,44.8,0.0
2026-07-07,310.66,42490000.0,245.98,40579600.0,367.03,24045580.0,388.84,29297520.0,615.58,18560850.0,196.93,124154600.0,417.28,7050107.0,141.69,14667800.0,174.01,9748873.0,266.33,1838818.0,178.84,2516789.0,266.22,2249505.0,19.81,9266700.0,108.44,6754725.0,7/7/2026,3.69,3.74,3.82,3.86,3.94,3.99,4.06,4.19,4.18,4.27,4.4,4.55,5.05,2026-07-07,71.53,-0.006417271589417094,0.008749354748426186,295.04,295.0574,0.045958048550553965,0.0244020695684522,59.54167783436076,disruption,332.568,44.8,0.0
2026-07-08,313.39,41323480.0,243.62,29653040.0,361.92,22094770.0,383.34,25908260.0,603.12,13606510.0,204.12,147419100.0,431.97,9774345.0,141.13,18291410.0,175.97,9921756.0,280.68,2467740.0,187.81,3817292.0,282.88,3876012.0,19.86,8863509.0,110.72,9079618.0,7/8/2026,3.67,3.74,3.82,3.87,3.94,3.99,4.06,4.21,4.21,4.31,4.43,4.56,5.07,2026-07-08,74.56,0.008749354748426186,0.008989752573811856,295.6325,295.904,0.06486578321440706,0.024016241054251635,59.492821682543926,disruption,332.568,44.8,0.0
