Date,AAPL Close,AAPL Volume,AMZN Close,AMZN Volume,GOOGL Close,GOOGL Volume,MSFT Close,MSFT Volume,META Close,META Volume,NVDA Close,NVDA Volume,Dell Close,Dell Volume,Exxon Close,Exxon Volume,CVX Close,CVX Volume,MPC Close,MPC Volume,PSX Close,PSX Volume,VLO Close,VLO Volume,ET Close,ET Volume,COP Close,COP Volume,1 Mo,1.5 Month,2 Mo,3 Mo,4 Mo,6 Mo,1 Yr,2 Yr,3 Yr,5 Yr,7 Yr,10 Yr,20 Yr,Crude Oil
07/09/2026,$316.22,48124490,$247.04,38091690,$358.89,24729090,$384.36,31083200,$631.48,26579690,$202.78,132037400,$450.22,7927965,$137.46,14110200,$174.05,6582361,$283.30,1844236,$189.82,2599507,$281.25,2504105,$19.79,6277052,$108.02,6611946,3.72,3.72,3.79,3.83,3.91,3.96,4.02,4.16,4.18,4.27,4.4,4.54,5.06,73.15
07/08/2026,$313.39,41323480,$243.62,29653040,$361.92,22094770,$383.34,25908260,$603.12,13606510,$204.12,147419100,$431.97,9774345,$141.13,18291410,$175.97,9921756,$280.68,2467740,$187.81,3817292,$282.88,3876012,$19.86,8863509,$110.72,9079618,3.67,3.74,3.82,3.87,3.94,3.99,4.06,4.21,4.21,4.31,4.43,4.56,5.07,74.56
07/07/2026,$310.66,42490000,$245.98,40579600,$367.03,24045580,$388.84,29297520,$615.58,18560850,$196.93,124154600,$417.28,7050107,$141.69,14667800,$174.01,9748873,$266.33,1838818,$178.84,2516789,$266.22,2249505,$19.81,9266700,$108.44,6754725,3.69,3.74,3.82,3.86,3.94,3.99,4.06,4.19,4.18,4.27,4.4,4.55,5.05,71.53
07/06/2026,$312.66,53589980,$244.16,40044030,$366.46,26915810,$386.74,34224540,$600.29,17674070,$195.55,108999000,$411.80,7260436,$136.44,13915100,$168.10,9974281,$268.99,1720369,$177.33,1921339,$270.32,1751541,$19.25,7193022,$103.58,5371854,3.69,3.75,3.81,3.87,3.93,3.98,3.95,4.13,4.14,4.21,4.33,4.48,4.99,69.6
07/02/2026,$308.63,75400630,$242.67,48298140,$359.91,25999350,$390.49,42194410,$582.90,21750520,$194.83,142385500,$394.32,6618448,$137.09,13708010,$169.20,9563732,$266.35,1722195,$176.42,1957660,$267.76,2113773,$19.33,8634519,$104.73,6934391,3.7,3.73,3.81,3.82,3.91,3.98,3.96,4.14,4.16,4.23,4.35,4.49,4.99,69.73
07/01/2026,$294.38,50164230,$241.70,53829850,$361.21,26736450,$384.28,48065800,$612.91,45536310,$197.58,146147600,$425.25,6027599,$136.28,12433380,$165.69,9175518,$264.87,1872056,$174.50,2481464,$269.44,2390562,$19.05,7330610,$103.22,5744563,3.67,3.71,3.72,3.85,3.95,4,4,4.17,4.19,4.24,4.35,4.48,4.97,69.74
06/30/2026,$289.36,65100160,$238.34,66228260,$357.37,35237230,$373.02,44945700,$563.29,18111080,$200.09,166476700,$431.46,6903796,$136.72,28784050,$165.76,19428790,$255.67,1907652,$169.05,3668122,$260.44,2970033,$19.12,10596550,$103.96,10287240,3.7,3.74,3.77,3.87,3.92,4.01,3.98,4.14,4.15,4.19,4.3,4.44,4.93,70.56
06/29/2026,$281.74,66427000,$240.14,77619230,$353.65,34213930,$368.57,51229890,$562.60,15011400,$194.97,148835700,$414.61,8818454,$136.06,11972700,$168.47,8813693,$259.22,2393247,$174.05,2680616,$266.32,3057850,$19.06,7692135,$104.20,5906030,3.71,3.71,3.76,3.87,3.92,4,3.97,4.1,4.1,4.14,4.24,4.38,4.86,71.87
06/26/2026,$283.78,261775500,$232.69,248372100,$337.39,114706300,$372.97,186201600,$550.25,18867710,$192.53,179304100,$399.49,10832990,$136.54,22684230,$171.06,13102150,$254.06,6961329,$171.65,3027489,$259.37,8402920,$19.17,5300062,$105.96,11265220,3.7,3.7,3.75,3.83,3.89,3.94,3.94,4.07,4.09,4.12,4.23,4.38,4.87,70.3
06/25/2026,$275.15,107253700,$227.01,77858480,$343.71,44564580,$352.83,66360470,$542.87,16968640,$195.74,150205600,$409.45,11179170,$137.55,13297160,$172.24,7956368,$253.56,1807156,$171.76,2785539,$255.06,3400230,$19.18,7360023,$106.41,7837923,3.7,3.71,3.75,3.84,3.9,3.95,3.96,4.09,4.13,4.15,4.26,4.4,4.87,72.67
06/24/2026,$293.08,53081860,$234.27,70282580,$345.29,44997280,$365.46,44509850,$557.67,13963570,$199.00,151810700,$434.06,6317230,$136.90,16212920,$171.45,10634620,$246.51,1684082,$168.64,3363944,$242.43,3472029,$18.94,7862279,$106.92,7321154,3.66,3.71,3.76,3.85,3.9,3.95,3.99,4.11,4.15,4.17,4.28,4.41,4.87,71.42
06/23/2026,$294.30,52010930,$234.11,60492560,$346.13,34007650,$373.94,40647610,$562.20,13103320,$200.04,153496200,$427.78,6643874,$139.73,13699420,$175.98,6555262,$248.52,1501616,$170.34,3320204,$243.68,3267584,$19.22,9270044,$109.97,7226224,3.65,3.71,3.76,3.85,3.89,3.96,4.01,4.16,4.22,4.27,4.38,4.5,4.96,74.62
06/22/2026,$297.01,44879910,$232.79,68388530,$349.68,52814760,$367.34,45171110,$563.85,15405510,$208.65,122041400,$418.71,7336879,$138.47,15783290,$175.06,11108890,$247.29,1877780,$168.41,3796780,$243.78,2809958,$18.89,6800368,$109.70,6868087,3.66,3.71,3.77,3.85,3.89,3.98,4.04,4.24,4.25,4.29,4.39,4.51,4.97,78.94
06/18/2026,$298.01,85962200,$244.39,75624420,$368.03,44470070,$379.40,59714160,$577.22,28824630,$210.69,241272000,$409.50,15360640,$137.81,48063440,$173.63,19146120,$242.91,4962727,$166.14,5626599,$236.30,6141232,$18.75,12459000,$107.74,22893390,3.69,3.69,3.74,3.83,3.85,3.92,4,4.19,4.19,4.23,4.34,4.46,4.91,80.35
06/17/2026,$295.95,42745060,$237.50,44780770,$363.79,24543640,$378.91,41987830,$567.58,20478310,$204.65,128363500,$419.32,8754030,$140.74,16663230,$177.58,8430040,$244.61,2381235,$167.17,4311264,$239.77,2753727,$18.75,8304421,$111.21,7002157,3.68,3.7,3.74,3.83,3.85,3.91,3.98,4.2,4.23,4.27,4.37,4.49,4.95,80.65
06/16/2026,$299.24,39874400,$246.00,35187410,$373.25,24876100,$393.83,31506850,$600.21,11344420,$207.41,125694100,$404.08,6326463,$141.86,18925360,$180.11,6663474,$250.47,2687505,$172.00,1802858,$244.13,2976173,$18.91,8720775,$111.34,8197479,3.67,3.69,3.71,3.79,3.79,3.81,3.84,4.05,4.08,4.16,4.28,4.43,4.92,79.8
06/15/2026,$296.42,45732570,$246.02,41711580,$369.35,27727490,$399.76,32266440,$593.48,17653260,$212.45,149936700,$409.07,7036583,$140.92,23631400,$180.40,10184950,$250.86,3457029,$173.26,3029347,$247.16,4348069,$18.91,10867490,$112.26,10860510,3.69,3.7,3.71,3.79,3.79,3.81,3.84,4.07,4.1,4.18,4.32,4.47,4.97,84.65
06/12/2026,$291.13,38784790,$238.55,51251140,$359.68,24731020,$390.74,34922040,$566.98,14347770,$205.19,112345300,$395.57,6059055,$147.01,17713140,$187.22,8703363,$263.58,1701545,$179.45,2706708,$258.67,2203237,$19.07,8281246,$116.98,6616326,3.69,3.7,3.7,3.78,3.79,3.82,3.86,4.09,4.12,4.21,4.34,4.48,4.98,88.62
06/11/2026,$295.63,42572500,$241.51,41335400,$357.77,35538170,$390.34,47224140,$568.43,17627970,$204.87,158643200,$391.45,7869755,$146.60,17285830,$185.82,9274100,$260.81,2072697,$178.10,2035295,$255.60,3365622,$18.76,9615518,$115.36,6704663,3.69,3.69,3.7,3.78,3.79,3.81,3.85,4.05,4.09,4.18,4.31,4.45,4.96,91.58
06/10/2026,$291.58,52793270,$238.00,38590240,$356.38,32357130,$397.36,32576040,$570.98,17064050,$200.42,161746600,$369.83,9281213,$150.62,14596500,$189.80,10041820,$263.28,2109252,$181.72,2029321,$257.99,2522859,$19.04,8584522,$119.92,8723310,3.69,3.7,3.72,3.79,3.8,3.82,3.9,4.13,4.17,4.27,4.4,4.55,5.04,93.68
06/09/2026,$290.55,70108850,$244.19,44425360,$364.26,29535070,$403.41,35317300,$584.59,16977380,$208.19,180962500,$381.78,10471830,$148.91,18163530,$186.76,8469927,$258.15,3233561,$179.00,1682402,$253.78,2724426,$19.06,8068894,$116.79,6289033,3.69,3.69,3.71,3.79,3.79,3.82,3.9,4.13,4.16,4.26,4.39,4.53,5.02,91.9
06/08/2026,$301.54,77949080,$245.22,33899530,$363.31,27942460,$411.74,32086710,$585.39,19512440,$208.64,138372800,$400.77,8569719,$151.75,13870880,$189.24,6112985,$266.17,1814678,$183.42,1938079,$258.39,3043196,$19.34,8642555,$118.89,4758803,3.7,3.7,3.71,3.8,3.79,3.83,3.85,4.15,4.21,4.29,4.42,4.56,5.05,95
06/05/2026,$307.34,65310500,$246.03,55607840,$368.53,37471210,$416.67,34782160,$593.00,30091610,$205.10,219655500,$394.39,10990350,$149.92,16583960,$187.31,6310890,$262.01,2160705,$183.08,2229359,$255.82,2427948,$19.39,12259800,$117.14,5989876,3.71,3.71,3.71,3.78,3.78,3.81,3.88,4.17,4.22,4.29,4.41,4.55,5.03,94.32
06/04/2026,$311.23,44869130,$253.79,35609770,$372.19,44055520,$428.05,26899510,$627.57,21469250,$218.66,169022200,$422.05,12297420,$152.04,11799390,$188.35,5163208,$267.05,2123377,$184.14,1309822,$258.85,2288438,$19.62,8314364,$119.23,4813505,3.71,3.7,3.7,3.78,3.76,3.78,3.82,4.05,4.1,4.18,4.32,4.47,4.98,96.83
06/03/2026,$310.26,50836710,$250.02,51394190,$358.99,55441580,$427.34,39037010,$622.98,23020060,$214.75,160907000,$421.08,14231060,$152.53,14372960,$189.71,7983695,$267.21,2333788,$184.68,1846606,$261.45,2691548,$19.55,9184027,$119.05,7091676,3.71,3.71,3.72,3.78,3.77,3.78,3.84,4.08,4.14,4.21,4.34,4.49,5,99.76
06/02/2026,$315.20,44534720,$256.52,41810980,$361.85,50412300,$441.31,37036800,$597.63,18251960,$222.82,193362900,$435.31,16018500,$149.56,10462400,$187.55,6549849,$263.06,2350370,$182.56,1309328,$258.26,2357800,$19.54,8094246,$116.87,6113636,3.72,3.71,3.73,3.77,3.79,3.78,3.82,4.05,4.09,4.17,4.31,4.46,4.97,97.47
06/01/2026,$306.31,48849930,$261.26,53604380,$376.37,28672120,$460.52,53628910,$600.47,29138810,$224.36,212850700,$465.96,20849200,$149.38,16732080,$185.83,8850520,$258.66,2426906,$180.24,1881281,$252.52,2383574,$19.27,7948688,$115.58,7449906,3.72,3.71,3.73,3.78,3.8,3.79,3.83,4.05,4.09,4.18,4.32,4.47,4.99,95.96
05/29/2026,$312.06,70026750,$270.64,54749560,$380.34,44415850,$450.24,79654380,$632.51,19806540,$211.14,289410600,$420.91,41832950,$145.26,27959900,$182.46,13894030,$248.77,2862454,$175.88,3299111,$244.82,3996753,$19.17,9978719,$113.98,12402910,3.72,3.71,3.71,3.69,3.78,3.78,3.79,3.98,4.06,4.13,4.27,4.45,4.98,91.16
05/28/2026,$312.51,48220390,$274.00,40630390,$390.13,24357460,$426.99,47250540,$635.29,16772380,$214.25,143996000,$317.05,26611340,$146.96,14012470,$183.03,8734223,$251.33,2826342,$176.71,2235864,$244.85,2565547,$19.42,6809141,$114.99,5989877,3.72,3.71,3.71,3.69,3.78,3.79,3.8,3.99,4.07,4.15,4.29,4.45,4.98,92.65
05/27/2026,$310.85,50430920,$271.85,40061860,$388.83,23087290,$412.67,28901480,$635.26,23143590,$212.60,167601200,$305.32,8262376,$147.90,16241130,$182.40,9449494,$247.05,1995632,$174.63,2389073,$240.34,2334390,$19.33,8652359,$115.13,5830454,3.72,3.7,3.69,3.68,3.77,3.79,3.8,4,4.09,4.17,4.32,4.48,5.01,92.35
05/26/2026,$308.33,48000490,$265.29,38028120,$388.88,27747390,$416.03,30398050,$612.34,12234170,$214.86,187202600,$305.08,10305680,$149.81,13057760,$184.71,14264570,$248.05,2404770,$173.88,1748725,$241.45,2758480,$19.60,14019710,$116.57,7180740,3.72,3.7,3.69,3.68,3.78,3.8,3.82,4.01,4.1,4.19,4.33,4.5,5.03,97.63
05/22/2026,$308.82,43670220,$266.32,27535530,$382.97,20442120,$418.57,22390340,$610.26,11688620,$215.33,169275700,$295.19,15291500,$154.92,12948450,$191.43,7218280,$254.65,1926483,$177.69,1899285,$246.96,2533297,$20.07,6870163,$120.46,4949755,3.72,3.69,3.69,3.68,3.78,3.79,3.86,4.13,4.18,4.27,4.41,4.56,5.06,100.35
05/21/2026,$304.99,42965130,$268.46,36591740,$387.66,24852840,$419.09,31393470,$607.38,13476080,$219.51,203381800,$252.80,5075014,$155.29,17061720,$191.01,9051159,$248.43,2623975,$174.05,2718401,$241.09,3610742,$20.01,6657433,$120.55,5754521,3.72,3.68,3.69,3.68,3.76,3.78,3.83,4.08,4.13,4.25,4.41,4.57,5.09,100.2
05/20/2026,$302.25,38229840,$265.01,34933150,$388.91,31744400,$421.06,27864020,$605.06,11329710,$223.47,184201600,$242.93,4332860,$156.28,18509730,$191.33,14564890,$258.37,2210133,$179.34,2240362,$253.77,2959463,$20.16,15360980,$122.36,5665688,3.65,3.65,3.65,3.65,3.74,3.75,3.79,4.04,4.11,4.22,4.39,4.57,5.1,101.69
05/19/2026,$298.97,42243560,$259.34,40340700,$387.66,39545670,$417.42,33018680,$602.61,11749950,$220.61,140948200,$235.26,4082709,$162.55,20715550,$197.25,11819220,$263.02,1770656,$182.38,2842200,$262.62,3842015,$20.39,11951150,$125.11,6029008,3.66,3.66,3.66,3.67,3.75,3.77,3.83,4.13,4.2,4.32,4.5,4.67,5.19,112.09
05/18/2026,$297.84,34482960,$264.86,33690790,$396.94,26837200,$423.54,32564130,$611.21,13772440,$222.32,146280900,$238.03,5132555,$160.49,20065230,$196.12,9869705,$259.53,2032307,$179.80,1984138,$258.52,3255633,$20.19,9235143,$124.54,5805180,3.69,3.68,3.68,3.68,3.76,3.77,3.81,4.07,4.14,4.27,4.43,4.61,5.14,112.25
05/15/2026,$300.23,54862840,$264.14,40770340,$396.78,20309700,$421.92,50771160,$614.23,13272570,$225.32,180977600,$241.99,4833109,$157.92,27882410,$191.10,11210810,$255.03,2156867,$176.20,2066210,$250.74,3126151,$20.15,10954250,$122.41,7059485,3.71,3.7,3.69,3.69,3.76,3.77,3.82,4.09,4.14,4.26,4.43,4.59,5.14,108.99
05/14/2026,$298.21,35324920,$267.22,31338440,$401.07,21136720,$409.43,27077540,$618.43,10651170,$235.74,180782900,$247.89,6241866,$152.78,11331470,$186.64,6222359,$248.82,2009720,$171.51,2186443,$244.77,2193038,$20.36,12903510,$118.97,5316392,3.72,3.71,3.7,3.69,3.76,3.76,3.79,4,4.04,4.13,4.29,4.47,5.01,104.66
05/13/2026,$298.87,52684260,$270.13,39670920,$402.62,28144560,$405.21,29667070,$616.63,14634390,$225.83,150405400,$243.87,5008542,$151.57,15772780,$186.00,7554713,$249.09,4157711,$171.82,3347001,$244.10,2240802,$20.10,12908960,$117.40,5977149,3.71,3.71,3.7,3.69,3.76,3.77,3.79,3.98,4,4.12,4.28,4.46,5.03,104.52
05/12/2026,$294.80,45748130,$265.82,36776220,$387.35,26017490,$407.77,38594220,$603.00,11351560,$220.78,159176600,$238.94,7150812,$150.63,16443100,$185.95,8995139,$251.99,2669562,$175.43,3256854,$247.12,3387378,$20.00,14515220,$117.87,6875254,3.71,3.72,3.69,3.7,3.77,3.77,3.8,4,4.01,4.12,4.29,4.46,5.02,105.78
05/11/2026,$292.68,42247290,$268.99,38176700,$388.64,30753740,$412.66,35657940,$598.86,15940620,$219.44,160685800,$247.04,11517040,$149.68,14849470,$184.74,12042060,$252.48,2429065,$175.36,2432410,$248.13,3045482,$19.61,10314780,$115.55,6200051,3.71,3.7,3.69,3.7,3.77,3.77,3.79,3.95,3.96,4.07,4.24,4.42,4.97,101.56
05/08/2026,$293.32,52692760,$272.68,34732680,$400.80,21461850,$415.12,33383790,$609.63,13556960,$215.20,136421400,$260.46,12168100,$144.57,19550070,$181.62,13053000,$244.87,2575017,$171.56,2917678,$241.06,3409241,$19.34,11411130,$113.87,8009464,3.71,3.7,3.68,3.69,3.75,3.74,3.75,3.9,3.92,4.02,4.19,4.38,4.93,98.87
05/07/2026,$287.44,45224300,$271.17,35892880,$397.99,24433490,$420.77,34942450,$616.81,12307370,$211.50,168307900,$230.27,4848341,$146.58,22509400,$182.50,12194040,$242.26,2458113,$168.31,2477480,$236.35,3826249,$19.92,12036300,$114.88,10356590,3.72,3.7,3.69,3.69,3.75,3.74,3.76,3.92,3.94,4.04,4.22,4.41,4.96,98.38
05/06/2026,$287.51,58336070,$274.99,44551960,$398.04,31308480,$413.96,30285900,$612.88,19915460,$207.83,188362800,$238.80,9187209,$148.69,20526980,$185.16,11082890,$245.78,2664476,$171.72,2379379,$236.69,4444319,$19.87,16085160,$118.90,13180790,3.7,3.7,3.69,3.69,3.75,3.74,3.73,3.87,3.89,3.99,4.17,4.36,4.92,98.75
05/05/2026,$284.18,49311710,$273.55,41908530,$388.43,23878630,$411.38,25700890,$604.96,17171300,$196.50,113406600,$216.32,4360824,$154.88,12494640,$192.64,5642810,$260.51,2500233,$180.26,1687776,$253.45,2829484,$20.39,42154690,$123.32,7258347,3.7,3.7,3.7,3.69,3.75,3.75,3.77,3.93,3.97,4.08,4.25,4.43,4.98,105.66
05/04/2026,$276.83,46668400,$272.05,49083730,$383.25,26298570,$413.62,28066530,$610.41,16203900,$198.48,125368100,$211.64,3842381,$153.69,14238530,$192.28,8229501,$252.54,2316770,$178.47,2368941,$251.63,2844030,$20.08,34115160,$124.91,7793482,3.71,3.7,3.7,3.7,3.76,3.76,3.78,3.95,3.98,4.08,4.26,4.45,5.01,109.76
05/01/2026,$280.14,79915440,$268.26,50825230,$385.69,30105230,$414.44,31372360,$608.75,21404030,$198.45,128647000,$210.17,3010589,$152.75,15458210,$190.63,10435910,$246.15,1841853,$176.19,2431721,$246.87,2480432,$19.94,15321590,$123.19,7784340,3.71,3.71,3.7,3.68,3.76,3.71,3.73,3.88,3.91,4.02,4.2,4.39,4.96,105.38
04/30/2026,$271.35,91848230,$265.06,100974900,$384.80,72039990,$407.78,70909410,$611.91,52764980,$199.57,225239200,$208.95,5635830,$154.33,22885900,$193.31,11748640,$248.29,2356722,$179.15,3613548,$252.58,3529509,$20.19,30718320,$125.78,11948020,3.72,3.71,3.71,3.68,3.76,3.71,3.72,3.88,3.91,4.02,4.2,4.4,4.97,108.64
04/29/2026,$270.17,30047870,$263.04,72367910,$349.94,35376330,$424.46,38288320,$669.12,18947460,$209.25,123711800,$205.66,3635688,$154.67,14669140,$192.22,8644636,$241.81,2686002,$173.49,3756734,$251.30,3673544,$19.76,11851690,$128.25,9676863,3.68,3.7,3.72,3.68,3.77,3.73,3.75,3.92,3.94,4.05,4.23,4.42,4.97,110.47
04/28/2026,$270.71,40018940,$259.70,42204450,$349.78,27824050,$429.25,30438090,$671.34,10606760,$213.17,180275400,$205.93,4437704,$150.56,15173620,$188.36,10754870,$232.59,1924651,$165.13,2828851,$240.27,2528331,$19.41,23775620,$124.32,7241070,3.68,3.7,3.72,3.68,3.69,3.72,3.71,3.84,3.86,3.97,4.16,4.36,4.92,103.45
04/27/2026,$267.61,41466760,$261.12,44906840,$350.34,28576890,$424.82,30867300,$678.62,12805220,$216.61,187172400,$215.97,5820969,$148.19,13940840,$184.78,10836590,$227.21,1883174,$164.10,2771426,$238.25,2299140,$19.05,6840262,$121.68,12215400,3.7,3.72,3.72,3.68,3.7,3.72,3.69,3.78,3.83,3.94,4.14,4.35,4.92,99.89
04/24/2026,$271.06,38157110,$263.99,53777350,$344.40,26426060,$424.62,27457400,$675.03,13348280,$208.27,214134400,$216.09,4621365,$148.91,13735860,$185.21,9626654,$224.14,1523642,$162.85,2434498,$235.85,1666182,$19.08,20323280,$121.76,10968290,3.69,3.72,3.71,3.69,3.69,3.71,3.67,3.78,3.8,3.92,4.1,4.31,4.88,98.42
04/23/2026,$273.43,33399640,$255.08,39091390,$338.89,18650260,$415.75,38307960,$659.15,11666980,$199.64,113561800,$212.14,4421454,$150.53,12970400,$187.60,6684691,$221.10,2249374,$159.53,2287087,$233.83,2361671,$19.15,6698445,$124.37,7958110,3.69,3.72,3.72,3.69,3.7,3.72,3.7,3.83,3.84,3.96,4.13,4.34,4.9,99.27
04/22/2026,$273.17,43249200,$255.36,36065070,$339.32,20293010,$432.92,29378170,$674.72,9215603,$202.50,107501000,$214.65,5482147,$149.50,13738700,$186.32,8708288,$222.07,2240673,$160.65,1945784,$234.36,2294507,$19.07,7544393,$122.60,6562715,3.68,3.71,3.7,3.69,3.69,3.72,3.69,3.79,3.81,3.91,4.1,4.3,4.87,94.76
04/21/2026,$266.17,50209760,$249.91,42922400,$332.29,23123800,$424.16,32048500,$668.84,8660100,$199.88,107945300,$212.36,9078170,$148.36,17515930,$185.98,9799016,$220.35,1466612,$159.38,1807446,$233.39,2685216,$18.96,9476937,$120.26,8138860,3.67,3.72,3.71,3.69,3.7,3.73,3.69,3.78,3.8,3.91,4.09,4.3,4.87,93.64
04/20/2026,$273.05,36590170,$248.28,39463110,$337.42,18784230,$418.07,27582240,$670.91,12533950,$202.06,119381400,$204.24,7155812,$147.68,16354430,$183.25,9661126,$214.12,1417375,$155.75,2119584,$226.28,3302051,$18.91,19042960,$116.45,6124672,3.69,3.7,3.72,3.71,3.7,3.72,3.65,3.72,3.73,3.86,4.04,4.26,4.85,91.06
04/17/2026,$270.23,61436230,$250.56,52029290,$341.68,25581880,$422.79,48568190,$688.55,16283480,$201.68,160324400,$196.55,6311200,$146.44,28947450,$183.99,15720620,$213.69,3800321,$156.37,3694416,$223.65,6989060,$18.86,13943180,$116.04,11665730,3.69,3.7,3.73,3.7,3.69,3.69,3.64,3.71,3.72,3.84,4.04,4.26,4.85,85.91
04/16/2026,$263.40,43323110,$249.70,41895710,$336.02,20541490,$420.26,41642360,$676.87,9544835,$198.35,134012900,$193.09,11474730,$151.98,15191030,$188.15,8013218,$226.24,2068063,$163.33,2480744,$241.74,1925190,$18.87,7617193,$121.57,6904336,3.69,3.7,3.73,3.7,3.7,3.71,3.69,3.78,3.8,3.91,4.1,4.32,4.9,96.46
04/15/2026,$266.43,49913510,$248.50,43045160,$337.12,24918840,$411.22,45063390,$671.58,14952580,$198.87,185338400,$177.28,7793327,$149.01,15626520,$184.91,8661597,$223.03,1528043,$161.44,2311457,$235.00,2286874,$18.71,17951340,$118.92,6592499,3.72,3.72,3.74,3.71,3.71,3.72,3.7,3.76,3.79,3.9,4.08,4.29,4.87,93.04
04/14/2026,$258.83,48370710,$249.02,72685030,$332.91,27721350,$393.11,37504490,$662.49,17817960,$196.51,161307000,$184.51,6256367,$149.24,18528160,$187.02,12111010,$223.93,1524260,$158.76,2481173,$235.58,2830074,$18.73,10557960,$118.79,9849214,3.71,3.72,3.72,3.71,3.7,3.73,3.71,3.76,3.76,3.87,4.06,4.26,4.84,93.07
04/13/2026,$259.20,36234700,$239.89,42166150,$321.31,18866420,$384.37,35745780,$634.53,9538931,$189.31,133648200,$189.79,10506650,$152.64,18685610,$191.78,12000230,$225.29,2039711,$160.40,3222139,$242.08,2772454,$18.85,15476380,$123.62,8639417,3.69,3.71,3.71,3.71,3.7,3.74,3.7,3.78,3.79,3.92,4.1,4.3,4.88,100.72
04/10/2026,$260.48,31291470,$238.38,56912840,$317.24,19152630,$370.87,28111130,$629.86,13294840,$188.63,160459500,$177.80,4279738,$152.51,21065020,$188.55,11151390,$222.62,2216710,$159.25,2927059,$238.82,2896884,$19.19,8317612,$122.55,10487660,3.67,3.69,3.7,3.69,3.69,3.72,3.7,3.81,3.8,3.94,4.12,4.31,4.89,98.34
04/09/2026,$260.49,28121570,$233.65,65964170,$318.49,23739170,$373.07,30435300,$628.39,19012910,$183.91,116428500,$181.46,4500859,$155.04,25868380,$190.36,11634000,$223.52,2865043,$161.07,3309653,$235.10,3905419,$19.09,29227580,$123.47,9069416,3.66,3.67,3.69,3.68,3.68,3.71,3.68,3.78,3.77,3.91,4.1,4.29,4.88,99.62
04/08/2026,$258.90,41032770,$221.25,51092700,$317.32,33547140,$374.33,33064820,$612.42,32036640,$182.08,147732700,$185.47,7212000,$156.22,31311200,$192.89,17195450,$231.98,2924066,$168.00,3781849,$239.64,5313912,$19.08,41581040,$125.22,12713760,3.67,3.69,3.71,3.69,3.69,3.73,3.69,3.79,3.78,3.92,4.1,4.29,4.87,96.17
04/07/2026,$253.50,62148010,$213.77,28154560,$305.46,23205360,$372.29,21443350,$575.05,9580843,$178.10,132534900,$177.69,5753013,$163.91,25227500,$201.54,11672590,$245.42,1975993,$174.70,3815599,$251.49,3611687,$19.12,23959120,$131.77,6794313,3.68,3.7,3.72,3.71,3.71,3.73,3.68,3.81,3.82,3.95,4.13,4.33,4.9,114.58
04/06/2026,$258.86,29329910,$212.79,25385500,$299.99,16945490,$372.88,16146570,$573.02,9515651,$177.64,107564300,$173.18,3925402,$163.37,16344260,$198.86,8245691,$241.40,1490458,$177.33,2247672,$245.58,1486934,$18.96,22028740,$131.64,4210017,3.72,3.72,3.74,3.72,3.72,3.74,3.72,3.84,3.88,3.98,4.16,4.34,4.89,114.01
04/02/2026,$255.92,31289370,$209.77,31453040,$295.77,21666470,$373.46,24099070,$574.46,13518550,$177.39,143143200,$174.37,5217126,$160.69,25377660,$198.97,11528050,$241.73,1842716,$176.21,2947467,$244.09,2669334,$18.93,14136210,$130.52,7383761,3.72,3.72,3.73,3.7,3.71,3.72,3.68,3.79,3.82,3.94,4.12,4.31,4.88,113.23
04/01/2026,$255.63,40059430,$210.57,45955400,$297.39,37684460,$369.37,29417210,$579.23,23608130,$175.75,168132000,$169.38,7311128,$160.78,37927640,$197.41,23051860,$238.16,3277727,$175.64,5706991,$241.46,5062262,$19.02,21625250,$128.38,12979930,3.74,3.72,3.71,3.7,3.7,3.72,3.68,3.81,3.84,3.97,4.15,4.33,4.91,101.9
03/31/2026,$253.79,49598090,$208.27,58470080,$287.56,43875400,$370.17,45244370,$572.13,32898270,$174.40,226181300,$164.13,13713720,$169.66,32006720,$206.90,17403890,$244.18,3033808,$182.18,4551745,$247.08,3743951,$19.30,19321100,$132.00,13519320,3.74,3.73,3.72,3.7,3.7,3.72,3.68,3.79,3.81,3.92,4.11,4.3,4.88,102.86
03/30/2026,$246.63,39446210,$200.95,46373800,$273.50,35141240,$358.96,44797000,$536.38,22795200,$165.17,185627000,$164.66,10135270,$171.47,29813500,$210.71,10409050,$245.16,2631201,$184.81,2805294,$250.27,4123829,$19.59,16221810,$132.89,8913896,3.74,3.72,3.71,3.71,3.71,3.73,3.71,3.82,3.85,3.97,4.16,4.35,4.92,104.69
03/27/2026,$248.80,47900000,$199.34,56009760,$274.34,35890610,$356.77,37883400,$525.72,30133010,$167.52,196212700,$171.81,8011470,$170.99,30338310,$211.15,13907760,$251.91,2449748,$188.28,3568429,$254.32,4529957,$19.67,17016670,$133.80,9182906,3.74,3.73,3.72,3.73,3.72,3.75,3.77,3.88,3.94,4.06,4.25,4.44,4.99,101.26
03/26/2026,$252.89,41796650,$207.54,46745980,$280.92,39080580,$365.97,36836570,$547.54,35780130,$171.24,186152200,$175.82,11061280,$165.43,18625250,$207.79,11085590,$248.31,2038258,$184.01,3276081,$248.14,4151069,$19.44,10434230,$133.25,8168016,3.74,3.73,3.73,3.73,3.73,3.77,3.83,3.96,4,4.08,4.25,4.42,4.96,96.18
03/25/2026,$252.62,28476670,$211.71,36388790,$290.93,29460670,$371.04,31181160,$594.89,12585030,$178.68,162602100,$184.01,11330770,$163.26,17192330,$205.15,8865023,$241.25,2259908,$181.29,2658212,$234.54,4480863,$19.14,11485130,$128.93,7495794,3.73,3.72,3.72,3.73,3.72,3.76,3.77,3.84,3.88,3.96,4.15,4.33,4.9,91.51
03/24/2026,$251.64,45152290,$207.24,35351430,$290.44,36864280,$372.74,42733630,$592.92,10739740,$175.20,147667800,$176.91,15886500,$165.38,26131820,$206.79,16695530,$243.91,3513209,$184.12,4235516,$241.75,3678286,$19.21,11733790,$129.35,10439710,3.74,3.72,3.72,3.74,3.73,3.78,3.81,3.9,3.93,4.03,4.21,4.39,4.95,93.18
03/23/2026,$251.49,40546110,$210.14,44277360,$302.06,29326950,$383.00,29680060,$604.06,13637960,$175.64,182836300,$164.59,10721330,$161.13,25021290,$205.21,15735740,$232.53,2894701,$176.76,3061111,$237.39,3904510,$19.06,14713520,$127.19,10584040,3.73,3.71,3.72,3.74,3.72,3.77,3.76,3.83,3.85,3.95,4.15,4.34,4.93,89.33
03/20/2026,$247.99,88331080,$205.37,63694600,$301.00,44364080,$381.87,50853150,$593.66,21214900,$172.70,241323500,$157.67,23135870,$159.67,53942140,$201.73,35849470,$232.53,6344065,$175.47,6069209,$239.86,19803130,$19.01,17417210,$126.92,31963980,3.73,3.71,3.72,3.74,3.73,3.79,3.8,3.88,3.9,4.01,4.2,4.39,4.97,98.71
03/19/2026,$248.96,34864080,$208.76,36440620,$307.13,25075830,$389.02,25138770,$606.70,13247700,$178.56,170968500,$156.76,7715340,$158.16,27082730,$201.44,16918430,$235.78,4218919,$178.34,5247863,$242.07,4205508,$18.96,17580230,$126.02,11205370,3.73,3.71,3.72,3.73,3.71,3.76,3.73,3.79,3.79,3.88,4.06,4.25,4.82,96.11
03/18/2026,$249.94,35757870,$209.87,37846640,$307.69,20009820,$391.79,25908480,$615.68,11726300,$180.40,156683100,$149.21,5460722,$157.59,18947140,$198.61,13305000,$236.24,3006527,$172.74,4505826,$238.46,3527511,$18.66,10599130,$123.65,10273030,3.73,3.72,3.72,3.73,3.71,3.74,3.68,3.76,3.76,3.87,4.05,4.26,4.84,96.12
03/17/2026,$254.23,32361610,$215.20,44969940,$310.92,21955170,$399.41,26228280,$622.66,10348760,$181.93,182497800,$153.01,6675798,$158.81,21592170,$197.97,14018580,$233.26,2007991,$172.71,3685490,$235.96,2500782,$18.79,22591770,$122.87,7953143,3.74,3.72,3.72,3.72,3.69,3.71,3.63,3.68,3.68,3.79,3.98,4.2,4.81,96.01
03/16/2026,$252.82,32074210,$211.74,42209320,$305.56,23519710,$399.95,27733720,$627.45,15134850,$183.22,217307400,$156.54,7923360,$157.23,22835630,$196.84,12683920,$228.94,2739893,$173.48,3140642,$232.57,2648708,$18.74,13539490,$121.32,7556780,3.75,3.73,3.72,3.72,3.69,3.72,3.64,3.68,3.69,3.8,4,4.23,4.83,93.39
03/13/2026,$250.12,36929990,$207.67,35662140,$302.28,23693090,$395.55,26848000,$613.71,18957640,$180.25,160988400,$151.62,6441089,$156.12,22414090,$196.82,13016950,$226.18,2613173,$172.74,3607149,$230.59,4087991,$18.75,16727410,$121.89,10884490,3.75,3.74,3.71,3.72,3.69,3.7,3.66,3.73,3.74,3.87,4.07,4.28,4.89,98.48
03/12/2026,$255.76,40794020,$209.53,44349500,$303.55,24928350,$401.86,27263890,$638.18,11617490,$183.14,155762700,$149.91,7340868,$153.53,26053970,$196.97,27151830,$230.07,4233167,$174.09,6527694,$235.81,4989950,$18.56,14609540,$120.26,12766370,3.76,3.74,3.72,3.72,3.69,3.7,3.66,3.76,3.75,3.88,4.06,4.27,4.86,95.61
03/11/2026,$260.81,26218930,$212.65,34199300,$308.70,24125710,$404.88,25512140,$654.86,8977162,$186.03,145280400,$147.37,5405664,$151.58,15297410,$191.79,11371740,$226.74,2223300,$169.50,3784895,$231.05,3765533,$18.75,10301530,$117.03,9528436,3.75,3.73,3.7,3.71,3.69,3.68,3.6,3.64,3.64,3.79,3.98,4.21,4.82,86.8
03/10/2026,$260.83,30590770,$214.33,35678830,$307.04,23239680,$405.76,31706380,$654.07,9859250,$184.77,179118500,$143.80,7518682,$148.13,19617590,$186.29,11999550,$215.23,2189715,$162.50,3616432,$217.02,3952895,$18.30,14930640,$114.15,13917880,3.75,3.74,3.71,3.71,3.69,3.68,3.56,3.57,3.58,3.73,3.93,4.15,4.74,83.71
03/09/2026,$259.88,38218530,$213.49,54642930,$306.36,29312150,$409.41,30131850,$647.39,13489740,$182.65,177213600,$146.51,7400609,$150.44,25532660,$189.44,15987490,$215.70,4136742,$163.00,4719134,$215.95,6476277,$18.59,15589700,$117.03,13694740,3.75,3.73,3.72,3.71,3.68,3.68,3.56,3.56,3.58,3.71,3.9,4.12,4.7,94.65
03/06/2026,$257.46,41120040,$213.21,51152720,$298.52,25576920,$408.96,31123860,$644.86,13159360,$177.82,189021900,$146.48,7100433,$151.21,21136430,$189.94,13073120,$221.28,3399056,$165.96,3481513,$224.63,4337267,$18.74,15995230,$117.07,11554610,3.75,3.74,3.72,3.69,3.67,3.66,3.55,3.56,3.59,3.72,3.93,4.15,4.74,90.77
03/05/2026,$260.29,49658630,$218.94,60943450,$300.88,35752320,$410.68,39001320,$660.57,13341370,$183.34,198779700,$146.52,7032450,$150.76,22969270,$189.90,13567160,$217.36,3731696,$166.44,4350130,$228.03,6142430,$18.67,18849960,$116.82,9881261,3.75,3.74,3.72,3.7,3.68,3.68,3.59,3.57,3.59,3.72,3.92,4.13,4.71,80.88
03/04/2026,$262.52,39803120,$216.82,54731100,$303.13,29536190,$405.20,35807990,$667.73,10810050,$183.04,177731200,$147.10,8505495,$149.82,16764760,$186.03,11054380,$220.77,3440376,$164.72,2823384,$225.60,4221400,$18.76,10778290,$115.65,10160640,3.75,3.75,3.75,3.71,3.68,3.68,3.58,3.54,3.55,3.67,3.87,4.09,4.67,74.58
03/03/2026,$263.75,38568920,$208.73,43184920,$303.58,35496960,$403.93,38199210,$655.08,12263750,$180.05,178099400,$145.18,15258240,$151.83,25198870,$188.77,14004160,$211.98,2759358,$159.78,2919711,$217.71,5393748,$18.86,17409570,$118.52,17354690,3.75,3.75,3.74,3.71,3.67,3.68,3.55,3.51,3.5,3.63,3.83,4.06,4.65,74.48
03/02/2026,$264.72,41827950,$208.39,46001010,$306.52,34790200,$398.55,35474910,$653.56,9816125,$182.48,209095300,$153.55,12554160,$154.22,31493080,$189.60,15809120,$209.82,3771754,$160.18,2939487,$214.91,5489283,$19.10,17169160,$118.24,19667900,3.74,3.74,3.74,3.72,3.68,3.68,3.54,3.47,3.49,3.62,3.82,4.05,4.64,71.13
02/27/2026,$264.18,72366510,$210.00,57422780,$311.76,44640640,$392.74,51367200,$648.18,15703040,$177.19,311636500,$148.08,33475580,$152.50,30275130,$186.76,12035510,$198.21,4760546,$154.33,4251372,$204.64,2993523,$18.84,10326470,$113.46,9009879,3.74,3.73,3.73,3.67,3.67,3.6,3.48,3.38,3.39,3.51,3.72,3.97,4.57,66.96
02/26/2026,$272.95,32345110,$207.92,47756770,$307.38,36431230,$401.72,34405870,$657.01,10637740,$184.89,360807900,$121.45,14418100,$148.54,15632100,$184.16,7133769,$201.07,2021416,$152.46,2476283,$203.79,2343372,$18.69,9721286,$110.70,7205841,3.74,3.74,3.75,3.68,3.68,3.61,3.52,3.42,3.46,3.57,3.78,4.02,4.6,65.1
02/25/2026,$274.23,33714340,$210.64,41346380,$312.90,29963620,$400.60,43625480,$653.69,11330690,$195.56,250637100,$123.48,8220005,$149.06,15225750,$184.22,9440721,$195.77,1886423,$151.91,2856661,$199.64,2260935,$18.59,9926908,$110.01,6907312,3.71,3.74,3.73,3.69,3.68,3.62,3.53,3.45,3.49,3.61,3.82,4.05,4.63,65.3
02/24/2026,$272.14,47014620,$208.56,41137160,$310.90,25615650,$389.00,33884650,$639.30,10135650,$192.85,175123600,$119.78,4937680,$149.26,14185460,$185.34,7451798,$195.29,1938304,$154.36,1712099,$199.33,1896747,$18.80,12475090,$110.59,5152249,3.72,3.75,3.73,3.69,3.7,3.62,3.52,3.43,3.47,3.61,3.81,4.04,4.63,65.62
02/23/2026,$266.18,37308160,$205.27,53581510,$311.49,31422970,$384.47,43238270,$637.25,8605909,$191.55,171584800,$119.14,6962259,$150.76,16073090,$184.91,7047219,$192.82,2214175,$154.85,2905001,$197.39,2016567,$18.82,17671620,$109.88,4872200,3.72,3.74,3.74,3.69,3.7,3.62,3.5,3.43,3.45,3.59,3.79,4.03,4.63,66.36
02/20/2026,$264.58,42070500,$210.11,65881610,$314.98,53210820,$397.23,34015250,$655.66,14183510,$189.82,178422300,$122.27,7763458,$147.28,25908580,$183.93,9566208,$196.76,1714061,$155.75,2604329,$200.76,1979139,$18.98,11115230,$110.53,6822988,3.72,3.73,3.74,3.69,3.71,3.61,3.51,3.48,3.5,3.65,3.85,4.08,4.66,66.69
02/19/2026,$260.58,30845290,$204.86,35669610,$302.85,25834400,$398.46,28234000,$644.78,10035700,$187.90,126554500,$119.06,7042264,$150.97,20305030,$184.78,10773340,$196.47,2013361,$155.41,2301713,$199.24,2187636,$18.90,19064250,$111.59,8851738,3.72,3.74,3.75,3.69,3.7,3.6,3.5,3.47,3.5,3.65,3.85,4.08,4.64,66.66
02/18/2026,$264.35,34203340,$204.79,51003300,$303.33,28482080,$399.60,23223420,$643.22,14649200,$187.98,164749100,$116.78,5783427,$150.68,19849670,$183.87,10313430,$199.57,1561629,$157.40,2608623,$199.46,2052493,$18.86,21296630,$110.52,9456225,3.71,3.74,3.73,3.7,3.7,3.6,3.49,3.47,3.5,3.66,3.86,4.09,4.65,65.33
02/17/2026,$263.88,58469090,$201.15,69879200,$302.02,39247560,$396.86,32078790,$639.29,12674740,$184.97,162276900,$116.09,5303651,$146.19,19766570,$180.55,9849048,$200.54,2222289,$158.16,4098397,$197.34,2203840,$18.61,19509970,$108.78,7619442,3.72,3.75,3.73,3.69,3.7,3.59,3.48,3.43,3.47,3.63,3.82,4.05,4.63,62.53
02/13/2026,$255.78,56290670,$198.79,66321590,$305.72,38499700,$401.32,34091550,$639.77,12336360,$182.81,161888000,$117.49,10480400,$148.45,20166030,$183.74,9034683,$203.26,1592788,$159.77,1806093,$200.17,2170723,$18.75,27421290,$111.43,6836436,3.72,3.71,3.73,3.68,3.7,3.59,3.42,3.4,3.43,3.61,3.81,4.04,4.64,63.08
02/12/2026,$261.73,81077230,$199.60,83975390,$309.00,47761290,$401.84,40802360,$649.81,14960110,$186.94,189932500,$112.82,11756650,$149.93,30652470,$182.40,9673715,$198.02,1917441,$156.26,2275184,$196.91,3189466,$18.26,17938270,$110.83,12517720,3.72,3.71,3.74,3.7,3.7,3.58,3.45,3.47,3.49,3.67,3.87,4.09,4.68,64.8
02/11/2026,$275.50,51931280,$204.08,65545460,$310.96,45406410,$404.37,42491010,$668.69,14323820,$190.05,144192700,$124.16,5431215,$155.56,23091490,$185.82,10502120,$208.64,1629160,$161.50,2048391,$203.92,2918230,$18.21,14256610,$111.21,8984747,3.71,3.71,3.73,3.7,3.7,3.6,3.47,3.52,3.55,3.75,3.96,4.18,4.76,64.2
02/10/2026,$273.68,34376900,$206.96,67175030,$318.58,39170010,$413.27,44857850,$670.72,10455820,$188.54,136764800,$126.01,6194076,$151.59,15800260,$182.26,7458163,$204.15,1814674,$157.31,1536992,$199.50,2033914,$18.11,10991700,$107.50,5255320,3.72,3.72,3.74,3.69,3.69,3.58,3.4,3.45,3.5,3.7,3.92,4.16,4.73,64.53
02/09/2026,$274.62,44623400,$208.72,91178440,$324.32,39640060,$413.60,45480530,$677.22,14837530,$190.04,196387400,$120.91,5016813,$151.21,21297300,$182.60,12021290,$204.26,2004808,$157.50,2118541,$201.38,1948958,$18.05,12009720,$108.70,6337762,3.72,3.72,3.73,3.69,3.7,3.59,3.43,3.48,3.56,3.75,3.97,4.22,4.79,63.77
02/06/2026,$278.12,50453410,$210.32,179210900,$322.86,56380480,$401.14,53515310,$661.46,18159250,$185.41,231346200,$121.05,7918021,$149.05,17216030,$180.86,9901816,$203.00,2316012,$157.80,2414620,$202.68,2871170,$17.94,18115820,$107.62,6756124,3.72,3.72,3.74,3.68,3.7,3.59,3.45,3.5,3.57,3.76,3.98,4.22,4.8,62.9
02/05/2026,$275.91,52977440,$222.69,103509200,$331.25,88205850,$393.67,66289250,$670.21,17131790,$171.88,206312900,$115.39,9298445,$146.08,18431740,$179.23,10474140,$195.83,1900662,$154.43,2501431,$194.14,2376744,$18.19,14416310,$104.98,10441020,3.72,3.71,3.74,3.67,3.68,3.58,3.44,3.47,3.55,3.74,3.97,4.21,4.79,64.56
02/04/2026,$276.49,90545710,$232.99,51299950,$333.04,70618400,$414.19,45012370,$668.99,16882760,$174.19,207014100,$122.04,10914510,$147.59,29426240,$181.23,16170480,$195.92,4157883,$154.69,4674396,$197.41,4467440,$18.37,18437460,$107.59,10367080,3.72,3.72,3.74,3.69,3.7,3.62,3.49,3.57,3.64,3.83,4.05,4.29,4.86,62.62
02/03/2026,$269.48,64394660,$238.62,53831300,$339.71,36506710,$411.21,61424120,$691.70,13760660,$180.34,204019600,$117.15,8764644,$143.73,37577840,$178.04,18425420,$187.58,5254912,$148.09,4261516,$192.27,5522905,$18.41,22340780,$104.91,9346556,3.72,3.72,3.74,3.69,3.7,3.62,3.49,3.57,3.64,3.83,4.04,4.28,4.85,61.6
02/02/2026,$270.01,73913430,$242.96,37546100,$343.69,32006050,$423.37,42219860,$706.41,14365220,$185.61,165794100,$119.16,8019704,$138.40,27735570,$174.03,14235350,$176.91,3026999,$142.24,2607096,$180.22,2781348,$18.14,17902470,$101.79,7514047,3.72,3.72,3.74,3.69,3.7,3.62,3.49,3.57,3.64,3.83,4.05,4.29,4.85,64.5
01/30/2026,$259.48,92443410,$239.30,46585020,$338.00,31023950,$430.29,58566820,$716.50,23744570,$191.13,179489500,$114.44,10734700,$141.40,29657670,$176.90,22946580,$176.19,2098525,$143.56,1869832,$181.43,3295531,$18.45,13628120,$104.23,9169003,3.72,3.73,3.75,3.67,3.69,3.61,3.48,3.52,3.6,3.79,4.01,4.26,4.82,64.77
01/29/2026,$258.28,67253010,$241.73,47229640,$338.25,39785610,$433.50,128855300,$738.31,59852900,$192.51,171764400,$118.49,6246442,$140.51,35760620,$171.19,16786610,$175.74,2826228,$144.08,2291065,$182.49,6555785,$18.53,17286580,$102.80,14466870,3.72,3.73,3.75,3.67,3.69,3.62,3.5,3.53,3.63,3.8,4.01,4.24,4.8,62.75
01/28/2026,$256.44,41287970,$243.01,40882660,$336.01,27434430,$481.63,36875400,$668.73,25709600,$191.52,148552700,$117.32,5300447,$137.58,15637280,$169.93,9200244,$172.01,1691272,$142.08,1676528,$184.02,2756661,$18.24,14071370,$101.39,6817438,3.76,3.72,3.71,3.68,3.7,3.63,3.52,3.56,3.66,3.83,4.05,4.26,4.81,62.04
01/27/2026,$258.27,49648270,$244.68,38029220,$334.55,21636160,$480.58,29213920,$672.97,13297350,$188.52,143711600,$114.66,5058330,$136.83,14517030,$169.05,9784855,$171.79,2452638,$140.01,1626204,$182.91,2359774,$17.95,13928700,$99.87,7276868,3.77,3.72,3.7,3.67,3.66,3.61,3.5,3.53,3.65,3.81,4.03,4.24,4.79,60.46
01/26/2026,$255.41,55969230,$238.42,32825530,$333.26,26042120,$470.28,29291240,$672.36,16327380,$186.47,124799600,$115.93,6309421,$134.84,16056070,$167.50,8912601,$172.54,1610858,$140.39,1341659,$183.28,3370914,$17.96,14899470,$98.45,7278227,3.77,3.71,3.7,3.67,3.67,3.62,3.52,3.56,3.66,3.82,4.02,4.22,4.75,60.7
01/23/2026,$248.04,41688980,$239.16,33778480,$327.93,27279970,$465.95,38000160,$658.76,22797720,$187.67,142748100,$115.43,6342803,$134.97,17758210,$166.72,8368686,$175.38,1635143,$141.54,2046792,$187.09,2846647,$17.99,19807350,$98.35,6972751,3.78,3.71,3.72,3.7,3.67,3.61,3.53,3.6,3.67,3.84,4.03,4.24,4.78,59.24
01/22/2026,$248.35,39708340,$234.34,31913330,$330.54,26253640,$451.14,25349380,$647.63,21394670,$184.84,139636600,$117.17,8372247,$133.64,16600130,$166.66,8957383,$175.76,1877473,$141.93,2545989,$186.89,2951476,$18.11,24340760,$96.88,7771193,3.79,3.71,3.72,3.71,3.67,3.61,3.53,3.61,3.68,3.85,4.05,4.26,4.79,60.38
01/21/2026,$247.65,54641730,$231.31,47276090,$328.38,35386600,$444.11,37980510,$612.96,14494660,$183.32,200381000,$113.26,9162264,$133.61,18879890,$166.73,10918540,$177.48,2389130,$141.64,2549432,$188.19,3130279,$17.65,18630320,$97.15,10599080,3.75,3.71,3.7,3.7,3.67,3.62,3.53,3.6,3.66,3.83,4.04,4.26,4.82,60.3
01/20/2026,$246.70,80267520,$231.00,47737850,$322.00,35361050,$454.52,26129990,$604.12,15169570,$178.07,223345300,$111.07,11625650,$130.46,16477280,$165.30,11142530,$174.88,1302261,$138.47,2128095,$184.73,2689758,$17.44,16969130,$95.52,10796660,3.75,3.71,3.69,3.7,3.65,3.61,3.53,3.6,3.68,3.86,4.08,4.3,4.87,59.4
01/16/2026,$255.53,72142770,$239.12,45888280,$330.00,40341640,$459.86,34246650,$620.25,17012520,$186.23,187967200,$120.53,9023326,$129.89,16592350,$166.26,9745753,$175.63,1627498,$138.28,2438204,$183.46,2374371,$17.35,14752510,$98.19,8939244,3.75,3.72,3.68,3.67,3.66,3.6,3.55,3.59,3.67,3.82,4.02,4.24,4.79,61.84
01/15/2026,$258.21,39388560,$238.18,43003570,$332.78,28442410,$456.66,23225840,$620.80,13076060,$187.05,206188600,$119.66,6834002,$129.13,17400040,$166.16,8097405,$177.59,2004504,$140.01,2004993,$184.58,2172178,$17.46,11837730,$98.93,7461373,3.75,3.73,3.69,3.68,3.66,3.6,3.54,3.56,3.62,3.77,3.96,4.17,4.74,60.85
01/14/2026,$259.96,40019420,$236.65,41410580,$335.84,28525570,$459.38,28184300,$615.52,15527880,$183.14,159586100,$118.69,4788293,$130.20,27593940,$167.24,16414920,$181.09,2825673,$141.39,2309162,$186.51,3963037,$17.50,16772520,$100.34,13563740,3.72,3.71,3.66,3.67,3.65,3.58,3.5,3.51,3.56,3.72,3.92,4.15,4.73,59.39
01/13/2026,$261.05,45730850,$242.60,38371780,$335.97,33517610,$470.67,28545800,$631.09,18030400,$185.81,160128900,$119.66,5641635,$126.54,21619730,$163.87,12068630,$175.85,2546714,$137.70,2794256,$181.74,3100345,$17.40,13712970,$96.46,7868289,3.72,3.72,3.66,3.67,3.63,3.59,3.51,3.53,3.57,3.75,3.95,4.18,4.77,58.96
01/12/2026,$260.25,45263770,$246.47,35867770,$331.86,33923930,$477.18,23519900,$641.97,14797200,$184.94,137968500,$120.47,5203381,$124.03,15314900,$162.34,9796786,$175.54,2096302,$138.85,2401431,$179.62,3368490,$17.15,13413840,$95.50,10232880,3.71,3.68,3.64,3.67,3.63,3.58,3.53,3.54,3.59,3.77,3.97,4.19,4.78,57.74
01/09/2026,$259.37,39996970,$247.38,34559960,$328.57,26214170,$479.28,18491040,$653.06,11634940,$184.86,131327500,$120.62,7001487,$124.61,16137670,$162.11,12549640,$176.17,2589010,$142.16,2710328,$185.28,5472876,$16.96,13419720,$97.51,8940700,3.7,3.68,3.63,3.62,3.62,3.57,3.52,3.54,3.59,3.75,3.95,4.18,4.76,56.01
1/8/2026,$259.04,50419340,$246.29,39509840,$325.44,31896100,$478.11,18162620,$646.06,11921710,$185.04,172457000,$118.50,11522060,$122.91,20232720,$159.25,12929640,$177.07,2409260,$144.22,2945912,$191.32,5961729,$16.89,18273290,$98.72,9605230,3.7,3.69,3.63,3.62,3.6,3.56,3.48,3.49,3.56,3.74,3.95,4.19,4.79,56.97
1/7/2026,$260.33,48309800,$241.56,42236530,$321.98,35104430,$483.47,25564200,$648.69,12846270,$189.11,153543200,$120.07,10343410,$118.49,20352950,$155.20,13537870,$172.51,2731070,$137.88,4179487,$183.86,7565724,$16.52,17342210,$93.94,7988439,3.7,3.69,3.6,3.62,3.6,3.56,3.48,3.47,3.53,3.7,3.91,4.15,4.76,58.1
1/6/2026,$262.36,52352090,$240.93,53764680,$314.34,31212100,$478.51,23037670,$660.62,11074420,$187.24,176862600,$123.93,6595593,$121.05,23328640,$156.54,20564940,$170.42,2378701,$136.65,2996351,$178.27,5332954,$16.25,14248990,$97.11,9026863,3.7,3.7,3.61,3.63,3.58,3.56,3.48,3.47,3.54,3.72,3.93,4.18,4.8,57.21
1/5/2026,$267.26,45647190,$233.06,49733350,$316.54,30195600,$472.85,25250260,$658.79,12213750,$188.12,183529700,$124.01,8471012,$125.36,30112240,$163.85,35094880,$174.94,5033221,$139.98,4819526,$180.57,9056477,$16.42,16082980,$99.20,15706520,3.71,3.68,3.64,3.64,3.61,3.57,3.47,3.46,3.53,3.71,3.92,4.17,4.79,57.26
1/2/2026,$271.01,37838050,$226.50,51456230,$315.15,32009390,$472.94,25571570,$650.41,13726520,$188.85,148240500,$127.80,4959254,$122.65,14175060,$155.90,6862097,$165.14,1409405,$130.57,1777165,$165.31,1938618,$16.59,15249730,$96.70,7005619,3.72,3.71,3.66,3.65,3.62,3.58,3.47,3.47,3.55,3.74,3.95,4.19,4.81,57.79
12/31/2025,$271.86,27293640,$230.82,24383750,$313.00,16377690,$483.62,15601550,$660.09,7940359,$186.50,120100500,$125.88,2925715,$120.34,10559870,$152.41,4953110,$162.63,1323765,$129.04,1339292,$162.79,2321014,$16.49,13490840,$93.61,3551875,3.72,3.71,3.66,3.65,3.62,3.58,3.47,3.47,3.55,3.74,3.95,4.19,4.81,56.6
12/30/2025,$273.08,22139620,$232.53,21910450,$313.85,17380890,$487.48,13944510,$665.95,9187483,$187.54,97687270,$127.92,2754523,$120.99,11150490,$152.31,5150514,$163.82,1224080,$129.56,1482782,$164.86,2569302,$16.54,14784580,$94.10,4553633,3.65,3.71,3.65,3.65,3.63,3.59,3.47,3.45,3.5,3.68,3.89,4.14,4.76,58.72
12/29/2025,$273.76,23715210,$232.07,19797910,$313.56,19621780,$487.10,10893410,$658.69,8506477,$188.22,120006100,$127.46,3111973,$120.53,14782510,$150.99,5589133,$163.60,1847571,$128.59,1599692,$165.66,2811730,$16.27,11773700,$92.63,5256406,3.69,3.7,3.7,3.68,3.66,3.59,3.48,3.45,3.51,3.67,3.88,4.12,4.75,58.55
12/26/2025,$273.40,21521800,$232.52,15994730,$313.51,10899020,$487.71,8842175,$663.29,7133813,$190.53,139740300,$129.24,2733190,$119.11,8066129,$150.02,3706915,$163.69,1262312,$127.75,1317396,$164.01,2517814,$16.25,10524610,$91.54,4575613,3.7,3.69,3.72,3.64,3.66,3.58,3.49,3.46,3.54,3.68,3.89,4.14,4.76,58.18
12/24/2025,$273.81,17910570,$232.38,11420540,$314.09,10097360,$488.02,5855880,$667.55,5627512,$188.61,65528550,$128.38,1755985,$119.22,6137406,$150.50,2227609,$165.73,996151,$128.41,971951,$164.47,881585,$16.39,9109905,$91.80,3079183,3.72,3.73,3.74,3.69,3.67,3.59,3.5,3.47,3.56,3.7,3.91,4.15,4.75,56.22
12/23/2025,$272.36,29642000,$232.14,29230230,$314.35,25478670,$486.85,14683580,$664.94,8486847,$189.21,174873600,$127.62,3494371,$119.42,12567630,$150.51,4663665,$166.40,2380588,$129.12,1708191,$164.77,1971197,$16.36,13912830,$92.73,5671129,3.71,3.72,3.7,3.65,3.66,3.59,3.52,3.48,3.58,3.72,3.94,4.18,4.78,56.07
12/22/2025,$270.97,36571830,$228.43,32261330,$309.78,26429940,$484.92,16963020,$661.50,15659390,$183.69,129064400,$126.61,4852725,$118.15,11768610,$149.80,8143618,$164.77,1999839,$128.99,1485806,$163.55,2795855,$16.30,14185000,$93.31,4850700,3.72,3.71,3.71,3.64,3.65,3.6,3.53,3.44,3.56,3.71,3.93,4.17,4.78,55.44
12/19/2025,$273.67,144632000,$227.35,85544370,$307.16,59943240,$485.92,70836110,$658.77,49977050,$180.99,324925900,$126.42,9715400,$116.69,45412810,$147.75,21701440,$168.32,6618083,$128.89,4842574,$162.71,6529895,$16.39,22553690,$91.94,14612770,3.71,3.71,3.72,3.62,3.64,3.6,3.51,3.48,3.53,3.7,3.91,4.16,4.77,56.97
12/18/2025,$272.19,51630720,$226.76,50272420,$302.46,33518050,$483.98,28573550,$664.45,20260300,$174.14,176096000,$122.94,9344794,$116.54,13705560,$147.69,6998843,$168.11,2888624,$129.13,2677692,$161.94,2548793,$16.21,16294260,$92.23,7336901,3.71,3.71,3.72,3.62,3.63,3.58,3.49,3.46,3.5,3.66,3.87,4.12,4.74,57.61
12/17/2025,$271.84,50138740,$221.27,44034420,$296.72,43930360,$476.12,24527180,$649.50,15598550,$170.94,222775500,$127.89,6125680,$117.41,18502150,$149.52,8805268,$174.50,3050877,$131.99,4603904,$162.91,2924264,$16.39,14239430,$94.96,9661331,3.73,3.74,3.73,3.64,3.65,3.59,3.51,3.49,3.53,3.7,3.91,4.16,4.78,57.76
12/16/2025,$274.61,37648630,$222.56,39298860,$306.57,30585020,$476.39,20705560,$657.15,14309140,$177.72,148588100,$133.75,5365614,$114.68,17638720,$146.75,11290540,$176.79,2889200,$131.78,4971410,$162.82,4040748,$16.36,17915320,$90.77,9060380,3.76,3.77,3.73,3.64,3.64,3.6,3.51,3.48,3.52,3.69,3.9,4.15,4.77,58.67
12/15/2025,$274.11,50409080,$222.54,47286090,$308.22,29151890,$474.82,23727690,$647.51,15549090,$176.29,164775600,$130.51,5336226,$117.76,16358670,$149.80,7502951,$185.51,2402750,$141.51,2992371,$167.90,3332574,$16.50,11210930,$94.36,8942104,3.77,3.76,3.75,3.65,3.65,3.6,3.52,3.51,3.56,3.73,3.94,4.18,4.8,58.4
12/12/2025,$278.28,39532890,$226.19,35639120,$309.29,35940170,$478.53,21248100,$644.23,14016920,$175.02,204274900,$129.98,9299012,$118.82,14459540,$149.99,5848050,$185.77,2419273,$141.44,1932238,$168.30,3234749,$16.56,13413300,$95.54,5731331,3.76,3.75,3.75,3.63,3.64,3.58,3.54,3.52,3.58,3.75,3.95,4.19,4.82,59.04
12/11/2025,$278.03,33247990,$230.28,28249600,$312.43,42353700,$483.47,24669180,$652.71,13056730,$180.93,182136600,$138.60,4933520,$119.54,14781790,$150.72,8414160,$187.11,2603205,$143.43,2923550,$171.91,2910908,$16.41,12317570,$96.71,8225500,3.77,3.77,3.76,3.66,3.67,3.62,3.56,3.52,3.55,3.72,3.91,4.14,4.75,60.23
12/10/2025,$278.78,33038320,$231.78,38790740,$320.21,33428920,$478.56,35756230,$650.13,16910880,$183.78,162785400,$140.63,4576003,$119.54,19845190,$151.41,10976300,$191.30,2782596,$143.81,2110475,$176.00,2896073,$16.45,12449000,$96.80,10640130,3.79,3.78,3.75,3.69,3.69,3.66,3.58,3.54,3.56,3.72,3.92,4.13,4.74,59.82
12/09/2025,$277.18,32193260,$227.92,25841740,$317.08,30194030,$492.02,14696080,$656.96,12997120,$184.97,144719700,$138.22,3464821,$118.25,23790820,$148.49,8916749,$190.73,1808620,$139.88,1309099,$175.32,2026224,$16.67,11612140,$93.43,6177238,3.81,3.8,3.78,3.73,3.73,3.7,3.63,3.61,3.62,3.78,3.96,4.18,4.77,59.09
12/08/2025,$277.89,38211830,$226.89,35019170,$313.72,33909430,$491.02,21965900,$666.80,13160980,$185.55,204378100,$140.41,3915438,$115.98,14904160,$148.71,10237150,$189.66,2258666,$139.06,2525909,$173.56,2040513,$16.80,10331760,$92.88,7975008,3.82,3.79,3.78,3.73,3.73,3.69,3.61,3.57,3.59,3.75,3.94,4.17,4.78,58.81
12/5/2025,$278.78,47265850,$229.53,33117380,$321.27,28851710,$483.16,22608710,$673.42,21207860,$182.41,143971100,$138.91,5001590,$116.54,12516860,$150.00,12659760,$190.53,1441766,$139.36,2346077,$174.14,2202951,$16.80,15588240,$93.69,9873734,3.82,3.78,3.77,3.71,3.73,3.68,3.61,3.56,3.59,3.72,3.9,4.14,4.75,59.47
12/4/2025,$280.70,43989060,$229.11,45683220,$317.62,31240920,$480.84,22318160,$661.53,29874620,$183.38,167364900,$138.99,6857097,$117.14,13686900,$152.26,7254724,$190.15,2103003,$139.42,2179132,$174.95,3258927,$16.80,11273770,$93.12,7312422,3.83,3.78,3.78,3.71,3.73,3.69,3.6,3.52,3.55,3.68,3.87,4.11,4.72,58.58
12/3/2025,$284.15,43538690,$232.38,35495060,$319.63,41838320,$477.73,34615100,$639.60,11134310,$179.59,165138000,$133.63,5630736,$117.80,16819130,$151.59,8060175,$189.43,2415909,$139.85,2186601,$177.05,3138701,$16.71,12128910,$91.81,5647601,3.83,3.8,3.78,3.72,3.73,3.68,3.57,3.49,3.5,3.62,3.82,4.06,4.68,58.81
12/2/2025,$286.19,53669530,$234.42,45785360,$315.81,35854740,$490.00,19562720,$647.10,11640870,$181.46,182632200,$135.95,6981599,$115.38,14607700,$150.25,9196311,$192.70,1911660,$137.57,2037846,$178.53,3239117,$16.59,14447550,$89.29,5135408,3.9,3.85,3.83,3.77,3.78,3.72,3.59,3.51,3.54,3.66,3.85,4.09,4.7,58.25
12/1/2025,$283.10,46587720,$233.88,42903950,$314.89,41182960,$486.74,23963990,$640.87,13029920,$179.92,188131000,$132.09,6720096,$116.63,12658100,$152.54,8208972,$196.14,1703723,$139.76,2064231,$180.54,2573203,$16.83,15099880,$90.26,8525595,3.98,3.93,3.92,3.81,3.82,3.75,3.62,3.54,3.55,3.67,3.86,4.09,4.71,59.11
11/28/2025,$278.85,20135620,$233.22,20292330,$320.18,26018570,$492.01,14386730,$647.95,11033200,$177.00,121332800,$133.35,5612640,$115.92,7240825,$151.13,3848568,$193.73,1020932,$136.96,942731,$176.76,936217,$16.71,7110653,$88.69,3304675,4.05,3.97,3.99,3.88,3.86,3.74,3.61,3.47,3.49,3.59,3.78,4.02,4.62,58.86
11/26/2025,$277.55,33431420,$229.16,38497920,$319.95,51373360,$485.50,25709080,$633.61,15209480,$180.26,183852000,$133.26,16424920,$114.77,11650600,$149.51,7578938,$191.74,1253617,$134.96,1128452,$174.47,1759975,$16.43,17592060,$87.09,5066051,4.06,4.02,4,3.92,3.86,3.76,3.61,3.45,3.47,3.56,3.75,4,4.6,60.27
11/25/2025,$276.97,46914220,$229.67,39379340,$323.44,88632070,$476.99,28019790,$636.22,25212980,$177.82,320600300,$125.92,14794070,$114.51,14434560,$148.53,11447940,$190.00,1594435,$134.13,1791598,$174.10,2646088,$16.27,17427490,$86.62,6926710,4.04,4,3.97,3.9,3.82,3.75,3.6,3.43,3.46,3.55,3.77,4.01,4.62,61.51
11/24/2025,$275.92,65585800,$226.28,54318400,$318.58,85165120,$474.00,34421050,$613.05,23554930,$182.55,256618300,$127.22,8985949,$115.97,18034920,$149.75,14181130,$190.18,2533407,$133.20,3034154,$174.37,3816955,$16.49,15104680,$87.56,7143896,4.03,4,3.99,3.91,3.83,3.76,3.61,3.46,3.49,3.61,3.8,4.04,4.64,60.66
11/21/2025,$271.49,59030830,$220.69,68490460,$299.66,74137700,$472.12,31769250,$594.25,21052620,$178.88,346926200,$122.51,8401641,$117.08,15667600,$149.98,9248445,$190.62,1914473,$133.72,2324951,$173.45,3735144,$16.51,23644820,$87.37,7046556,4.03,4.01,4,3.9,3.84,3.75,3.62,3.51,3.5,3.62,3.82,4.06,4.67,60.87
11/20/2025,$266.25,45823570,$217.14,50308960,$289.45,62025220,$478.43,26802540,$589.15,20603020,$180.64,343504800,$117.40,8855023,$117.02,14401010,$150.31,7623448,$187.87,2983889,$131.99,2155228,$170.82,3980474,$16.64,20519010,$87.47,4911208,4.04,4.02,4.02,3.94,3.86,3.79,3.65,3.55,3.56,3.68,3.87,4.1,4.68,59.54
11/19/2025,$268.56,40424490,$222.69,58335640,$292.81,68198940,$487.12,23245310,$590.32,24744700,$186.52,247246400,$119.38,6729224,$117.35,15919240,$151.70,7539905,$195.52,2076823,$134.49,2927209,$180.33,3768455,$16.92,16418950,$87.98,5092856,4.01,4.02,4,3.95,3.86,3.8,3.68,3.58,3.59,3.71,3.9,4.13,4.71,59.3
11/18/2025,$267.44,45677280,$222.55,60608440,$284.28,49158740,$493.79,33815110,$597.69,25500650,$181.36,213598900,$122.69,10147080,$119.03,15808520,$153.62,10813370,$199.61,1545573,$138.41,2387895,$185.43,3387783,$16.97,14855710,$89.68,6877012,4.02,4.01,3.99,3.94,3.85,3.79,3.67,3.58,3.58,3.7,3.89,4.12,4.72,60.94
11/17/2025,$267.46,45018260,$232.87,59919020,$285.02,52670190,$507.49,19092750,$602.01,16501330,$186.60,173628900,$122.48,15291140,$117.68,16034860,$154.82,8744980,$195.97,1984010,$136.65,2813228,$178.40,3014842,$16.94,11808120,$88.72,8610848,4.04,4.01,4.01,3.97,3.87,3.81,3.69,3.6,3.6,3.72,3.9,4.13,4.71,60.54
11/14/2025,$272.41,47431330,$234.69,38956670,$276.41,31647230,$510.18,28505750,$609.46,20724150,$190.17,186591900,$133.76,5573277,$119.29,17064270,$157.62,8484812,$199.98,1714728,$142.32,2634105,$181.76,3222825,$17.01,15891500,$91.37,7628389,4.04,4.02,4.01,3.95,3.88,3.8,3.7,3.62,3.61,3.74,3.92,4.14,4.73,60.24
11/13/2025,$272.95,49602790,$237.58,41401740,$278.57,29494040,$503.29,25273110,$609.89,20973850,$186.86,207423100,$133.94,6911959,$118.79,17291870,$155.58,7998740,$194.58,2218083,$139.50,2444206,$175.78,2308169,$16.63,12943380,$89.42,8207911,4.05,4.02,4,3.96,3.88,3.8,3.68,3.58,3.57,3.71,3.89,4.11,4.69,60.4
11/12/2025,$273.47,48397980,$244.20,31190060,$286.71,24829920,$511.14,26574850,$609.01,24493270,$193.80,154935300,$140.71,5502993,$118.12,13790890,$153.32,11670950,$196.90,2506234,$138.02,2057815,$177.54,1800948,$16.58,10083840,$89.07,6941510,4.03,4.03,3.98,3.95,3.86,3.78,3.65,3.56,3.55,3.68,3.86,4.08,4.65,61.38
11/11/2025,$275.25,46208320,$249.10,23564060,$291.31,19842140,$508.68,17980020,$627.08,13302190,$193.16,176483300,$138.76,7116087,$119.78,16077100,$156.24,6361426,$200.13,2132877,$140.85,2215758,$180.86,1869093,$16.70,28964910,$90.69,6561640,4.03,4.03,3.98,3.95,3.86,3.78,3.65,3.56,3.55,3.68,3.86,4.08,4.65,61.79
11/10/2025,$269.43,41312410,$248.40,36476510,$290.10,29557310,$506.00,26101480,$631.76,19245000,$199.05,198897100,$142.69,8203558,$118.22,13047960,$155.65,8436797,$196.36,2269126,$138.65,1927362,$179.18,2146061,$16.69,18551410,$88.23,6071385,4.04,4.04,4,3.95,3.85,3.79,3.66,3.58,3.56,3.72,3.9,4.13,4.69,61.75
11/7/2025,$268.47,48227370,$244.41,46374290,$278.83,34479590,$496.82,24019760,$621.71,29946830,$188.15,264942300,$146.70,5780820,$117.22,17181150,$155.02,9835929,$193.76,2174192,$137.95,2123965,$175.62,2393433,$16.45,15500670,$86.83,7567677,4.01,3.96,3.98,3.92,3.83,3.76,3.63,3.55,3.57,3.67,3.87,4.11,4.68,61.36
11/6/2025,$269.77,51204050,$243.04,46004200,$284.75,37173650,$497.10,27406500,$618.94,23628750,$188.08,223029800,$149.18,4255086,$114.50,14219650,$152.94,6466257,$192.72,3079281,$138.20,2074206,$176.01,3112019,$16.87,22864740,$85.66,13101820,4.02,3.96,3.98,3.93,3.84,3.76,3.65,3.57,3.58,3.69,3.87,4.11,4.67,61.26
11/5/2025,$270.14,43683070,$250.20,40610700,$284.31,31010300,$507.16,23024340,$635.95,20219860,$195.21,171350300,$152.41,7326542,$113.68,12400920,$152.66,5894721,$186.18,2092865,$135.93,2207154,$170.14,1762403,$16.91,16665160,$87.70,6384644,4,4.02,4,3.96,3.87,3.79,3.71,3.63,3.65,3.76,3.95,4.17,4.72,60.97
11/4/2025,$270.04,49274850,$249.32,51546310,$277.54,30078370,$514.33,20958660,$627.32,27356550,$198.69,188919300,$154.64,5330224,$114.14,16860740,$153.39,6976838,$183.78,5838713,$135.75,2665553,$169.11,2188357,$16.55,13437300,$87.91,5740444,4.02,4.04,4.01,3.96,3.87,3.78,3.67,3.58,3.59,3.69,3.88,4.1,4.65,62.13
11/3/2025,$269.05,50194580,$254.00,95997820,$283.72,29786000,$517.03,22374740,$637.71,33003600,$206.88,180267300,$160.11,4614614,$113.76,12290300,$154.04,8512209,$195.79,1443245,$137.92,2636850,$171.60,1658082,$16.83,13841150,$88.57,5310240,4.06,4.04,4.05,3.98,3.88,3.8,3.7,3.6,3.61,3.72,3.9,4.13,4.67,62.27
10/31/2025,$270.37,86167120,$244.22,166340800,$281.19,39267950,$517.81,34006420,$648.35,56953170,$202.49,179802200,$162.01,4079199,$114.36,20213350,$157.72,11136110,$194.91,1538966,$136.14,1917690,$169.56,1670175,$16.83,10453960,$88.86,5635803,4.06,4.02,4.04,3.89,3.87,3.79,3.7,3.6,3.6,3.71,3.89,4.11,4.65,62.44
10/30/2025,$271.40,69886530,$222.86,102252900,$281.48,74875990,$525.76,41023090,$666.47,88440090,$202.89,178864400,$161.01,3105193,$114.69,16172940,$153.52,8971226,$195.63,1697231,$137.07,3093927,$170.10,1849533,$16.77,13350160,$88.14,6114224,4.05,4.02,4.04,3.92,3.87,3.79,3.7,3.61,3.61,3.72,3.9,4.11,4.64,59.3
10/29/2025,$269.70,51086740,$230.30,52036150,$274.57,43580280,$541.55,36023000,$751.67,26818590,$207.04,308829600,$163.60,4511493,$116.45,12570570,$155.10,7344432,$195.75,1624593,$138.00,4455928,$170.66,1569855,$16.93,13033120,$88.08,5476320,4.03,4.01,3.99,3.93,3.86,3.79,3.7,3.59,3.6,3.7,3.87,4.08,4.59,58.66
10/28/2025,$269.00,41534760,$229.25,47100030,$267.47,29738560,$542.07,29986680,$751.44,12193820,$201.03,297986200,$164.88,6446412,$115.03,9535211,$154.13,5066475,$192.21,1170993,$133.66,2367039,$169.34,1708069,$16.99,12602780,$86.79,5234831,4.07,4.02,3.97,3.89,3.86,3.72,3.59,3.47,3.5,3.6,3.77,3.99,4.53,58.34
10/27/2025,$268.81,44888150,$226.97,38267000,$269.27,35235230,$531.52,18734720,$750.82,11321080,$191.49,153452700,$162.19,5480028,$115.94,10975410,$155.28,4884434,$196.23,2622610,$135.42,2501817,$174.35,2614429,$16.91,11775220,$88.69,5715952,4.09,4.03,4,3.89,3.87,3.73,3.59,3.48,3.5,3.61,3.79,4.01,4.55,58.3
10/24/2025,$262.82,38253720,$224.21,38685050,$259.92,28655130,$523.61,15532360,$738.36,9151267,$186.26,131296700,$158.64,5081468,$115.39,9919409,$155.56,4979941,$196.22,1233261,$134.98,1697882,$171.05,2353060,$16.73,10606350,$88.03,7886582,4.11,4.06,4.02,3.93,3.89,3.76,3.58,3.48,3.49,3.61,3.79,4.02,4.56,58.29
10/23/2025,$259.58,32754940,$221.09,31540000,$253.08,19901430,$520.56,14023530,$734.00,9855974,$182.16,111363700,$154.23,5817217,$115.98,15001090,$156.56,9810894,$195.96,1931394,$135.81,2824646,$173.13,4679912,$16.85,15286100,$90.08,7866274,4.12,4.08,4.05,3.95,3.9,3.78,3.59,3.48,3.49,3.61,3.79,4.01,4.55,59.08
10/22/2025,$258.45,45015250,$217.95,44308540,$251.69,35029370,$520.54,18962690,$733.41,8734491,$180.28,162249600,$150.13,6136709,$114.71,12938790,$155.57,6036705,$188.54,1710115,$131.40,2144748,$161.87,3181398,$16.91,14975680,$87.41,8307836,4.11,4.08,4.04,3.96,3.9,3.78,3.55,3.45,3.44,3.56,3.74,3.97,4.52,59.52
10/21/2025,$262.77,46695950,$222.03,50494570,$250.46,47312100,$517.66,15586200,$733.27,7647269,$181.16,124240200,$149.43,5191375,$112.71,9202349,$153.79,6304917,$182.87,1282408,$128.60,2315049,$157.69,1605240,$16.76,14492930,$86.41,5895521,4.12,4.09,4.05,3.96,3.9,3.78,3.56,3.45,3.46,3.56,3.74,3.98,4.53,59.75
10/20/2025,$262.24,90483030,$216.48,38882820,$256.55,22350160,$516.79,14665620,$732.17,8900204,$182.64,128544700,$147.87,5829581,$112.70,9523617,$154.48,5676505,$186.27,957927,$130.34,1997926,$160.17,1354041,$16.77,14061100,$87.06,4636382,4.15,4.11,4.05,3.97,3.92,3.78,3.55,3.46,3.47,3.58,3.77,4,4.56,62.36
10/17/2025,$252.29,49146960,$213.04,45986940,$253.30,29671630,$513.58,19867770,$716.92,12232440,$183.22,173135200,$149.59,5301468,$112.24,13460070,$153.08,7735462,$184.47,1954288,$129.27,1756900,$157.77,2148748,$16.45,14392110,$86.48,5775031,4.18,4.15,4.08,4,3.95,3.79,3.56,3.46,3.47,3.59,3.78,4.02,4.58,63.37
10/16/2025,$247.45,39776970,$214.47,42414590,$251.46,27997160,$511.61,15559570,$712.07,9017010,$181.81,179723300,$151.31,6947603,$110.64,11782200,$151.71,5276788,$181.15,1193732,$128.36,2161453,$156.39,2661349,$16.68,16787950,$86.91,7816573,4.2,4.17,4.1,4.02,3.96,3.79,3.54,3.41,3.42,3.55,3.74,3.99,4.56,62.52
10/15/2025,$249.34,33893610,$215.57,45909470,$251.03,27007690,$513.43,14694650,$717.55,10246770,$179.83,214450500,$153.70,5804509,$111.61,12182940,$152.11,5824931,$183.83,1882647,$129.57,1864622,$160.98,1756502,$16.90,14943300,$87.74,6036125,4.2,4.18,4.09,4.03,3.98,3.82,3.61,3.5,3.51,3.63,3.82,4.05,4.61,62.49
10/14/2025,$247.77,35477990,$216.39,45665580,$245.45,22111570,$513.57,14684300,$708.65,8829757,$180.03,205641400,$148.77,7096445,$112.29,11167150,$152.39,6419350,$183.12,1389673,$130.84,1941314,$162.19,1953400,$16.53,11760450,$88.17,6004300,4.19,4.18,4.08,4.02,3.95,3.8,3.58,3.48,3.47,3.6,3.79,4.03,4.59,61.65
10/13/2025,$247.66,38142940,$220.07,37809650,$244.15,24995030,$514.05,14284240,$715.70,9251796,$188.32,153482800,$153.40,6800939,$112.24,10296500,$151.94,5978755,$183.40,1095515,$129.79,1219136,$161.41,1382387,$16.52,15254290,$88.78,5887288,4.19,4.18,4.08,4.02,3.95,3.8,3.58,3.48,3.47,3.6,3.79,4.03,4.59,61.28
10/10/2025,$245.27,61999100,$216.37,72367510,$236.57,33180320,$510.96,24133840,$705.30,16980090,$183.16,268774400,$150.57,11749110,$110.73,13811580,$148.90,7796621,$180.89,1678432,$126.76,1963583,$158.02,2363087,$16.29,21522780,$87.64,7892361,4.19,4.16,4.1,4.02,3.96,3.81,3.6,3.52,3.52,3.65,3.83,4.05,4.6,62.59
10/09/2025,$254.04,38322010,$227.74,46412120,$241.53,27892090,$522.40,18343600,$733.51,12717170,$192.57,182997200,$155.95,13275630,$112.91,10976220,$151.64,6178601,$187.56,1284034,$131.09,1577050,$162.01,1655586,$16.62,12982350,$91.95,6940005,4.2,4.17,4.11,4.03,3.95,3.83,3.66,3.6,3.59,3.74,3.92,4.14,4.7,63.17
10/08/2025,$258.06,36496900,$225.22,46685990,$244.62,21307100,$524.85,13363450,$717.84,10790570,$189.11,130168900,$164.53,18937940,$114.02,12300970,$153.74,5678028,$188.71,2416746,$131.30,1772564,$162.44,1582487,$16.67,20937630,$93.75,5289732,4.2,4.16,4.09,4.01,3.94,3.82,3.66,3.58,3.58,3.72,3.91,4.13,4.69,64.27
10/07/2025,$256.48,31955780,$221.78,31194680,$245.76,23181290,$523.98,14615210,$713.08,12062930,$185.04,140088000,$150.87,18683190,$114.26,11945030,$154.91,5479593,$191.54,1352292,$132.37,1918022,$163.17,2173853,$16.67,14276200,$95.23,4072066,4.2,4.17,4.1,4.01,3.95,3.81,3.65,3.57,3.56,3.71,3.9,4.14,4.7,66.5
10/06/2025,$256.69,44664120,$220.90,43690880,$250.43,28894650,$528.57,21388580,$715.66,21654740,$185.54,157678100,$145.76,10454690,$114.20,12036830,$154.02,4778924,$193.52,1013228,$132.92,1609952,$163.42,2020890,$16.66,14803640,$94.91,3454270,4.22,4.14,4.11,4.02,3.95,3.81,3.66,3.6,3.63,3.75,3.95,4.18,4.73,65.51
10/03/2025,$258.02,49155610,$219.51,43639030,$245.35,30249560,$517.35,15112320,$710.56,16154310,$187.62,137596900,$140.74,6526655,$113.26,12950120,$153.55,7249291,$193.14,1968743,$133.01,2000691,$160.40,4487704,$16.80,13314340,$94.16,4321560,4.24,4.17,4.11,4.03,3.96,3.82,3.64,3.58,3.59,3.72,3.9,4.13,4.69,65.4
10/02/2025,$257.13,42630240,$222.41,41258590,$245.69,25483300,$515.74,21222890,$727.05,11415270,$188.89,136805800,$147.37,7490815,$111.29,13062560,$153.37,7562448,$192.24,1642839,$134.94,1829381,$164.70,3916347,$16.92,12973940,$93.38,5428565,4.23,4.18,4.11,4.02,3.96,3.81,3.62,3.55,3.56,3.67,3.86,4.1,4.66,63.76
10/01/2025,$255.45,48713940,$220.63,43933830,$244.90,31658230,$519.71,22632340,$717.34,20419630,$187.24,173844900,$149.68,13611990,$111.99,16613990,$154.58,6768358,$192.31,1265196,$134.59,2258532,$167.67,2458624,$16.99,13491000,$95.46,4794582,4.17,4.18,4.12,4.01,3.95,3.8,3.62,3.55,3.56,3.68,3.88,4.12,4.69,62.99
09/30/2025,$254.63,37704260,$219.57,48396370,$243.10,34724350,$517.95,19728230,$734.38,16226750,$186.58,236981000,$141.77,9934552,$112.75,18076210,$155.29,7755716,$192.74,1532154,$136.02,2240035,$170.26,2385788,$17.16,20968950,$94.59,7318461,4.2,4.19,4.15,4.02,3.98,3.83,3.68,3.6,3.61,3.74,3.93,4.16,4.71,63.02
09/29/2025,$254.43,40127690,$222.17,44259180,$244.05,32505780,$514.60,17617780,$743.40,9246768,$181.85,193063500,$133.90,3833449,$114.22,19189260,$156.10,8315073,$196.47,1402212,$137.57,2810472,$172.14,2604688,$17.20,11623850,$95.85,8700508,4.22,4.19,4.16,4.04,3.99,3.84,3.65,3.63,3.63,3.74,3.92,4.15,4.69,63.91
09/26/2025,$255.46,46076260,$219.78,41650100,$246.54,18503190,$511.46,16213130,$743.75,9696338,$178.19,148573700,$130.76,3841026,$117.22,18568920,$160.16,7015168,$198.69,2042793,$139.46,2891069,$175.63,3032406,$17.46,10238240,$98.48,6812913,4.22,4.2,4.17,4.02,4,3.83,3.67,3.63,3.66,3.76,3.96,4.2,4.74,64.41
09/25/2025,$256.87,55202080,$218.15,52226330,$245.79,31020380,$507.03,15786470,$748.91,10591070,$177.69,191586700,$130.96,4758872,$115.59,15012550,$160.72,6311040,$196.44,1811431,$139.08,5158939,$174.42,4094329,$17.41,9936889,$96.81,8076300,4.24,4.2,4.18,4.04,4.01,3.85,3.68,3.64,3.66,3.75,3.94,4.18,4.73,64.89
09/24/2025,$252.31,42303710,$220.21,49509030,$247.14,28201000,$510.15,13533710,$760.66,8828227,$176.97,143564100,$132.09,3921892,$114.56,14756050,$159.18,6285228,$193.10,1526773,$136.59,3000972,$170.83,3523425,$17.40,11130450,$95.63,7935814,4.18,4.19,4.13,4.02,3.98,3.82,3.63,3.57,3.6,3.7,3.91,4.16,4.73,63.66
09/23/2025,$254.43,60275190,$220.71,70956190,$251.66,26628020,$509.23,19799580,$755.40,10872590,$178.43,192559600,$134.34,4750827,$113.95,25369110,$157.42,7181383,$190.87,1787467,$132.28,3815635,$170.39,4022397,$17.11,12825490,$93.47,8241930,4.16,4.18,4.12,4,3.97,3.81,3.61,3.53,3.57,3.68,3.87,4.12,4.7,63.02
09/22/2025,$256.08,105517400,$227.63,45914510,$252.53,32290540,$514.45,20009310,$765.16,11706950,$183.61,269637000,$135.69,10255250,$112.02,15611500,$156.05,5244025,$187.25,1783239,$129.57,3362105,$166.44,2613346,$17.13,16772630,$92.01,5798849,4.17,4.15,4.13,4,3.98,3.81,3.61,3.61,3.59,3.71,3.9,4.15,4.73,62.71
09/19/2025,$245.50,163741300,$231.48,97943170,$254.72,55571420,$517.93,52474090,$778.38,23696820,$176.67,237182100,$131.94,9051982,$112.82,38746520,$156.21,16733990,$185.46,6246901,$129.72,9244775,$162.62,8119517,$17.30,13754360,$91.92,15284110,4.19,4.16,4.14,4.03,3.98,3.81,3.6,3.57,3.56,3.68,3.88,4.14,4.71,64.01
09/18/2025,$237.88,44249580,$231.23,37931740,$252.03,31239470,$508.45,18913700,$780.25,10954950,$176.24,191763300,$132.11,5528870,$113.93,14628730,$158.84,6244226,$185.03,1570757,$131.35,3180381,$163.85,2492590,$17.44,14562990,$93.48,4416563,4.2,4.17,4.14,4.03,3.98,3.81,3.61,3.57,3.55,3.67,3.86,4.11,4.68,62.97
09/17/2025,$238.99,46508020,$231.62,42815230,$249.53,34107990,$510.02,15816590,$775.72,9400867,$170.29,211843800,$130.34,8236969,$115.29,13302030,$160.09,5736777,$184.68,1885830,$133.14,3287562,$163.67,2892322,$17.53,9542150,$93.82,7073063,4.17,4.16,4.11,4.02,3.97,3.8,3.6,3.52,3.51,3.62,3.81,4.06,4.62,62.6
09/16/2025,$238.15,63421100,$234.05,38203910,$251.16,34109720,$509.04,19711920,$779.00,11782480,$174.88,140737800,$127.68,4461322,$114.68,17208040,$159.54,8011032,$182.99,2250063,$133.04,1767569,$162.64,2920638,$17.58,7957411,$94.54,7860793,4.2,4.19,4.15,4.04,4,3.81,3.62,3.51,3.47,3.59,3.78,4.04,4.61,62.22
09/15/2025,$236.70,42699520,$231.43,33243330,$251.61,58383800,$515.36,17143790,$764.70,10533780,$177.75,147061600,$126.80,5734417,$112.35,12880490,$157.31,5030461,$179.94,1765485,$131.18,1730320,$157.57,2081200,$17.54,10372330,$92.33,4932200,4.22,4.21,4.17,4.06,4,3.81,3.64,3.54,3.5,3.61,3.79,4.05,4.63,63.81
09/12/2025,$234.07,55824220,$228.15,38496220,$240.80,26771610,$509.90,23624880,$755.59,8248557,$177.82,124911000,$125.04,4365666,$112.16,11105690,$157.11,5546333,$180.28,1500305,$130.78,1380843,$156.72,1642668,$17.45,7327941,$92.43,5170407,4.24,4.24,4.2,4.08,4.02,3.83,3.66,3.56,3.52,3.63,3.81,4.06,4.65,64.36
09/11/2025,$230.03,50208580,$229.95,37485600,$240.37,30599330,$501.01,18881610,$750.90,7923284,$177.17,151159300,$125.37,6159381,$112.14,11534500,$158.25,6417408,$182.31,1265815,$132.52,2155893,$157.59,2621080,$17.49,5784858,$94.13,4721131,4.22,4.22,4.18,4.08,4,3.82,3.63,3.52,3.47,3.59,3.76,4.01,4.61,65.95
09/10/2025,$226.79,83440810,$230.33,60907710,$239.17,35141070,$500.37,21611820,$751.98,12478280,$177.33,226852000,$124.45,8447197,$112.50,15837580,$157.79,7440811,$181.69,1800282,$131.42,2424723,$158.50,4199479,$17.42,10161960,$94.32,4353843,4.23,4.23,4.2,4.09,4.02,3.83,3.66,3.54,3.47,3.59,3.78,4.04,4.65,64.36
09/09/2025,$234.35,66313920,$238.24,27033780,$239.63,38060960,$498.41,14410540,$765.70,10999030,$170.76,157548400,$121.29,10704360,$110.65,14899500,$154.85,7769177,$183.18,2307706,$132.29,2830762,$161.83,3869184,$17.17,10979090,$91.86,5838579,4.25,4.25,4.22,4.1,4.05,3.85,3.68,3.54,3.48,3.61,3.81,4.08,4.68,64.96
09/08/2025,$237.88,48999500,$235.84,33947100,$234.04,32474740,$498.20,16771020,$752.30,13087820,$168.31,163769100,$123.00,5187097,$109.85,15440510,$154.00,9461969,$181.19,2006803,$130.21,2802391,$157.36,2458975,$17.15,15535630,$91.40,9750614,4.26,4.23,4.21,4.1,4.04,3.84,3.64,3.49,3.47,3.57,3.77,4.05,4.65,64.49
09/05/2025,$239.69,54870400,$232.33,36721800,$235.00,46588930,$495.00,31994850,$752.45,9663441,$167.02,224441400,$124.83,6413059,$109.23,16826690,$153.66,11011670,$180.28,1696279,$131.55,1828616,$156.77,2599339,$17.39,12091520,$92.95,8510324,4.29,4.24,4.24,4.07,4.05,3.85,3.65,3.51,3.48,3.59,3.8,4.1,4.72,63.6
09/04/2025,$239.78,47549430,$235.68,59391780,$232.30,51684170,$507.97,15509490,$748.65,11439080,$171.66,141670100,$126.67,7053769,$112.40,12864440,$157.69,7242974,$178.98,1494012,$131.58,1832221,$155.39,2611661,$17.65,7836292,$95.77,5612659,4.33,4.3,4.28,4.16,4.12,3.94,3.76,3.59,3.55,3.65,3.87,4.17,4.81,65.18
09/03/2025,$238.47,66427840,$225.99,29223130,$230.66,103336100,$505.35,16345080,$737.05,7699332,$170.62,164424900,$124.02,5966804,$111.91,14920090,$158.06,9556116,$179.00,1751373,$130.53,2290953,$155.38,3080313,$17.57,9702552,$94.65,9793520,4.35,4.33,4.26,4.18,4.14,3.96,3.77,3.61,3.58,3.69,3.92,4.22,4.85,64.08
09/02/2025,$229.72,44075640,$225.34,38843880,$211.35,47523040,$505.12,18128000,$735.11,9350857,$170.78,231164900,$120.96,8969874,$114.69,15206670,$161.83,8947302,$180.15,2245614,$133.84,2113980,$154.28,3217205,$17.70,8464928,$98.99,5192258,4.4,4.35,4.29,4.2,4.15,3.99,3.82,3.66,3.63,3.74,3.98,4.28,4.92,64.56
08/29/2025,$232.14,39418440,$229.00,26199170,$212.91,39728360,$506.69,20961570,$738.70,9070546,$174.18,243257900,$122.15,24363220,$114.29,14597870,$160.60,6934840,$179.71,1753840,$133.58,1530729,$152.01,2242718,$17.72,8963936,$98.97,4594400,4.41,4.34,4.3,4.23,4.17,4.01,3.83,3.59,3.58,3.68,3.92,4.23,4.86,63.38
08/28/2025,$232.56,38074700,$231.60,33679590,$211.64,32339310,$509.64,18015590,$751.11,7467955,$180.17,281787800,$134.05,11144070,$113.35,14189830,$159.32,6502447,$179.30,1844100,$132.83,1982338,$151.16,2092865,$17.66,10122070,$98.45,4240982,4.42,4.35,4.31,4.26,4.17,4.04,3.85,3.62,3.6,3.69,3.92,4.22,4.83,64.51
08/27/2025,$230.49,31259510,$229.12,21254480,$207.48,23022850,$506.74,17277890,$747.38,8315435,$181.60,235518900,$132.50,3799268,$112.75,15262630,$159.24,7482961,$177.89,1820563,$132.62,2031923,$150.77,2149276,$17.57,9221260,$97.90,5759528,4.42,4.36,4.3,4.26,4.18,4.04,3.83,3.59,3.59,3.69,3.95,4.24,4.87,63.78
08/26/2025,$229.31,54575110,$228.71,26105370,$207.14,28464130,$502.04,30835710,$754.10,7601800,$181.77,168688200,$130.99,3735748,$111.49,18143880,$157.36,10270030,$173.51,3153896,$129.89,2777492,$146.95,2591812,$17.59,9975508,$97.05,7052117,4.42,4.37,4.34,4.28,4.2,4.06,3.85,3.61,3.63,3.75,3.98,4.26,4.86,64.99
08/25/2025,$227.16,30983130,$227.94,22633700,$208.49,29928880,$504.26,21638580,$753.30,6861158,$179.81,163012800,$131.01,3202732,$111.74,9744897,$158.20,7029967,$172.18,1477305,$129.52,2051202,$147.11,2040347,$17.52,10794150,$98.18,6850791,4.45,4.38,4.35,4.29,4.21,4.08,3.88,3.73,3.68,3.8,4.01,4.28,4.86,63.68
08/22/2025,$227.76,42477810,$228.84,37315340,$206.09,42827040,$507.23,24324160,$754.79,10612670,$177.99,172789400,$130.84,3785951,$111.28,13586670,$158.18,9084344,$170.88,1734072,$129.94,2674117,$145.37,2106405,$17.51,16847170,$96.78,6338575,4.47,4.38,4.36,4.27,4.21,4.08,3.87,3.68,3.64,3.76,3.98,4.26,4.84,64.22
08/21/2025,$224.90,30621250,$221.95,32140460,$199.75,19774630,$504.24,18443250,$739.10,8876307,$174.98,140040900,$127.83,4057774,$109.23,12194900,$155.55,7533625,$164.94,1299678,$124.45,2174688,$140.29,2394379,$17.46,12788570,$94.78,5342090,4.49,4.41,4.39,4.32,4.24,4.14,3.95,3.79,3.75,3.86,4.07,4.33,4.89,65.03
08/20/2025,$226.01,42263870,$223.81,36604320,$199.32,28955500,$505.72,27723030,$747.72,11898190,$175.40,215142700,$128.48,7222713,$108.53,18959720,$153.22,8076269,$165.82,1540075,$123.57,1720422,$140.51,2082975,$17.33,13994290,$94.89,6133511,4.45,4.4,4.35,4.3,4.22,4.11,3.9,3.74,3.69,3.81,4.02,4.29,4.86,64.94
08/19/2025,$230.56,39402560,$228.01,29891010,$201.57,24240230,$509.77,21481020,$751.48,12286690,$175.64,185229200,$135.20,3570149,$107.42,16113610,$152.00,8567476,$164.38,2155341,$122.17,1600468,$137.93,1540225,$17.35,14926600,$93.76,5412150,4.46,4.4,4.35,4.3,4.21,4.11,3.91,3.75,3.7,3.82,4.04,4.3,4.89,64.9
08/18/2025,$230.89,37476190,$231.49,25248890,$203.50,18526590,$517.10,23760580,$767.37,16513740,$182.01,132008000,$138.13,3202498,$106.72,13040020,$155.32,8174280,$162.67,1487787,$122.84,1858168,$136.81,1869861,$17.34,12937830,$94.00,4849707,4.47,4.4,4.35,4.33,4.22,4.13,3.93,3.77,3.73,3.86,4.07,4.34,4.92,65.38
08/15/2025,$231.59,56038660,$231.03,39649240,$203.90,34931420,$520.17,25213270,$785.23,13375360,$180.45,156602200,$138.28,3448196,$106.49,19271860,$156.55,11617050,$162.34,1831457,$123.61,2303677,$136.80,2037289,$17.24,10000460,$95.33,6564712,4.48,4.42,4.35,4.3,4.22,4.12,3.93,3.75,3.73,3.85,4.07,4.33,4.91,66.2
08/14/2025,$232.78,51916280,$230.98,61545820,$202.94,25230430,$522.48,20269070,$782.13,8116193,$182.02,129554000,$138.86,3813770,$107.38,13683470,$155.16,7337258,$162.32,1373247,$122.73,2095643,$135.82,1906080,$17.38,12517930,$95.65,10057790,4.48,4.43,4.36,4.3,4.22,4.12,3.91,3.74,3.7,3.82,4.03,4.29,4.86,67.33
08/13/2025,$233.33,69878550,$224.56,36508340,$201.96,28342920,$520.58,19619160,$780.08,8811750,$181.59,179871700,$139.14,6025185,$107.60,17958700,$155.87,6582191,$161.73,2071968,$122.58,2359186,$136.15,2093608,$17.49,12033550,$95.88,7263344,4.44,4.42,4.32,4.29,4.21,4.09,3.86,3.67,3.64,3.77,3.98,4.24,4.81,68.39
08/12/2025,$229.65,55672300,$221.47,37254710,$203.34,30424450,$529.24,18688920,$790.00,14579770,$183.16,145729200,$141.64,4859427,$106.13,14113220,$154.44,6645373,$159.11,2291850,$120.04,1749152,$133.38,1815028,$17.39,12640090,$94.59,7526991,4.44,4.44,4.35,4.33,4.25,4.12,3.9,3.72,3.69,3.83,4.03,4.29,4.87,70.36
08/11/2025,$227.18,61806130,$221.30,31646220,$201.00,25832440,$521.77,20194370,$765.87,7611964,$182.06,138323200,$138.32,4402805,$105.83,13570660,$153.45,6169716,$158.59,1784184,$118.37,1699625,$131.77,2122280,$17.16,20634280,$93.53,6491368,4.46,4.41,4.38,4.34,4.27,4.15,3.93,3.76,3.71,3.83,4.03,4.27,4.83,71.09
08/08/2025,$229.35,113854000,$222.69,32970480,$201.42,39161830,$522.04,15531010,$769.30,7320755,$182.70,123396700,$137.61,5458586,$106.80,14417730,$155.01,6332807,$160.84,1278171,$119.13,1694173,$133.29,2165639,$17.28,15417050,$93.91,8765310,4.48,4.43,4.39,4.32,4.27,4.15,3.93,3.76,3.7,3.84,4.03,4.27,4.84,70.27
08/07/2025,$220.03,90224830,$223.13,40603510,$196.52,26321810,$520.84,16079140,$761.83,9019691,$180.77,151878400,$133.93,5691229,$105.95,13468290,$153.16,6510670,$161.51,1587808,$119.30,1587566,$132.59,2060083,$17.62,19351260,$92.60,10307300,4.49,4.46,4.41,4.32,4.27,4.15,3.92,3.72,3.66,3.79,3.99,4.23,4.81,67.81
08/06/2025,$213.25,108483100,$222.31,54823050,$196.09,21562910,$524.94,21355700,$771.99,9733910,$179.42,137192300,$128.14,6250887,$106.51,15321810,$152.78,7840914,$162.44,2755537,$119.84,2080758,$133.46,2764160,$17.86,28738160,$93.11,7078514,4.48,4.47,4.4,4.32,4.27,4.15,3.9,3.69,3.63,3.77,3.97,4.22,4.8,66.38
08/05/2025,$202.92,44155080,$213.75,51505120,$194.67,31602340,$527.75,19171570,$763.46,11640290,$178.26,156407600,$130.48,4754756,$107.24,21314250,$153.04,8604079,$168.92,1923410,$122.07,1512750,$136.83,2178419,$17.73,15847940,$93.20,7716174,4.49,4.48,4.41,4.34,4.29,4.16,3.92,3.72,3.63,3.77,3.97,4.22,4.77,67.16
08/04/2025,$203.35,75109300,$211.65,77890150,$195.04,31547350,$535.64,25349000,$776.37,15801730,$180.00,148174600,$130.23,2765311,$107.37,19129470,$151.04,10116630,$167.96,2068509,$121.46,2102215,$135.04,2920507,$17.79,13959810,$92.85,9384502,4.48,4.46,4.43,4.35,4.28,4.15,3.82,3.69,3.66,3.75,3.95,4.22,4.78,66.05
08/01/2025,$202.38,104434500,$214.75,122258800,$189.13,34832180,$524.11,28977630,$750.01,19028710,$173.72,204529000,$127.32,5520996,$109.64,19652030,$151.40,10706490,$165.53,1385321,$119.60,2162494,$133.18,2250370,$17.79,16574350,$92.76,6349218,4.49,4.46,4.44,4.35,4.3,4.16,3.87,3.69,3.67,3.77,3.97,4.23,4.79,67.56
07/31/2025,$207.57,80698430,$234.11,104357300,$191.90,51329160,$533.50,51617330,$773.44,38831100,$177.87,221685400,$132.69,3876200,$111.64,17233740,$151.64,10237100,$170.19,1340662,$123.58,3926259,$137.31,3565551,$18.04,13651340,$95.34,5648167,4.49,4.47,4.46,4.41,4.4,4.31,4.1,3.94,3.89,3.96,4.14,4.37,4.89,68.39
07/30/2025,$209.05,45512510,$230.19,32993270,$196.53,32445410,$513.24,26380430,$695.21,27077290,$179.27,174312200,$133.54,3765782,$111.90,12996910,$153.56,9191661,$170.78,1494576,$124.40,3193780,$139.37,4630021,$18.05,9604261,$96.67,6607594,4.41,4.48,4.45,4.41,4.39,4.31,4.12,3.94,3.89,3.96,4.15,4.38,4.9,68.53
07/29/2025,$211.27,51411720,$231.01,33716220,$195.75,41389150,$512.57,16469240,$700.00,13267030,$175.51,154077500,$133.51,4013237,$112.88,15928000,$157.03,6446038,$175.43,1296340,$128.41,2395738,$144.73,3245702,$18.16,15116520,$97.99,5157789,4.4,4.47,4.45,4.4,4.41,4.28,4.07,3.86,3.82,3.9,4.1,4.34,4.86,68.76
07/28/2025,$214.05,37858020,$232.79,26300140,$192.58,38139500,$512.50,14308030,$717.63,8715743,$176.75,140023500,$133.86,4846577,$111.44,12352970,$156.28,8755412,$174.80,1100399,$127.69,2690475,$144.75,2205656,$17.78,12749300,$97.02,4632430,4.4,4.47,4.45,4.4,4.42,4.3,4.09,3.91,3.87,3.96,4.18,4.42,4.95,67.13
07/25/2025,$213.88,40268780,$231.44,28712100,$193.18,39785860,$513.71,19125700,$712.68,8271698,$173.50,122316800,$131.22,4300969,$110.40,10548940,$154.84,7875498,$171.57,1287759,$124.97,3666550,$141.97,2792222,$17.72,10436940,$94.95,4501837,4.37,4.46,4.46,4.42,4.42,4.31,4.09,3.91,3.86,3.95,4.15,4.4,4.92,67.76
07/24/2025,$213.76,46022620,$232.23,42902270,$192.17,74881690,$510.88,16107000,$714.80,10920840,$173.74,128984600,$128.35,3785008,$110.79,15647210,$155.83,15701020,$171.31,2607379,$124.32,3508238,$140.34,6183651,$17.72,13251520,$95.62,5048208,4.37,4.47,4.46,4.42,4.42,4.32,4.1,3.91,3.87,3.98,4.18,4.43,4.95,68.19
07/23/2025,$214.15,46989300,$228.29,28294850,$190.23,58681950,$505.87,16396590,$713.58,8771615,$170.78,154082200,$127.22,4175675,$109.93,12002690,$153.12,13162820,$177.54,1798292,$127.85,2281539,$147.54,2949421,$17.44,13075060,$95.04,6921475,4.37,4.46,4.45,4.41,4.42,4.31,4.08,3.88,3.84,3.94,4.15,4.4,4.93,69.63
07/22/2025,$214.40,46404070,$227.47,37483700,$191.34,44660220,$505.27,13868640,$704.81,8921064,$167.03,193114300,$124.33,6278006,$108.54,13970890,$150.04,26196490,$175.25,1431346,$126.16,2225129,$145.11,2818279,$17.33,12458900,$92.98,5545502,4.37,4.46,4.45,4.41,4.42,4.3,4.05,3.83,3.77,3.88,4.09,4.35,4.9,67.78
07/21/2025,$212.48,51377430,$229.30,40297560,$190.10,45803130,$510.06,14066810,$712.97,9404391,$171.38,123126100,$128.96,5560236,$108.05,17010410,$149.68,17982220,$174.88,1458156,$126.05,2505373,$146.28,2129503,$17.24,13446450,$91.00,4436764,4.35,4.41,4.46,4.41,4.42,4.3,4.06,3.85,3.81,3.91,4.13,4.38,4.93,69.61
07/18/2025,$211.18,48974590,$226.13,37833810,$185.06,34014510,$510.05,21209670,$704.28,12779750,$172.41,146456400,$131.24,11025210,$107.77,32366590,$150.04,45782640,$174.21,2623699,$125.90,3256700,$146.15,3417787,$17.47,13444960,$91.64,7968179,4.35,4.39,4.46,4.4,4.42,4.3,4.08,3.88,3.84,3.96,4.18,4.44,4.99,69.55
07/17/2025,$210.02,48068140,$223.88,31855830,$183.58,31992570,$511.70,17503130,$701.41,11803260,$173.00,160841100,$123.88,3763654,$111.66,13151450,$151.38,8359596,$174.17,1619726,$125.18,2609129,$144.67,2418820,$17.54,9672985,$92.81,4899410,4.36,4.39,4.47,4.41,4.42,4.31,4.1,3.91,3.89,4.01,4.22,4.47,5.01,69.16
07/16/2025,$210.16,47490530,$223.19,39535930,$182.97,33104190,$505.62,15154370,$702.91,13067630,$171.37,158831500,$123.57,5955938,$112.23,11158850,$149.92,7923427,$172.37,2585081,$123.67,3438405,$143.19,4003070,$17.44,13330980,$91.51,3774052,4.36,4.4,4.45,4.41,4.42,4.31,4.08,3.88,3.86,3.99,4.21,4.46,5.01,68.13
07/15/2025,$209.11,42296340,$226.35,34907290,$182.00,33448250,$505.82,14927200,$710.39,11529510,$170.70,230627400,$125.69,4041727,$112.91,10959350,$150.69,7346346,$175.62,1784954,$128.27,1995192,$148.80,2568438,$17.59,11649500,$92.55,4152412,4.36,4.4,4.46,4.42,4.43,4.33,4.12,3.95,3.93,4.05,4.26,4.5,5.02,68.66
07/14/2025,$208.62,38840110,$225.69,35702600,$181.56,32536630,$503.02,12058850,$720.92,8939399,$164.07,136975800,$125.67,3626919,$113.92,13220300,$151.65,10706330,$175.63,2732238,$129.01,1933220,$148.87,2626942,$17.49,9934806,$94.17,5504632,4.37,4.41,4.46,4.42,4.42,4.31,4.08,3.9,3.86,3.98,4.19,4.43,4.97,66.64
07/11/2025,$211.16,39765810,$225.02,50518310,$180.19,34282920,$503.32,16459510,$717.51,10873880,$164.92,193633300,$126.83,3560249,$115.43,11683880,$155.31,8333214,$179.86,4388213,$131.71,1680021,$153.05,3055100,$17.46,9436485,$95.61,4903431,4.37,4.39,4.47,4.41,4.42,4.31,4.09,3.9,3.86,3.99,4.19,4.43,4.96,66.3
07/10/2025,$212.41,44443640,$222.26,30370590,$177.62,29252390,$501.48,16498740,$727.24,9922249,$164.10,167704100,$127.91,5371349,$114.93,14903880,$154.17,8398810,$182.26,3765828,$134.39,2711868,$154.81,3763050,$17.44,15585470,$95.37,4066491,4.36,4.39,4.47,4.42,4.42,4.31,4.07,3.86,3.82,3.93,4.12,4.35,4.87,66.66
07/09/2025,$211.14,48749370,$222.54,38155120,$176.62,43025590,$503.51,18659540,$732.78,11417960,$162.88,183656400,$126.63,3966168,$113.80,10652060,$153.02,9495898,$179.27,1976240,$130.51,3160624,$149.07,3304061,$17.64,13942550,$94.53,5351500,4.36,4.4,4.45,4.42,4.42,4.31,4.07,3.86,3.8,3.92,4.11,4.34,4.87,66.44
07/08/2025,$210.01,42848930,$219.36,45691990,$174.36,40442540,$496.62,11846590,$720.67,7770693,$160.00,138133000,$124.39,3317273,$114.19,17913400,$153.24,14082100,$179.93,2426450,$130.00,3821506,$148.67,7593779,$17.80,9747755,$95.79,12934660,4.36,4.41,4.46,4.42,4.42,4.34,4.11,3.9,3.86,3.99,4.18,4.42,4.95,65.98
07/07/2025,$209.95,50228980,$223.47,36604140,$176.79,34175650,$497.72,13981610,$718.35,9457080,$158.24,140139000,$124.77,4070215,$111.11,15415890,$147.40,9460902,$176.45,1692608,$126.40,2091014,$143.74,2537478,$17.75,13186080,$92.55,6287147,4.37,4.43,4.45,4.42,4.41,4.33,4.08,3.9,3.85,3.96,4.16,4.4,4.93,65.45
07/03/2025,$213.55,34955840,$223.41,29632350,$179.53,21689730,$498.84,13984830,$719.01,8601653,$159.34,143716100,$125.22,3725609,$112.20,11223580,$148.37,5173309,$176.05,1135939,$127.29,1290860,$144.58,2224601,$17.97,7052899,$93.68,4331501,4.35,4.43,4.5,4.42,4.41,4.34,4.07,3.88,3.84,3.94,4.12,4.35,4.87,75.72
07/02/2025,$212.44,67941810,$219.92,30894180,$178.64,29128950,$491.09,16319640,$713.57,9336740,$157.25,171224100,$123.48,3937763,$111.05,11892160,$147.98,8228683,$174.46,1556856,$126.46,2128468,$142.06,3528124,$17.90,11754140,$94.44,9436035,4.33,4.44,4.43,4.41,4.37,4.28,3.99,3.78,3.77,3.87,4.06,4.3,4.84,75.89
07/01/2025,$207.82,78788870,$220.46,39256830,$175.84,35904530,$492.05,19945380,$719.22,13431250,$153.30,213143600,$121.73,4105007,$109.24,15536900,$145.57,8508150,$169.95,1949322,$123.15,2731525,$138.01,3578341,$17.81,15361410,$91.99,11895190,4.32,4.44,4.42,4.4,4.35,4.29,3.98,3.78,3.75,3.84,4.03,4.26,4.79,75.62
06/30/2025,$205.17,91912820,$219.39,58887780,$176.23,63378860,$497.41,28368990,$738.09,15402110,$157.99,194580300,$122.60,5427012,$107.80,19199050,$143.19,6980319,$166.11,1661003,$119.30,2060675,$134.42,2413542,$18.13,11194670,$89.74,6519202,4.28,4.41,4.45,4.41,4.36,4.29,3.96,3.72,3.68,3.79,3.98,4.24,4.79,72.53
06/27/2025,$201.08,73188570,$223.30,119217100,$178.53,108140200,$495.94,34539240,$733.63,18775740,$157.75,263234500,$123.99,7362045,$109.38,22002080,$143.79,9213512,$167.41,8636562,$119.25,10132730,$134.69,8049533,$18.20,13731100,$90.17,7555727,4.19,4.43,4.49,4.39,4.36,4.26,3.97,3.73,3.72,3.83,4.03,4.29,4.85,73.84
06/26/2025,$201.00,50799120,$217.12,50480810,$173.54,31796690,$497.45,21578850,$726.09,13964790,$155.02,198145700,$125.98,9434781,$109.99,18304840,$144.44,7415714,$167.52,1711454,$120.17,3066272,$136.97,2743724,$18.18,14104920,$90.89,6544995,4.11,4.47,4.49,4.39,4.36,4.26,3.96,3.7,3.68,3.79,4,4.26,4.81,68.73
06/25/2025,$201.56,39525730,$211.99,31755700,$170.68,35478990,$492.27,17495100,$708.68,9320436,$154.31,269146500,$120.46,3977595,$108.37,17483230,$143.23,7386088,$165.69,2006911,$119.63,2866850,$135.72,2327830,$17.67,16924510,$89.00,8380832,4.21,4.46,4.43,4.38,4.36,4.26,3.99,3.74,3.74,3.83,4.05,4.29,4.83,68.91
06/24/2025,$200.30,54064030,$212.77,38378760,$166.77,40524310,$490.11,22305640,$712.20,13823180,$147.90,187566100,$120.59,5034451,$108.34,24828280,$143.55,10778350,$165.29,2875965,$119.46,4171302,$135.85,2973210,$17.69,14121620,$89.39,11016200,4.21,4.53,4.44,4.38,4.37,4.27,3.99,3.75,3.75,3.86,4.06,4.3,4.83,65.66
06/23/2025,$201.50,55814270,$208.47,37311730,$165.19,57670990,$486.00,24863950,$698.53,11080060,$144.17,154308900,$118.02,5987393,$111.74,26631060,$146.86,10540610,$166.61,3356798,$121.03,4503077,$137.06,3229219,$17.64,14129120,$91.71,9749666,4.2,4.4,4.52,4.38,4.37,4.28,4,3.84,3.8,3.91,4.1,4.34,4.87,65.99
06/20/2025,$201.00,96813540,$209.69,75350730,$166.64,75659920,$477.40,37576210,$682.35,22538640,$143.85,242956200,$119.37,9568390,$114.70,36273290,$149.55,23705880,$169.12,6556489,$124.78,8494407,$141.10,5438863,$17.85,15906320,$94.69,16026430,4.2,4.38,4.55,4.39,4.4,4.29,4.07,3.9,3.86,3.96,4.16,4.38,4.9,65.3
06/18/2025,$196.58,45394690,$212.52,44360510,$173.32,28707520,$480.24,17526450,$695.77,10068260,$145.48,161494100,$116.56,4671234,$113.19,17968890,$148.19,9841924,$167.42,2593734,$124.82,5788636,$139.42,2872849,$17.88,10760560,$93.80,9115952,4.2,4.36,4.58,4.42,4.41,4.33,4.1,3.94,3.89,3.98,4.17,4.38,4.89,63.57
06/17/2025,$195.64,38856150,$214.82,32086260,$175.95,24973040,$478.04,15414130,$697.23,10066110,$144.12,139108000,$115.93,5968230,$114.00,19451700,$148.85,11330270,$170.08,3850797,$124.54,5513888,$141.77,4292491,$17.93,12808890,$95.50,9468113,4.23,4.31,4.46,4.42,4.39,4.31,4.1,3.94,3.9,3.99,4.17,4.39,4.89,64.1
06/16/2025,$198.42,43020690,$216.10,33284160,$176.77,27389210,$479.14,15626100,$702.12,13720290,$144.69,183133700,$113.74,5292302,$112.48,22986110,$146.03,10105080,$166.78,2885840,$123.62,4164309,$137.76,3427793,$18.15,15491760,$95.00,10330380,4.24,4.36,4.47,4.43,4.4,4.32,4.1,3.97,3.93,4.04,4.23,4.46,4.97,63.27
06/13/2025,$196.45,51447350,$212.10,29337760,$174.67,27663110,$474.96,16814460,$682.87,9274441,$141.97,180820600,$109.56,5137534,$112.12,28540170,$145.91,14148020,$166.15,2705512,$122.15,3074949,$134.11,3758625,$18.32,14310460,$96.96,16849720,4.23,4.32,4.48,4.45,4.4,4.3,4.09,3.96,3.9,4.02,4.2,4.41,4.93,61.46
06/12/2025,$199.20,43904640,$213.24,27639990,$175.70,20941870,$478.87,18950580,$693.36,7322730,$145.00,162365000,$113.40,5597707,$109.73,17469410,$144.97,6999389,$165.07,1726067,$121.52,2442456,$133.50,2124736,$18.45,11171480,$94.69,7862291,4.18,4.3,4.49,4.46,4.4,4.29,4.06,3.9,3.85,3.97,4.15,4.36,4.86,61.66
06/11/2025,$198.78,60989860,$213.20,39325980,$177.35,31646760,$472.62,16399180,$694.14,9582508,$142.83,167694000,$111.24,5436451,$109.31,22648190,$144.78,9256663,$164.66,2019185,$120.95,2414199,$134.06,2400700,$18.25,13387610,$93.35,8738497,4.3,4.32,4.39,4.45,4.39,4.31,4.08,3.94,3.89,4.02,4.21,4.41,4.93,62.54
06/10/2025,$202.67,54672610,$217.61,31303320,$178.60,61766120,$470.92,15375940,$702.40,10850150,$143.96,155881900,$113.25,8661402,$107.22,17634790,$143.35,9841523,$162.64,1976107,$118.70,2314736,$131.93,2150698,$17.99,11591650,$91.18,9687643,4.29,4.31,4.37,4.45,4.38,4.32,4.12,4.01,3.95,4.08,4.27,4.47,4.96,61.61
06/09/2025,$201.45,72862560,$216.98,38102500,$176.09,28935910,$472.75,16469930,$694.06,12773220,$142.63,185114500,$114.22,5123656,$104.97,17087330,$140.76,7159471,$160.27,1895795,$116.10,2803994,$128.26,2616043,$17.71,12491710,$88.04,6212589,4.29,4.32,4.36,4.44,4.38,4.32,4.13,4.01,3.99,4.09,4.28,4.49,4.98,62.89
06/06/2025,$203.92,46607690,$213.57,39832500,$173.68,35731830,$470.38,15285620,$697.71,11727960,$141.72,153986200,$113.75,4037456,$104.27,15487840,$140.21,6563518,$160.12,1351716,$114.29,2821122,$128.35,2607431,$17.93,12139110,$87.22,6042449,4.28,4.31,4.35,4.43,4.38,4.31,4.14,4.04,4.02,4.13,4.31,4.51,4.99,62.55
06/05/2025,$200.63,55221240,$207.91,51979240,$168.21,36444560,$467.68,20154460,$684.62,13120340,$139.99,232410800,$111.82,5454944,$101.83,13942220,$136.90,6350526,$158.21,1533604,$112.23,2836579,$126.88,1845642,$17.67,12224560,$85.35,5110709,4.26,4.33,4.35,4.44,4.37,4.29,4.08,3.92,3.9,3.99,4.18,4.4,4.9,62.93
06/04/2025,$202.82,43603990,$207.23,29915590,$168.05,26900840,$463.87,14162690,$687.95,14031930,$141.92,167120800,$112.70,4536209,$102.30,15648520,$137.37,8735619,$156.95,2582218,$112.48,3686241,$126.54,4458423,$17.53,18054840,$85.95,7268039,4.32,4.34,4.35,4.44,4.37,4.29,4.06,3.87,3.84,3.93,4.14,4.37,4.9,63.97
06/03/2025,$203.27,46381570,$205.71,33139120,$166.18,45084900,$462.97,15743760,$666.85,11585030,$141.22,225578800,$111.90,6643941,$103.80,19194340,$139.55,9001305,$161.97,2004856,$115.97,2065648,$130.95,2310712,$17.90,12659650,$87.91,5642890,4.33,4.34,4.35,4.43,4.38,4.31,4.12,3.96,3.93,4.04,4.23,4.46,5,63.98
06/02/2025,$201.70,35423290,$206.65,29113320,$169.03,38612270,$461.97,16626500,$670.90,15766260,$137.38,197663100,$108.08,9027602,$103.05,17290460,$137.84,9076639,$158.75,2960513,$114.28,2841393,$128.30,2824491,$17.48,15434650,$86.72,8634361,4.33,4.33,4.36,4.44,4.38,4.31,4.12,3.94,3.91,4.01,4.22,4.46,5,63.84
05/30/2025,$200.85,70819940,$205.01,51679410,$171.74,52639910,$460.36,34770480,$647.49,16240950,$135.13,333170900,$111.27,19208000,$102.30,28645790,$136.70,12858870,$160.74,4475396,$113.48,4559857,$128.97,3870538,$17.48,12759100,$85.35,20170550,4.33,4.35,4.35,4.36,4.39,4.36,4.11,3.89,3.87,3.96,4.18,4.41,4.93,63.03
05/29/2025,$199.95,51477940,$205.70,34700010,$171.86,29373800,$458.68,13982210,$645.05,8883436,$139.19,370615200,$113.63,14682690,$102.69,13832490,$137.91,7556199,$159.92,1961172,$114.68,2609976,$129.16,2567654,$17.68,9492849,$85.60,7000457,4.34,4.34,4.35,4.36,4.39,4.36,4.13,3.92,3.91,4,4.2,4.43,4.94,64.48
05/28/2025,$200.42,45339680,$204.72,28549750,$172.36,34784000,$457.36,17086260,$643.58,9042874,$134.81,304021100,$113.77,4618411,$102.11,14292380,$136.02,6876282,$158.61,1513761,$112.77,2006680,$126.93,3125237,$17.76,8525841,$84.58,6792984,4.35,4.35,4.35,4.35,4.38,4.36,4.16,3.96,3.95,4.05,4.27,4.47,4.99,65.04
05/27/2025,$200.21,56288480,$206.02,34892040,$172.90,37995670,$460.69,20974290,$642.32,9508367,$135.50,192953600,$113.99,5512085,$103.52,13043600,$137.83,8348877,$162.33,2480118,$114.33,2832705,$130.71,2426762,$17.95,8280402,$85.55,7227053,4.35,4.35,4.35,4.35,4.43,4.35,4.14,3.92,3.93,4.04,4.22,4.43,4.95,63.32
05/23/2025,$195.27,78432920,$200.99,33393550,$168.47,35211440,$450.18,16883510,$627.06,8454067,$131.29,198821300,$112.11,3916881,$103.03,12061610,$136.54,7025946,$159.11,1576925,$113.13,2248682,$128.55,2053076,$17.85,7733612,$85.19,6789594,4.36,4.34,4.35,4.36,4.43,4.35,4.15,4,3.96,4.08,4.29,4.51,5.03,61.25
05/22/2025,$201.36,46742410,$203.10,38938880,$170.87,74864420,$454.86,18025610,$636.57,8228443,$132.83,187344000,$111.95,4013723,$102.97,13417380,$135.29,8877579,$158.89,2365372,$112.98,3588339,$128.72,3097244,$17.88,9060531,$86.13,6587207,4.37,4.34,4.35,4.37,4.42,4.34,4.13,4,3.99,4.11,4.32,4.54,5.05,59.42
05/21/2025,$202.09,59211770,$201.12,42460920,$168.56,73415960,$452.57,19216910,$635.50,11464570,$131.80,270608700,$111.93,5859850,$103.66,16716080,$135.56,9073206,$156.70,2832246,$111.78,7211870,$127.80,4223701,$17.76,11711260,$87.15,8639053,4.35,4.34,4.34,4.36,4.42,4.33,4.13,4,4,4.15,4.37,4.58,5.08,60.42
05/20/2025,$206.86,42496640,$204.07,29470370,$163.98,46607660,$458.17,15441810,$637.10,6743473,$134.38,161514200,$114.23,4150630,$104.95,12429320,$137.27,6503930,$161.53,1431726,$120.90,2831654,$132.21,1908842,$18.14,9876665,$89.69,5313223,4.36,4.35,4.34,4.38,4.42,4.32,4.12,3.97,3.95,4.07,4.27,4.48,4.99,58.5
05/19/2025,$208.78,46140530,$206.16,34314810,$166.54,30426100,$458.87,21336510,$640.43,9592374,$135.57,193154600,$114.28,4594717,$106.47,16802720,$138.49,7713568,$162.27,1987756,$122.18,3770026,$134.33,2282818,$18.00,11749820,$90.41,7190245,4.37,4.36,4.35,4.39,4.42,4.32,4.12,3.97,3.95,4.07,4.26,4.46,4.95,59.67
05/16/2025,$211.26,54737850,$205.59,43318480,$166.19,42846930,$454.27,23849780,$640.34,18518970,$135.40,226542500,$114.19,5466640,$108.19,14042540,$142.10,8200079,$164.12,2836148,$125.73,3242938,$135.74,2253059,$17.95,7676120,$92.43,6696225,4.37,4.36,4.34,4.37,4.42,4.3,4.13,3.98,3.95,4.06,4.24,4.43,4.92,60.59
05/15/2025,$211.45,45029470,$205.17,64347320,$163.96,33146670,$453.13,21992320,$643.88,14341840,$134.83,226632600,$110.87,4488787,$108.58,15004290,$142.26,7545407,$165.29,2300052,$124.77,2372101,$135.37,2243757,$17.97,11064240,$92.96,6696217,4.37,4.38,4.35,4.38,4.43,4.29,4.1,3.96,3.95,4.07,4.25,4.45,4.93,59.55
05/14/2025,$212.33,49325830,$210.25,38492130,$165.37,48755870,$452.94,19902800,$659.36,12348180,$135.34,281180800,$111.02,7639089,$108.48,15494930,$141.67,6453620,$163.52,2291227,$124.70,3215898,$134.32,2931376,$18.16,11112320,$92.57,7605184,4.39,4.38,4.36,4.41,4.44,4.3,4.14,4.05,4.05,4.17,4.35,4.53,5,61.84
05/13/2025,$212.93,51909330,$211.37,56193680,$159.53,42382130,$449.14,23618820,$656.03,18570820,$129.93,330430100,$107.85,7063523,$109.46,13350840,$142.35,8536797,$162.84,4014902,$125.57,11117300,$135.11,3391919,$18.00,13162320,$94.17,8293827,4.39,4.38,4.35,4.41,4.45,4.29,4.11,4.02,4,4.12,4.3,4.49,4.97,63.3
05/12/2025,$210.79,63775810,$208.64,75205040,$158.46,44138820,$449.26,22821940,$639.43,21965090,$123.00,225023300,$103.42,7927699,$109.16,14244560,$141.62,8028200,$158.14,3419190,$118.68,4530008,$130.49,4135383,$17.44,20417150,$92.27,8799567,4.38,4.37,4.36,4.42,4.45,4.29,4.11,3.98,3.97,4.09,4.27,4.45,4.92,63.85
05/09/2025,$198.53,36453920,$193.06,29663140,$152.75,32435280,$438.73,15324230,$592.49,10427290,$116.65,132972200,$95.91,4367390,$107.31,10992080,$138.49,5965723,$150.89,1567501,$110.92,2396924,$122.93,2167262,$17.21,16185910,$88.59,7569266,4.37,4.36,4.34,4.34,4.4,4.28,4.05,3.88,3.85,4,4.18,4.37,4.86,63.55
05/08/2025,$197.49,50478870,$192.08,41043620,$154.28,57498690,$438.17,23491330,$598.01,14622810,$117.37,198428100,$96.22,4575909,$106.07,19196550,$137.04,8669305,$149.97,2643939,$109.19,2679822,$121.73,3289502,$17.37,23123180,$88.82,15884530,4.37,4.37,4.35,4.34,4.4,4.28,4.05,3.9,3.85,4,4.18,4.37,4.86,62.64
05/07/2025,$196.25,68616940,$188.71,44002930,$151.38,127747600,$433.35,23307240,$596.81,13160980,$117.06,207827800,$95.79,5215633,$104.61,12335920,$135.79,8423485,$144.69,3135366,$105.55,1748025,$116.95,2500043,$16.89,30328590,$87.71,9202605,4.37,4.37,4.33,4.34,4.39,4.27,4,3.78,3.72,3.87,4.06,4.26,4.78,64.6
05/06/2025,$198.51,51216480,$185.01,29314060,$163.23,21277210,$433.31,15104200,$587.31,10600650,$113.54,158525600,$93.95,5015423,$104.71,16303450,$135.60,9916241,$144.55,3304165,$105.39,2348535,$117.00,3051718,$15.81,23141520,$87.63,8902397,4.37,4.37,4.33,4.33,4.38,4.25,3.98,3.78,3.73,3.9,4.1,4.3,4.82,63.48
05/05/2025,$198.89,69018450,$186.35,35217470,$164.21,21341810,$436.17,20136050,$599.27,13887720,$113.82,133163200,$94.36,4937957,$103.27,19623970,$135.50,9664980,$143.33,3427400,$106.90,2710993,$119.34,3776819,$16.19,19004830,$87.61,9274977,4.38,4.36,4.34,4.33,4.4,4.27,4.02,3.83,3.78,3.95,4.14,4.36,4.84,63.48
05/02/2025,$205.35,101010600,$189.98,77903490,$164.03,25715010,$435.28,30757430,$597.02,24739260,$114.50,190194800,$94.59,5970475,$106.21,16581870,$138.50,12393240,$141.55,1944833,$107.15,2588739,$118.93,2600892,$16.67,16540100,$91.41,6895606,4.38,4.36,4.34,4.33,4.41,4.26,4,3.83,3.82,3.92,4.11,4.33,4.81,65.07
05/01/2025,$213.32,57365680,$190.20,74265960,$161.30,30203250,$425.40,58938100,$572.21,31159030,$111.61,236121500,$91.95,6333050,$105.78,18610260,$136.26,10199850,$137.72,2053477,$103.46,2608634,$114.88,3995883,$16.53,18176220,$90.65,8027689,4.38,4.36,4.34,4.31,4.38,4.22,3.92,3.7,3.69,3.81,4.02,4.25,4.75,62.88
04/30/2025,$212.50,52286450,$184.42,55176540,$158.80,34981060,$395.26,36461080,$549.00,29243970,$108.92,235044600,$91.76,9891218,$105.63,20379280,$136.06,13858040,$137.41,2549276,$104.06,3211245,$116.09,3854307,$16.54,19619470,$89.12,8415290,4.35,4.37,4.36,4.31,4.37,4.19,3.85,3.6,3.58,3.72,3.93,4.17,4.68,61.74
04/29/2025,$211.21,36827630,$187.39,41667260,$160.16,26808960,$394.04,14973980,$554.44,11835040,$109.02,170444300,$93.78,4474033,$108.36,9483135,$139.30,7343820,$138.31,1747586,$106.00,1564445,$115.52,1428558,$17.04,10873190,$91.88,4828811,4.35,4.38,4.36,4.31,4.3,4.2,3.89,3.65,3.65,3.77,3.96,4.19,4.66,61.99
04/28/2025,$210.14,38743070,$187.70,33224730,$160.61,29745780,$391.16,16579430,$549.74,15179000,$108.73,207708500,$94.47,3920233,$108.63,13890870,$140.10,6715539,$137.58,1868397,$105.78,2295516,$114.75,2600961,$17.28,11028820,$92.93,4667605,4.35,4.37,4.37,4.32,4.32,4.22,3.92,3.67,3.67,3.81,4.01,4.23,4.71,61.91
04/25/2025,$209.28,38222260,$188.99,36414330,$161.96,56034000,$391.85,18973170,$547.27,17098920,$111.01,251064700,$94.89,4466690,$108.57,11245790,$138.73,6878491,$137.44,1681151,$103.97,3056426,$113.87,2865139,$17.45,9817443,$91.72,4736947,4.34,4.37,4.36,4.32,4.32,4.22,3.95,3.74,3.76,3.88,4.06,4.29,4.75,60.57
04/24/2025,$208.37,47310990,$186.54,43763200,$159.28,45893950,$387.30,22232290,$533.15,13910010,$106.43,220815000,$94.40,6367166,$108.63,9849553,$139.07,7745778,$137.54,3061566,$104.69,2536839,$113.36,4783049,$17.59,10808640,$91.80,6520274,4.34,4.36,4.37,4.32,4.32,4.22,3.97,3.77,3.8,3.91,4.11,4.32,4.79,62.63
04/23/2025,$204.60,52929170,$180.60,63470150,$155.35,31128830,$374.39,20545530,$520.27,18173910,$102.71,247526000,$89.16,8413053,$107.37,14235710,$136.68,10001970,$134.30,2996333,$102.78,3055122,$114.50,3652920,$17.10,14066790,$89.93,7699684,4.33,4.36,4.34,4.33,4.33,4.22,4.01,3.81,3.87,4,4.2,4.4,4.86,60.04
04/22/2025,$199.74,52976370,$173.18,56607200,$151.47,26971770,$366.82,19484990,$500.28,17399410,$98.89,241004800,$84.08,4471564,$108.30,13147050,$137.30,7984676,$131.39,1736236,$100.90,2908627,$112.46,3264803,$16.98,11431460,$89.76,5556799,4.33,4.37,4.35,4.33,4.33,4.21,3.98,3.76,3.82,3.98,4.19,4.41,4.9,61.05
04/21/2025,$193.16,46742540,$167.32,48126110,$147.67,26049120,$359.12,20807280,$484.66,16165980,$96.91,288501100,$82.39,5595271,$105.35,16926490,$133.73,9967487,$126.72,2425136,$97.01,2326663,$108.84,2274917,$16.56,14310220,$87.55,6213528,4.35,4.35,4.37,4.34,4.33,4.21,3.95,3.75,3.77,3.97,4.19,4.42,4.94,62.42
04/17/2025,$196.98,52164680,$172.61,44726450,$151.16,33046580,$367.78,21120190,$501.48,14593510,$101.49,292517500,$84.80,6238336,$106.92,17916470,$137.87,8434434,$127.72,2387715,$99.10,2437257,$110.06,2662902,$17.27,11256270,$88.98,7804562,4.36,4.35,4.38,4.34,4.35,4.22,3.99,3.81,3.82,3.95,4.13,4.34,4.82,72.12
04/16/2025,$194.27,59732420,$174.33,51875320,$153.33,28187420,$371.61,21967830,$502.31,18735080,$104.49,397016900,$83.36,5842293,$104.19,13607020,$135.36,8637220,$124.07,2897300,$96.57,1951934,$107.13,4040636,$16.92,11709960,$86.36,6093265,4.35,4.35,4.35,4.33,4.34,4.2,3.96,3.77,3.77,3.91,4.08,4.29,4.77,71.61
04/15/2025,$202.14,51343870,$179.59,43641950,$156.31,27551530,$385.73,17199890,$521.52,15558660,$112.20,228966900,$85.49,5728840,$103.10,13164860,$134.54,9334825,$122.23,2416189,$96.21,2347825,$107.55,3107155,$17.11,10196600,$85.72,5739945,4.35,4.36,4.36,4.33,4.32,4.21,3.99,3.84,3.85,3.98,4.15,4.35,4.82,71.87
04/14/2025,$202.52,101352900,$182.12,48002540,$159.07,30332960,$387.81,19251170,$531.48,14130930,$110.71,264705000,$85.19,12355190,$103.39,18019970,$135.32,9628152,$124.85,2709609,$97.82,2523995,$110.33,3132951,$16.82,14448960,$86.45,6537159,4.34,4.36,4.37,4.33,4.34,4.21,3.99,3.84,3.87,4.02,4.2,4.38,4.84,69.74
04/11/2025,$198.15,87435920,$184.87,50594340,$157.14,33636240,$388.45,23839220,$543.57,17642330,$110.93,313417300,$81.93,8667626,$103.14,22884630,$135.63,17224410,$123.43,2901225,$97.38,3572100,$110.70,3777177,$16.33,18407270,$86.39,9233806,4.37,4.35,4.38,4.34,4.35,4.21,4.04,3.96,3.98,4.15,4.32,4.48,4.91,70.3
04/10/2025,$190.42,121880000,$181.22,68302050,$152.82,48021970,$381.35,38024370,$546.29,28173490,$107.57,437812400,$78.94,11279260,$99.93,33999320,$134.98,20991220,$121.53,3970634,$96.99,4512489,$109.01,4861797,$15.91,19076690,$83.29,15621870,4.36,4.36,4.39,4.34,4.33,4.17,3.97,3.84,3.85,4.04,4.21,4.4,4.9,70.05
04/09/2025,$198.85,184395900,$191.10,116804300,$158.71,70406230,$390.49,50199700,$585.77,39216580,$114.33,612918300,$84.19,18159950,$105.80,30063290,$146.03,16846840,$131.42,5604411,$103.13,11450700,$115.90,7800067,$16.67,48154170,$91.51,17841880,4.36,4.38,4.37,4.35,4.36,4.23,4.03,3.91,3.91,4.06,4.2,4.34,4.78,69.48
04/08/2025,$172.42,120859500,$170.66,87710360,$144.70,52200210,$354.56,35868920,$510.45,28034210,$96.30,476243400,$72.59,12924070,$100.77,27147750,$136.93,12904420,$118.55,4459670,$92.87,4682421,$105.18,5350694,$15.65,31815940,$82.66,11509790,4.36,4.39,4.37,4.31,4.3,4.14,3.83,3.71,3.71,3.88,4.05,4.26,4.76,69.46
04/07/2025,$181.46,160466300,$175.26,109327100,$146.75,76794140,$357.86,50425000,$516.25,36606140,$97.64,611041300,$75.00,15538440,$102.94,35068450,$140.15,17816950,$121.66,4922844,$96.59,5958672,$106.67,6630962,$15.87,44863170,$85.67,12870240,4.36,4.36,4.36,4.29,4.28,4.14,3.86,3.73,3.72,3.82,3.97,4.15,4.61,68.52
04/04/2025,$188.38,125910900,$171.00,123159400,$145.60,62259540,$359.84,49209850,$504.73,38589810,$94.31,532273800,$71.63,17449150,$104.34,30841320,$143.28,20374720,$121.07,5833219,$98.81,6421249,$104.69,7528865,$16.16,50932810,$86.29,15158360,4.36,4.35,4.36,4.28,4.25,4.14,3.86,3.68,3.66,3.72,3.84,4.01,4.44,68.55
04/03/2025,$203.19,103419000,$178.41,95553620,$150.72,46883370,$373.11,30198000,$531.62,34777460,$101.80,338769400,$77.23,30868530,$112.43,21204640,$156.12,15500990,$128.59,5076207,$107.18,6785499,$114.29,9514556,$17.73,30295930,$95.25,13870890,4.36,4.37,4.38,4.31,4.29,4.2,3.92,3.71,3.68,3.75,3.88,4.06,4.51,67.4
04/02/2025,$223.89,35905900,$196.01,53679200,$157.04,25041730,$382.14,16092560,$583.93,13470780,$110.42,220601200,$95.33,6245790,$118.67,12614610,$166.47,7044869,$147.90,1654752,$124.06,2216637,$133.62,2411467,$18.93,7907347,$106.10,6527497,4.38,4.36,4.34,4.32,4.32,4.24,4.04,3.91,3.89,3.95,4.07,4.2,4.58,67.49
04/01/2025,$223.19,36412740,$192.17,41267320,$157.07,30672900,$382.19,19689500,$586.00,12836570,$110.15,222614000,$91.96,5716711,$119.04,12425430,$168.51,6378587,$146.63,1898805,$124.35,2000927,$133.74,2366433,$18.73,11201260,$105.39,6809745,4.38,4.36,4.35,4.32,4.3,4.23,4.01,3.87,3.85,3.91,4.03,4.17,4.56,67.84
03/31/2025,$222.13,65299320,$190.26,63547560,$154.64,54603460,$375.39,35184680,$576.36,21124680,$108.38,299212700,$91.15,7286218,$118.93,21652350,$167.29,10675730,$145.69,2483365,$123.48,2179305,$132.07,2766719,$18.59,12523300,$105.02,7906112,4.38,4.36,4.35,4.32,4.31,4.23,4.03,3.89,3.89,3.96,4.09,4.23,4.62,67.43
03/28/2025,$217.90,39818620,$192.72,52548230,$154.33,48669340,$378.80,21632020,$576.74,17602820,$109.67,229872500,$92.29,7225203,$117.73,10233430,$166.09,4923025,$144.10,1689098,$121.76,2433213,$131.48,1932260,$18.71,10756990,$102.37,3745397,4.38,4.35,4.35,4.33,4.3,4.26,4.04,3.89,3.91,3.98,4.11,4.27,4.65,66.82
03/27/2025,$223.85,37094770,$201.36,27317660,$162.24,24508270,$390.58,13766760,$602.58,10436520,$111.43,236902100,$97.10,7537769,$117.89,12740790,$166.65,6862691,$147.35,1579095,$124.72,1762268,$133.23,2405184,$18.88,9882221,$102.82,4712025,4.37,4.35,4.36,4.33,4.31,4.27,4.1,3.97,4,4.09,4.23,4.38,4.75,67.65
03/26/2025,$221.53,34532660,$201.13,32990970,$165.06,28939330,$389.97,16132910,$610.98,12661890,$113.76,296431700,$96.26,5814156,$118.27,14112760,$167.97,10077760,$149.81,1981201,$126.57,1714766,$134.52,2640005,$18.93,10413200,$103.20,7170916,4.36,4.34,4.33,4.33,4.31,4.26,4.1,3.98,4.01,4.08,4.22,4.35,4.71,66.52
03/25/2025,$223.75,34493580,$205.71,31171160,$170.56,24174370,$395.16,15774970,$626.31,15312540,$120.69,167447200,$98.86,4807330,$116.59,12081800,$165.94,7869159,$149.09,3562062,$125.49,2331859,$132.00,3103698,$18.88,8733757,$102.55,6556474,4.36,4.34,4.33,4.33,4.3,4.26,4.09,3.96,3.98,4.07,4.19,4.31,4.67,66.31
03/24/2025,$220.73,44299480,$203.26,41625370,$167.68,30879130,$393.08,21004550,$618.85,15741270,$121.41,228452500,$99.81,6491786,$115.80,14207470,$165.02,8068002,$148.68,3087676,$126.47,4032787,$131.95,4497129,$18.88,12855170,$102.19,6768289,4.35,4.34,4.34,4.33,4.3,4.27,4.11,4.04,4.01,4.09,4.22,4.34,4.68,67.29
03/21/2025,$218.27,94127770,$196.21,60056920,$163.99,36625760,$391.26,39675930,$596.25,25015860,$117.70,266498500,$97.57,8911079,$115.50,41102800,$164.75,21625460,$149.96,6814264,$125.49,4624731,$131.51,6736522,$18.60,15140370,$101.92,55090760,4.36,4.33,4.33,4.33,4.29,4.26,4.04,3.94,3.92,4,4.12,4.25,4.6,66.62
03/20/2025,$214.10,48862950,$194.95,38921110,$162.80,28138460,$386.84,18470540,$586.00,24336510,$118.53,248829700,$98.92,4924513,$115.90,16230770,$164.77,9545886,$151.95,3638827,$128.82,2134235,$134.83,2858212,$18.85,7995430,$102.31,11577820,4.36,4.34,4.34,4.33,4.29,4.27,4.06,3.95,3.93,4.01,4.12,4.24,4.57,66.58
03/19/2025,$215.24,54385390,$195.54,39442880,$163.89,34275580,$387.82,19185530,$584.06,20537500,$117.52,273426200,$98.72,5460052,$115.41,17315000,$164.05,11503860,$149.57,3591362,$129.00,2194244,$133.84,3968305,$18.94,6833033,$101.33,8784655,4.37,4.34,4.32,4.33,4.3,4.29,4.1,3.99,3.95,4.03,4.14,4.25,4.58,68.47
03/18/2025,$212.69,42432430,$192.82,40414870,$160.67,42074750,$383.52,19486850,$582.36,20297710,$115.43,299686900,$96.44,5791995,$113.64,15998710,$160.81,9289469,$146.00,2797877,$128.41,2627850,$132.03,3139952,$18.68,7221039,$100.53,7861631,4.37,4.35,4.33,4.34,4.29,4.29,4.13,4.04,4.01,4.07,4.18,4.29,4.61,68.63
03/17/2025,$214.00,48073430,$195.74,47341750,$164.29,31184340,$388.70,22474270,$604.90,15473910,$119.53,255501500,$97.66,5283185,$113.76,19908790,$158.72,7615153,$146.16,2324027,$129.19,3865474,$132.95,3483981,$18.90,9101812,$99.36,8031086,4.37,4.35,4.33,4.34,4.3,4.29,4.11,4.06,4.03,4.11,4.21,4.31,4.64,69.97
03/14/2025,$213.49,60107580,$197.95,38096660,$165.49,31995890,$388.56,19952850,$607.60,12364510,$121.67,277593500,$95.67,5933435,$111.90,15890060,$157.02,6671549,$141.15,1708284,$126.73,3469834,$129.14,2833181,$18.73,10769750,$98.95,7626002,4.37,4.36,4.33,4.33,4.3,4.29,4.09,4.02,4,4.09,4.2,4.31,4.65,70.62
03/13/2025,$209.68,61368330,$193.89,41270760,$162.76,31756210,$378.77,20473020,$590.64,16480320,$115.58,299033100,$92.45,4543443,$108.67,17767840,$153.61,9022758,$137.02,1885377,$122.50,5283080,$125.80,3296154,$18.17,9803614,$96.19,11354770,4.37,4.37,4.34,4.34,4.28,4.27,4.03,3.94,3.93,4.02,4.15,4.27,4.63,68.87
03/12/2025,$216.98,62547470,$198.89,43679280,$167.11,28372400,$383.27,24253570,$619.56,15746970,$115.74,323857500,$94.58,7873046,$109.13,14051500,$152.67,9710223,$137.12,2426199,$123.98,3194510,$125.18,3453920,$18.40,15038480,$97.75,10147280,4.36,4.36,4.34,4.35,4.3,4.27,4.07,4.01,3.98,4.09,4.2,4.32,4.67,69.15
03/11/2025,$220.84,76137410,$196.59,54002880,$164.04,39587410,$380.45,30380180,$605.71,17401470,$108.76,354865700,$91.57,6282338,$109.16,19904740,$154.08,10466290,$134.72,2750643,$123.55,4125185,$123.03,3604841,$17.83,17884220,$95.41,14544280,4.37,4.37,4.33,4.34,4.28,4.26,4.03,3.94,3.92,4.03,4.16,4.28,4.63,71.06
03/10/2025,$227.48,72071200,$194.54,62350930,$165.87,43604030,$380.16,32840130,$597.99,21999940,$106.98,366487400,$90.34,8384863,$111.80,22749070,$157.57,11750300,$136.26,2799294,$126.13,3571758,$126.80,3844513,$17.26,40030370,$92.90,12086740,4.37,4.35,4.34,4.33,4.28,4.25,3.98,3.89,3.91,3.98,4.1,4.22,4.58,70.72
03/07/2025,$239.07,46273570,$199.25,59802820,$173.86,27385810,$393.31,22034090,$625.66,21375670,$112.69,341755500,$91.46,10162080,$109.02,19624970,$156.34,8562635,$137.55,2832650,$126.18,3463709,$126.85,3107594,$17.46,26874650,$90.63,8603746,4.38,4.36,4.33,4.34,4.29,4.29,4.05,3.99,4.01,4.09,4.21,4.32,4.66,72.88
03/06/2025,$235.33,45170420,$200.70,49863760,$172.35,28301950,$396.89,23304630,$627.93,13446450,$110.57,321181900,$93.02,8560539,$107.62,17150230,$152.95,7314687,$137.56,2462946,$122.79,3058550,$126.00,4179468,$17.70,26731190,$88.60,8679383,4.38,4.37,4.34,4.34,4.28,4.27,4.02,3.96,3.98,4.06,4.18,4.29,4.63,72.58
03/05/2025,$235.74,47227640,$208.36,38610090,$173.02,30954920,$401.02,23433130,$656.47,13770030,$117.30,284337900,$97.25,6059440,$105.44,24822250,$150.81,9288538,$135.12,4745227,$119.74,4202841,$121.76,6232123,$18.20,23262680,$88.88,12081060,4.38,4.38,4.36,4.35,4.3,4.3,4.06,3.99,4.01,4.08,4.18,4.28,4.61,72.21
03/04/2025,$235.93,53798060,$203.80,60853080,$170.92,45388000,$388.61,29342920,$640.00,21495210,$115.99,398163300,$94.07,12789370,$107.54,19394910,$152.00,8826344,$142.62,3298136,$122.29,4322558,$127.61,4290529,$18.47,29228920,$90.64,14000540,4.39,4.38,4.37,4.34,4.31,4.28,4.04,3.96,3.94,4.01,4.11,4.22,4.56,72.21
03/03/2025,$238.03,47183990,$205.02,42948450,$167.01,40770450,$388.49,23007730,$655.05,10843760,$114.06,411381400,$95.56,13096850,$107.76,18706880,$153.09,9059814,$145.82,2714547,$124.99,6055300,$128.40,3870996,$19.03,13557400,$92.63,12640210,4.38,4.38,4.37,4.35,4.31,4.31,4.06,3.96,3.93,3.97,4.06,4.16,4.49,71.05
02/28/2025,$241.84,56833360,$212.28,51771740,$170.28,48130570,$396.99,32845660,$668.20,17534170,$124.92,389091100,$102.76,20366160,$111.33,18821670,$158.62,8828547,$150.18,3007810,$129.69,5739902,$130.73,3847692,$19.29,11659170,$99.15,9002606,4.38,4.37,4.38,4.32,4.32,4.25,4.08,3.99,3.99,4.03,4.14,4.24,4.55,71.66
02/27/2025,$237.30,41153640,$208.74,40548570,$168.50,39991020,$392.53,21127410,$658.24,12500010,$120.15,443175800,$107.83,15737170,$110.15,15293170,$156.67,7517237,$147.98,2422056,$127.41,2702003,$129.63,2392058,$18.94,14539370,$97.37,6306413,4.38,4.38,4.38,4.32,4.32,4.28,4.13,4.07,4.05,4.09,4.19,4.29,4.59,71.72
02/26/2025,$240.36,44433560,$214.35,39120600,$172.73,35431270,$399.73,19618950,$673.70,14488710,$131.28,322553800,$115.65,8657995,$109.46,10446410,$155.14,6005232,$146.30,2281569,$125.44,3947158,$130.16,4532208,$19.16,12978420,$96.13,6292478,4.35,4.38,4.37,4.31,4.32,4.28,4.12,4.05,4.04,4.06,4.16,4.25,4.55,73.67
02/25/2025,$247.04,48013270,$212.80,58957980,$175.42,41913410,$397.90,29387400,$657.50,20579660,$126.63,271428700,$110.65,6582053,$109.73,14496960,$156.42,6811293,$150.59,2435705,$126.26,2689516,$133.66,2767398,$18.92,30618520,$97.08,5822238,4.34,4.37,4.37,4.3,4.33,4.28,4.12,4.07,4.08,4.12,4.21,4.3,4.59,72.73
02/24/2025,$247.10,51326400,$212.71,42387590,$179.25,29854210,$404.00,26443660,$668.13,15676990,$130.28,251381100,$114.14,7327788,$111.27,13153470,$157.89,5925047,$152.70,3688749,$127.08,5831162,$135.06,2920585,$18.97,21504820,$98.82,6277733,4.36,4.38,4.37,4.31,4.34,4.3,4.15,4.13,4.17,4.23,4.32,4.4,4.69,71.32
02/21/2025,$245.55,53197430,$216.58,55323850,$179.66,35199240,$408.21,27524800,$683.55,15660360,$134.43,228217600,$117.60,5662294,$110.69,14709990,$156.92,6689815,$153.74,1996323,$128.78,12517470,$134.74,2939095,$19.39,15649450,$97.94,8562255,4.36,4.39,4.38,4.32,4.34,4.3,4.15,4.19,4.19,4.26,4.35,4.42,4.69,70.97
02/20/2025,$245.83,32316910,$222.88,30001670,$184.56,20441460,$416.13,23508730,$694.84,12587410,$140.11,143903600,$119.89,5480404,$112.00,16325800,$158.79,6256154,$158.27,2464682,$131.55,3154369,$139.14,2539164,$19.94,13840770,$102.00,6309218,4.37,4.4,4.38,4.33,4.35,4.33,4.2,4.28,4.27,4.34,4.43,4.5,4.77,71.39
02/19/2025,$244.87,32204220,$226.63,28566710,$185.27,19549400,$414.77,24114200,$703.77,17535480,$139.23,167536000,$120.96,6728608,$110.30,10964700,$157.23,4945813,$156.64,2549755,$129.96,3631196,$137.15,3461195,$20.12,15610320,$99.57,7515131,4.38,4.42,4.38,4.34,4.35,4.34,4.22,4.28,4.3,4.37,4.46,4.53,4.79,73.04
02/18/2025,$244.47,48822490,$226.65,42975130,$183.77,29916680,$409.64,21423050,$716.37,21938700,$139.40,219176600,$120.34,13510030,$110.14,20060300,$156.16,5981480,$159.03,2859136,$130.28,4402667,$138.19,2827218,$20.30,13528180,$97.45,11777660,4.38,4.41,4.38,4.34,4.37,4.34,4.24,4.29,4.33,4.4,4.48,4.55,4.83,73.52
02/14/2025,$244.60,40896230,$228.68,27031080,$185.23,20448440,$408.43,22758460,$736.67,16901250,$138.85,195479600,$114.38,16971710,$108.24,15733530,$155.34,5828805,$156.06,2411873,$128.04,3285926,$135.31,3512886,$19.99,10427450,$96.26,7960820,4.37,4.41,4.38,4.34,4.35,4.32,4.23,4.26,4.26,4.33,4.41,4.47,4.75,73.1
02/13/2025,$241.53,53614050,$230.37,31346510,$186.14,21402520,$410.54,23891730,$728.56,12569060,$135.29,197430000,$110.26,6806235,$108.13,15459950,$155.88,7836362,$154.09,3179247,$125.54,2990327,$130.99,3453918,$19.82,12619200,$96.90,9329145,4.37,4.41,4.39,4.34,4.35,4.33,4.27,4.31,4.31,4.39,4.46,4.52,4.79,72.94
02/12/2025,$236.87,45243290,$228.93,32285250,$183.61,22072560,$409.04,19121730,$725.38,12016520,$131.14,160278600,$112.92,5423724,$107.35,18244120,$154.90,6693461,$149.21,2510544,$125.04,3896017,$130.91,3131654,$19.65,15936320,$98.40,7585846,4.38,4.41,4.39,4.35,4.36,4.33,4.3,4.36,4.37,4.48,4.56,4.62,4.9,74.15
02/11/2025,$232.62,53718360,$232.76,23713730,$185.32,21239520,$411.44,18140590,$719.80,12997960,$132.80,178902400,$111.44,4397056,$111.67,12713130,$157.44,6011842,$155.30,3666944,$129.55,7531287,$136.89,3231418,$19.81,15751630,$101.71,8063670,4.38,4.41,4.4,4.35,4.37,4.31,4.25,4.29,4.28,4.37,4.45,4.54,4.8,73.51
02/10/2025,$227.65,33115650,$233.14,35419930,$186.47,23105650,$412.22,20817920,$717.40,12904320,$133.57,216989100,$112.31,9084111,$110.97,12142200,$155.77,5653770,$153.78,2221276,$123.71,2465214,$136.81,2533717,$20.09,20832700,$99.48,10338490,4.38,4.41,4.4,4.35,4.37,4.31,4.24,4.28,4.3,4.34,4.42,4.51,4.76,74.97
02/07/2025,$227.63,39707220,$229.15,77539280,$185.34,49314960,$409.75,22886840,$714.52,16427070,$129.84,228186300,$106.37,7997277,$108.89,10051630,$152.62,4724947,$150.12,2377528,$120.30,2262983,$133.08,2085399,$19.93,14777760,$98.36,12121720,4.37,4.41,4.38,4.35,4.37,4.3,4.25,4.29,4.31,4.34,4.42,4.49,4.75,75.03
02/06/2025,$233.22,29925350,$238.83,60897100,$191.60,29297440,$415.82,16309760,$711.99,13080690,$128.68,251483600,$105.92,5017384,$108.43,13411400,$151.90,6420525,$151.93,2389162,$120.82,3107208,$134.29,4068367,$20.37,14795460,$99.94,8543441,4.37,4.41,4.38,4.34,4.36,4.28,4.19,4.21,4.23,4.28,4.36,4.45,4.7,76.12
02/05/2025,$232.47,39664990,$236.17,38832040,$191.33,70461770,$413.29,16336190,$704.87,17793770,$124.83,263110600,$104.45,7901794,$109.88,13364390,$152.99,6533680,$157.31,3314068,$123.32,2495329,$140.54,2624761,$20.79,15753310,$100.21,6961064,4.35,4.41,4.37,4.33,4.35,4.27,4.17,4.17,4.19,4.24,4.33,4.43,4.69,76.79
02/04/2025,$232.80,45067300,$242.06,29713810,$206.38,43856430,$412.37,20532100,$704.19,13826270,$118.65,256550000,$101.67,7241445,$109.96,14835690,$153.22,8458070,$156.91,5832782,$123.61,3756045,$142.99,4523335,$20.77,12543380,$100.58,5310997,4.36,4.41,4.38,4.33,4.35,4.27,4.18,4.21,4.25,4.31,4.42,4.52,4.81,76.79
02/03/2025,$228.01,73063300,$237.42,37285870,$201.23,27838350,$410.92,25679150,$697.46,21415740,$116.66,371235700,$100.09,12114300,$107.09,14623200,$149.34,7604961,$147.00,3176089,$117.86,5210067,$136.18,4174269,$20.76,17648780,$98.48,5949006,4.37,4.41,4.38,4.34,4.35,4.28,4.2,4.26,4.28,4.35,4.45,4.54,4.82,78.56
01/31/2025,$236.00,101075100,$237.68,36162380,$204.02,32041950,$415.06,34223390,$689.18,19331660,$120.07,390372900,$103.60,6088844,$106.83,20381450,$149.19,16731590,$145.71,2721088,$117.87,7254055,$133.00,3434393,$20.48,17431280,$98.83,6267053,4.37,4.41,4.37,4.31,4.33,4.28,4.17,4.22,4.27,4.36,4.47,4.58,4.88,79.35
01/30/2025,$237.59,55658280,$234.64,32020730,$200.87,24354680,$414.99,54586260,$687.00,29322900,$124.65,392925500,$105.35,7952735,$109.57,14346340,$156.32,6931918,$149.96,2084474,$120.84,3878923,$135.42,3763393,$21.08,26849230,$101.46,4047118,4.37,4.41,4.38,4.3,4.33,4.27,4.16,4.18,4.24,4.31,4.41,4.52,4.81,80.73
01/29/2025,$239.36,45486100,$237.07,26091720,$195.41,18218260,$442.33,23581370,$676.49,21377820,$123.70,467120600,$103.10,8362610,$108.67,12345520,$155.69,5630563,$151.39,1785432,$122.16,1720303,$139.48,2585768,$20.53,9429928,$101.56,4130613,4.43,4.41,4.34,4.31,4.34,4.27,4.17,4.21,4.27,4.35,4.44,4.55,4.85,78.2
01/28/2025,$238.26,75707570,$238.15,41587190,$195.30,24157930,$447.20,23491700,$674.33,20950110,$128.99,579666400,$101.29,15042680,$108.04,15862030,$156.21,6425353,$150.64,2204692,$121.18,3025444,$138.13,2855491,$20.35,21954020,$101.38,4742316,4.44,4.41,4.35,4.31,4.3,4.26,4.14,4.19,4.25,4.33,4.43,4.55,4.84,79.57
01/27/2025,$229.86,94863420,$235.42,49428330,$191.81,41728890,$434.56,35647810,$659.88,28399190,$118.42,818830900,$103.84,17922260,$110.17,15926670,$157.23,7140991,$152.60,2291902,$123.08,3030023,$141.31,2945828,$19.81,46862480,$102.69,6830959,4.44,4.41,4.36,4.32,4.3,4.25,4.13,4.17,4.24,4.32,4.43,4.53,4.82,77.27
01/24/2025,$222.78,54697910,$234.85,25890740,$200.21,23877520,$444.06,15549450,$647.49,19065330,$142.62,234657600,$113.73,5500019,$108.66,14235890,$155.65,8003778,$151.61,4319391,$121.86,2196689,$139.63,2837327,$21.05,20462430,$101.83,5962078,4.45,4.41,4.36,4.35,4.32,4.25,4.17,4.27,4.33,4.43,4.53,4.63,4.91,77.27
01/23/2025,$223.66,60234760,$235.42,26404360,$197.98,26951360,$446.71,18389270,$636.45,9910163,$147.22,155915500,$114.22,5864066,$110.15,13726780,$156.01,5979808,$154.31,2949561,$122.62,2233073,$140.71,3884744,$21.06,13095540,$103.99,5734192,4.45,4.41,4.36,4.36,4.32,4.27,4.18,4.29,4.35,4.45,4.55,4.65,4.92,73.99
01/22/2025,$223.83,64126500,$235.01,41448220,$198.37,26200620,$446.20,27803810,$623.50,12274010,$147.07,237651400,$115.12,12846400,$109.53,15718010,$156.41,7232227,$147.61,3310183,$118.55,2166339,$135.08,4038520,$20.92,20102890,$103.06,4839050,4.42,4.41,4.35,4.36,4.32,4.28,4.2,4.29,4.34,4.43,4.51,4.6,4.89,74.99
01/21/2025,$222.64,98070430,$230.71,39951460,$198.05,29971290,$428.50,26085700,$616.46,11674020,$140.83,197749000,$111.55,8635963,$111.47,20416290,$158.24,10131370,$150.82,2669412,$120.49,3605909,$139.53,2663780,$20.91,19780450,$104.28,7144716,4.42,4.41,4.35,4.36,4.33,4.28,4.21,4.29,4.33,4.4,4.49,4.57,4.87,74.31
01/17/2025,$229.98,68488300,$225.94,42370120,$196.00,27735090,$429.03,26197510,$612.77,17280600,$137.71,201188800,$109.64,6344472,$112.32,19298500,$161.47,9260428,$152.70,2486506,$120.53,2722263,$141.05,2531368,$20.29,14540250,$105.85,8559268,4.43,4.41,4.35,4.34,4.32,4.28,4.21,4.27,4.33,4.42,4.52,4.61,4.91,73.79
01/16/2025,$228.26,71759050,$220.66,24757280,$192.91,17815430,$424.58,15300020,$611.30,8355349,$133.57,209235600,$110.11,6073456,$111.32,10366590,$159.38,5578902,$151.70,1862238,$119.63,1985905,$139.37,3212448,$20.25,18225940,$105.61,5273472,4.43,4.41,4.36,4.34,4.32,4.26,4.18,4.23,4.29,4.39,4.5,4.61,4.91,73.79
01/15/2025,$237.87,39831970,$223.35,31291260,$195.55,21775970,$426.31,19637840,$617.12,15524300,$136.24,185217300,$109.23,9106148,$111.51,14521100,$158.33,7899997,$151.95,2456265,$119.00,2643023,$137.91,4326475,$20.04,18714660,$105.48,4566904,4.4,4.41,4.34,4.35,4.32,4.26,4.19,4.27,4.34,4.45,4.55,4.66,4.95,72.44
01/14/2025,$233.28,39435290,$217.76,24711650,$189.66,17174850,$415.67,16935860,$594.25,13597990,$131.76,195590500,$109.06,8366186,$109.72,11191180,$156.90,6830219,$149.42,2511227,$117.27,3284040,$134.06,2957488,$19.93,12730590,$104.88,4808477,4.42,4.41,4.35,4.36,4.33,4.29,4.22,4.37,4.46,4.59,4.7,4.78,5.06,71.73
01/13/2025,$234.40,49630730,$218.46,27262660,$191.01,21823700,$417.19,17604780,$608.33,10785030,$133.23,204808900,$110.17,11518130,$109.29,17073400,$155.35,11774070,$146.75,3673313,$115.98,4153787,$133.35,5190437,$19.47,17311090,$104.23,7342078,4.42,4.41,4.36,4.37,4.34,4.3,4.24,4.4,4.49,4.61,4.71,4.79,5.05,71.28
01/10/2025,$236.85,61710860,$218.94,36811530,$192.04,26665210,$418.95,20201130,$615.86,19256560,$135.91,207602500,$114.77,8213353,$106.54,19304500,$153.14,11074720,$142.27,3593076,$113.93,4525937,$127.15,3030970,$19.42,14402780,$101.92,7013460,4.42,4.41,4.35,4.36,4.33,4.27,4.25,4.4,4.46,4.59,4.7,4.77,5.04,70.38
01/08/2025,$242.70,37628940,$222.13,25033290,$193.95,24864770,$424.56,15054580,$610.72,10085850,$140.11,227349900,$119.31,5137723,$106.93,17858110,$150.30,7640885,$142.33,2691945,$116.25,3037168,$125.19,2259036,$19.73,9018170,$101.62,5119883,4.41,4.41,4.34,4.35,4.31,4.25,4.19,4.28,4.31,4.45,4.56,4.67,4.97,70.87
01/07/2025,$242.21,40855960,$222.11,28084160,$195.49,26487240,$422.37,18139070,$617.89,12071480,$140.14,351782200,$121.27,6081910,$108.75,12625890,$149.59,7735997,$141.66,3064944,$115.19,2526254,$123.99,2776406,$19.49,9677274,$101.67,5074668,4.42,4.41,4.35,4.35,4.31,4.24,4.19,4.3,4.33,4.46,4.57,4.67,4.97,69.5
01/06/2025,$245.00,45045570,$227.61,31849830,$196.87,29563640,$427.85,20573650,$630.20,14560750,$149.43,265377400,$124.66,8361847,$107.74,15623680,$147.26,5888731,$140.53,3757679,$115.17,2324818,$122.12,2187537,$19.62,8426231,$99.99,5935524,4.43,4.41,4.36,4.35,4.31,4.24,4.17,4.28,4.3,4.42,4.52,4.62,4.91,69.71
01/03/2025,$243.36,40244110,$224.19,27515610,$191.79,18596160,$423.35,16662940,$604.63,11436780,$144.47,229322500,$119.91,5601022,$107.86,14237890,$147.85,5813935,$142.74,2531130,$116.09,2046020,$124.26,1932505,$19.64,20812330,$101.09,5759562,4.44,4.41,4.35,4.34,4.31,4.25,4.18,4.28,4.32,4.41,4.51,4.6,4.88,70.1
01/02/2025,$243.85,55740730,$220.22,33956580,$189.43,20370830,$418.58,16896470,$599.24,12682270,$138.31,198247200,$116.53,4580909,$107.31,12685450,$146.71,7170257,$141.49,2586798,$114.41,2538219,$123.15,2106840,$19.71,22112830,$100.08,5080848,4.45,4.41,4.36,4.36,4.31,4.25,4.17,4.25,4.29,4.38,4.47,4.57,4.86,70.8
12/31/2024,$250.42,39480720,$219.39,24819660,$189.30,17466920,$421.50,13246510,$585.51,6019520,$134.29,155659200,$115.24,3874670,$107.57,12387760,$144.84,6137843,$139.50,2179421,$113.93,2988969,$122.59,2689861,$19.59,8823689,$99.17,5556515,4.4,4.39,4.37,4.32,4.24,4.16,4.25,4.27,4.38,4.48,4.58,4.86,4.78,71.03
12/30/2024,$252.20,35557540,$221.30,28321240,$191.24,14264660,$424.83,13158700,$591.24,7025864,$137.49,167734700,$114.82,5517940,$105.76,11080770,$143.07,6194835,$135.60,2010943,$111.99,2567496,$119.59,2890479,$19.57,10722250,$97.09,5238836,4.43,4.42,4.37,4.33,4.25,4.17,4.24,4.29,4.37,4.46,4.55,4.84,4.77,71.54
12/27/2024,$255.59,42355320,$223.75,27367150,$192.76,18891360,$430.53,18117710,$599.81,8084229,$137.01,170582600,$117.33,4881875,$106.48,11943910,$144.00,5296875,$135.67,1770112,$112.59,2615029,$119.58,1697798,$19.28,6943279,$96.92,5889944,4.44,4.43,4.31,4.35,4.29,4.2,4.31,4.36,4.45,4.53,4.62,4.89,4.82,70.25
12/26/2024,$259.02,27262980,$227.05,16174500,$195.60,12057210,$438.11,8199927,$603.35,6091239,$139.93,116519100,$119.28,2744871,$106.49,9653408,$143.98,4494424,$135.39,1566545,$112.20,1794792,$119.68,1884374,$19.26,11424440,$96.89,4325685,4.45,4.45,4.35,4.37,4.31,4.23,4.3,4.35,4.42,4.49,4.58,4.83,4.76,70.57
12/24/2024,$258.20,23234710,$229.05,15007500,$196.11,10403260,$439.33,7164543,$607.75,4726056,$140.22,105157000,$118.94,2077431,$106.40,7806997,$143.84,3556081,$135.35,1419547,$111.58,1448581,$118.84,1170131,$19.60,6987384,$97.11,2677353,4.44,4.44,4.4,4.38,4.3,4.24,4.29,4.36,4.43,4.52,4.59,4.84,4.76,68.65
12/23/2024,$255.27,40858770,$225.06,28070010,$194.63,25675010,$435.25,19152520,$599.85,10205750,$139.67,176053500,$118.82,5324214,$106.30,12285080,$142.97,8156466,$133.98,3509363,$110.48,3365124,$118.65,2832576,$19.04,8953816,$96.38,7892584,4.44,4.44,4.36,4.37,4.3,4.26,4.3,4.36,4.44,4.52,4.59,4.85,4.78,68.58
12/20/2024,$254.49,147495300,$224.92,88279180,$191.41,63462930,$436.60,64263690,$585.25,48989390,$134.70,306528600,$115.77,12228160,$105.87,40141150,$142.85,32209200,$133.38,11493710,$110.37,8178658,$118.59,7606121,$18.86,23266460,$95.12,29542160,4.43,4.42,4.34,4.35,4.29,4.27,4.3,4.32,4.37,4.45,4.52,4.79,4.72,68.58
12/19/2024,$249.79,60882260,$223.29,39918740,$188.51,32265240,$437.03,22963680,$595.57,14958080,$130.68,209719200,$111.96,9248377,$105.51,20565560,$141.15,16544330,$131.65,3897329,$110.35,4445032,$118.93,5060230,$18.27,14762020,$95.18,9953878,4.42,4.42,4.35,4.35,4.29,4.28,4.32,4.35,4.43,4.51,4.57,4.82,4.74,68.81
12/18/2024,$248.05,56774100,$220.52,43281440,$188.40,34166070,$437.39,24444550,$597.19,17075480,$128.91,277444500,$112.67,7336887,$106.42,17114540,$144.08,10174490,$135.06,3959547,$111.86,4211648,$121.74,4263686,$18.20,13915010,$95.85,8466527,4.44,4.43,4.36,4.36,4.3,4.3,4.35,4.35,4.4,4.45,4.5,4.74,4.65,70.15
12/17/2024,$253.48,51356360,$231.15,35948130,$195.42,43504030,$454.46,22733490,$619.44,12897840,$130.39,259410300,$118.28,5166312,$108.01,17554000,$148.11,11909330,$137.99,4076676,$115.83,3608816,$124.89,3710758,$18.64,30089020,$98.26,8737833,4.46,4.44,4.38,4.36,4.3,4.25,4.25,4.22,4.26,4.33,4.4,4.68,4.59,68.35
12/16/2024,$251.04,51694750,$232.93,37552100,$196.66,44934900,$451.59,23598830,$624.24,10885630,$132.00,237951100,$119.27,6730489,$108.47,20256090,$149.36,11961220,$138.19,3518542,$116.29,3653325,$125.07,4422150,$18.70,12638380,$99.57,7441806,4.43,4.44,4.37,4.36,4.3,4.24,4.25,4.22,4.25,4.32,4.39,4.68,4.6,68.26
12/13/2024,$248.13,33155290,$227.46,28768080,$189.82,25143500,$447.27,20177830,$620.35,8453349,$134.25,231514900,$118.45,5941904,$110.84,13106080,$153.87,5816180,$145.56,2014740,$122.72,1825767,$129.14,1717977,$19.04,10819200,$101.02,6887814,4.43,4.43,4.34,4.36,4.32,4.24,4.25,4.21,4.25,4.33,4.4,4.69,4.61,68.26
12/12/2024,$247.96,32777530,$228.97,28204080,$191.96,34817490,$449.56,20834780,$630.79,7474717,$137.34,159211400,$119.18,5403795,$111.82,14543260,$154.71,7621522,$146.28,2723225,$123.99,2646018,$129.68,2066941,$19.21,8826785,$100.91,5908601,4.43,4.44,4.35,4.36,4.31,4.22,4.18,4.14,4.18,4.25,4.32,4.62,4.55,69.03
12/11/2024,$246.49,45205810,$230.26,35385790,$195.40,67894070,$448.99,19200210,$632.68,10837230,$139.31,184905200,$118.69,8156109,$111.92,32392240,$156.21,13764740,$151.97,2796187,$125.33,2596835,$133.29,2349047,$19.18,11820410,$102.19,8195505,4.49,4.45,4.38,4.38,4.32,4.21,4.15,4.09,4.13,4.2,4.26,4.55,4.48,69.05
12/10/2024,$247.77,36914810,$225.04,31199860,$185.17,54813020,$443.33,18469460,$619.32,10938850,$135.07,210020900,$116.79,12659520,$112.67,20990940,$157.00,9126158,$151.06,3431484,$125.62,3124134,$132.32,2656362,$18.74,11886480,$102.36,5861215,4.53,4.48,4.41,4.42,4.35,4.22,4.15,4.08,4.09,4.15,4.22,4.49,4.41,69.41
12/09/2024,$246.75,44649230,$226.09,46819360,$175.37,25389630,$446.02,19144390,$613.57,11426020,$138.81,189308600,$123.81,8318589,$112.90,17412570,$157.08,9404473,$152.98,2527970,$130.08,3475680,$134.55,2729967,$18.84,14275920,$103.16,6526514,4.56,4.5,4.42,4.43,4.34,4.2,4.13,4.09,4.07,4.13,4.2,4.47,4.39,71.68
12/06/2024,$242.84,36870620,$227.03,44178070,$174.71,21462390,$443.57,18821000,$623.77,16935500,$142.44,188505600,$123.40,10464350,$113.57,16171070,$155.24,9701694,$150.94,2684444,$128.68,1926127,$131.52,1984251,$19.26,14520750,$103.22,5365601,4.57,4.5,4.42,4.42,4.34,4.19,4.1,4.05,4.03,4.09,4.15,4.42,4.34,70.39
12/05/2024,$243.04,40033880,$220.55,41140220,$172.64,21356240,$442.62,21697780,$608.93,8081212,$145.06,172621200,$125.07,8115782,$114.78,15751200,$159.33,6358358,$150.10,2199233,$129.83,2928320,$133.05,2525923,$19.07,11230710,$104.44,7074715,4.59,4.53,4.46,4.46,4.38,4.23,4.15,4.1,4.07,4.12,4.17,4.43,4.33,69.25
12/04/2024,$243.01,44383940,$218.16,48745720,$174.37,31615140,$437.42,26009430,$613.78,14697010,$145.14,231224300,$126.10,6264548,$114.28,19520580,$158.32,7862728,$150.40,2240921,$130.60,2594907,$134.07,2509254,$18.98,11123400,$103.51,7291015,4.65,4.54,4.47,4.46,4.38,4.23,4.13,4.09,4.07,4.13,4.19,4.45,4.35,69.75
12/03/2024,$242.65,38861020,$213.44,32214830,$171.34,22248710,$431.20,18301990,$613.65,14907160,$140.26,164414000,$125.56,6989907,$117.67,11756570,$161.92,5900066,$155.49,2035763,$134.48,2313642,$137.47,2070537,$19.26,14173680,$106.05,5862557,4.66,4.56,4.49,4.48,4.4,4.27,4.17,4.13,4.11,4.17,4.23,4.5,4.4,69.46
12/02/2024,$239.59,48137100,$210.71,39523190,$171.49,23789080,$430.98,20207220,$592.83,12522370,$138.63,171682800,$125.84,13328010,$117.85,12687320,$162.21,6229596,$157.41,2267112,$136.43,3319769,$140.14,2772398,$19.42,14888890,$106.14,5939700,4.75,4.63,4.51,4.51,4.43,4.3,4.17,4.11,4.08,4.13,4.19,4.46,4.36,67.33
11/29/2024,$237.33,28481380,$207.89,24892450,$168.95,14257240,$423.46,16271920,$574.32,7130519,$138.25,141863200,$127.59,9534508,$117.96,9426499,$161.93,5076953,$156.15,965504,$133.98,1402352,$139.08,1554106,$19.86,16083810,$108.34,3918669,4.76,4.69,4.58,4.52,4.42,4.3,4.13,4.1,4.05,4.1,4.18,4.45,4.36,68.99
11/27/2024,$234.93,33498440,$205.74,28061640,$169.23,19266510,$422.99,18332440,$569.20,7200228,$135.34,226370900,$124.38,38089690,$117.66,11079120,$162.11,7674474,$155.36,1286082,$133.35,2151868,$138.56,1907149,$19.42,22601810,$107.39,6237819,4.76,4.7,4.6,4.54,4.43,4.34,4.19,4.17,4.11,4.17,4.25,4.52,4.44,68.43
11/26/2024,$235.06,45986190,$207.86,41673740,$169.12,20486720,$427.99,23458890,$573.54,10356550,$136.92,190287700,$141.74,12796250,$117.97,14827330,$162.53,7369944,$157.14,2072299,$134.25,2705557,$139.80,1728806,$19.20,12285540,$106.78,12073680,4.74,4.67,4.61,4.52,4.45,4.37,4.21,4.21,4.17,4.24,4.3,4.56,4.48,68.43
11/25/2024,$232.87,90152830,$201.45,40685670,$167.65,33135260,$418.79,27691090,$565.11,13599830,$136.02,344941900,$144.16,12208160,$119.97,26580300,$160.36,10702400,$156.50,3721225,$133.28,4455887,$139.82,4237293,$18.97,20619150,$106.10,23447380,4.74,4.67,4.62,4.52,4.46,4.37,4.21,4.21,4.17,4.21,4.27,4.53,4.45,70.69
11/22/2024,$229.87,38168250,$197.12,31530840,$164.76,38604590,$417.00,24814630,$559.14,9164004,$141.95,236406200,$144.21,7688618,$121.79,13323430,$162.36,7006293,$158.48,1421230,$133.27,2480779,$140.91,2375205,$19.07,22173340,$111.75,7516628,4.72,4.67,4.63,4.53,4.46,4.42,4.37,4.32,4.3,4.35,4.41,4.67,4.6,72.69
11/21/2024,$228.52,42108330,$198.38,58800040,$167.63,59734380,$412.87,20780160,$563.09,11154750,$146.67,400946600,$138.92,6619719,$121.93,14675420,$161.63,7945531,$159.29,1505501,$131.41,2218846,$141.11,1600051,$18.97,42715230,$111.90,12535800,4.72,4.67,4.63,4.52,4.45,4.39,4.34,4.3,4.3,4.36,4.43,4.68,4.61,71.98
11/20/2024,$229.00,35169570,$202.88,32768990,$175.98,18997110,$415.49,19191660,$565.52,9797339,$145.89,309871700,$133.96,4814244,$120.32,11360930,$161.33,6391252,$159.38,1606792,$131.45,2502719,$141.20,2728460,$18.28,28443280,$113.43,4092747,4.68,4.63,4.62,4.52,4.44,4.37,4.31,4.26,4.28,4.34,4.41,4.66,4.59,72.26
11/19/2024,$228.28,36211770,$204.61,31197870,$178.12,23434930,$417.79,18133530,$561.09,9522445,$147.01,227834900,$135.90,5767480,$118.63,11584380,$159.60,4657409,$158.80,1637077,$130.94,2448689,$142.01,2522230,$17.96,22240740,$113.09,5100327,4.67,4.63,4.62,4.51,4.44,4.34,4.27,4.24,4.25,4.32,4.39,4.66,4.57,71.83
11/18/2024,$228.02,44686020,$201.70,36512470,$175.30,20206610,$415.76,24742010,$554.40,14346720,$140.15,221866000,$136.01,6620991,$120.31,14243700,$160.76,6092141,$159.92,2099671,$131.32,2357512,$144.01,2466237,$17.58,17212630,$113.76,5089153,4.7,4.65,4.63,4.52,4.44,4.33,4.29,4.25,4.28,4.35,4.42,4.7,4.61,69.81
11/15/2024,$225.00,47923700,$202.61,86591140,$172.49,32504650,$415.00,28247640,$554.08,17712860,$141.98,250132900,$131.64,5010102,$119.31,19051710,$161.42,9022753,$157.52,2258883,$130.91,2275131,$140.16,2258695,$17.29,13134770,$112.32,4124037,4.7,4.67,4.6,4.52,4.44,4.34,4.31,4.27,4.3,4.36,4.43,4.7,4.6,69.58
11/14/2024,$228.22,44923940,$211.48,42620310,$175.58,31007460,$426.89,30246880,$577.16,11053740,$146.76,194463300,$134.43,3510654,$120.56,13041850,$161.80,10111230,$158.14,1863206,$129.76,2257239,$140.02,2544841,$17.15,10384270,$112.92,4389852,4.7,4.68,4.61,4.53,4.43,4.36,4.34,4.3,4.32,4.38,4.43,4.69,4.58,68.91
11/13/2024,$225.12,48566220,$214.10,46212940,$178.88,23184000,$425.20,21502190,$580.00,10757580,$146.27,191903300,$134.53,4701399,$121.47,15127880,$158.72,8824013,$159.11,2448115,$129.91,1962131,$139.56,2304254,$17.10,30764150,$111.82,5961567,4.69,4.67,4.6,4.5,4.4,4.31,4.27,4.25,4.3,4.38,4.44,4.73,4.63,67.48
11/12/2024,$224.23,40398300,$208.91,38942920,$181.62,25134910,$423.03,19401200,$584.82,16287720,$148.29,198634700,$136.47,6667818,$120.35,11972800,$155.29,5681869,$155.21,1785629,$127.70,2719333,$137.02,1680560,$17.05,10924430,$110.64,5175841,4.7,4.7,4.63,4.54,4.45,4.38,4.34,4.29,4.32,4.38,4.43,4.7,4.58,67.65
11/11/2024,$224.23,42005600,$206.84,35456010,$180.35,17450350,$418.01,24503320,$583.17,10209050,$145.26,182325600,$138.51,7210941,$120.47,11969660,$156.50,7771691,$156.06,1992444,$127.94,3010410,$138.02,1774444,$17.24,20245950,$112.05,3820476,4.7,4.7,4.63,4.54,4.45,4.38,4.34,4.29,4.32,4.38,4.43,4.7,4.58,72.02
11/08/2024,$226.96,38328820,$208.18,36075850,$178.35,22006180,$422.54,16891410,$589.34,9415699,$147.63,175665800,$134.23,6325400,$121.11,12835970,$156.93,6041457,$153.75,1718368,$126.45,3126003,$136.69,1702919,$17.30,26159440,$111.59,5314319,4.7,4.69,4.63,4.53,4.42,4.32,4.26,4.18,4.2,4.25,4.3,4.58,4.47,70.58
11/07/2024,$227.48,42137690,$210.05,52878380,$180.75,25352940,$425.43,19901780,$591.70,14653710,$148.88,207323300,$137.87,6297479,$121.15,12184430,$156.77,8143245,$154.00,1772064,$126.68,1630683,$136.11,2106212,$17.41,27844360,$112.40,5441982,4.69,4.69,4.63,4.52,4.4,4.28,4.21,4.13,4.17,4.25,4.31,4.62,4.52,71.37
11/06/2024,$222.72,54561120,$207.09,72292170,$176.51,33695540,$420.18,26681840,$572.05,18305430,$145.61,242043900,$138.35,8857948,$121.00,20807680,$157.72,12118910,$155.25,3094237,$127.90,2626150,$138.71,3263038,$17.42,31239320,$113.63,7733605,4.68,4.71,4.64,4.54,4.41,4.31,4.27,4.2,4.27,4.37,4.42,4.71,4.6,72.84
11/05/2024,$223.45,28111340,$199.50,30564780,$169.74,18242050,$411.46,17626010,$572.43,9775379,$139.91,160537400,$133.46,6998599,$118.96,10436740,$153.41,5978897,$149.56,4008716,$121.84,2078646,$132.06,2534529,$16.90,25419290,$109.21,6003071,4.72,4.72,4.64,4.49,4.39,4.27,4.19,4.11,4.16,4.22,4.26,4.55,4.44,71.16
11/04/2024,$222.01,44944470,$195.78,38492060,$169.24,21492740,$408.46,19672290,$560.68,12064600,$136.05,187528200,$129.85,10608790,$118.61,14965430,$153.97,6129961,$144.94,2377947,$121.03,2185520,$129.95,2424312,$16.51,13829800,$108.86,5441897,4.75,4.74,4.65,4.51,4.39,4.25,4.17,4.1,4.17,4.24,4.31,4.6,4.5,69.78
11/01/2024,$222.91,65276740,$197.93,99687850,$171.29,31796480,$410.37,24230440,$567.16,15303240,$135.40,207127800,$130.87,13048450,$114.95,20939320,$153.07,11727980,$143.13,2149700,$120.01,2064468,$128.22,2169961,$16.43,12780900,$107.84,7428060,4.75,4.74,4.61,4.53,4.42,4.28,4.21,4.18,4.22,4.3,4.37,4.68,4.57,71.26
10/31/2024,$225.91,64370090,$186.40,75146760,$171.11,44768980,$406.35,53970980,$567.58,26838400,$132.76,270039600,$123.63,7312424,$116.78,20511980,$148.82,8400855,$145.47,2316216,$121.82,2700850,$129.76,2993572,$16.48,10724410,$109.54,11969400,4.76,4.76,4.64,4.56,4.43,4.27,4.16,4.12,4.15,4.21,4.28,4.58,4.47,70.97
10/30/2024,$230.10,47070910,$192.73,37707550,$174.46,68890790,$432.53,29749150,$591.80,26864930,$139.34,179418100,$129.40,17073700,$116.69,12303740,$148.05,5784011,$144.76,2541191,$122.07,3339463,$128.73,2523478,$16.47,9516731,$102.98,6413077,4.87,4.77,4.67,4.57,4.44,4.28,4.15,4.14,4.14,4.2,4.29,4.6,4.49,71.22
10/29/2024,$233.67,35417250,$190.83,35690160,$169.68,42169030,$431.95,17644080,$593.28,13019090,$141.25,157593600,$121.63,3909752,$117.28,14731020,$148.52,6014676,$145.28,2827885,$123.27,4171280,$127.88,3901778,$16.38,12043370,$102.32,3809359,4.88,4.77,4.7,4.64,4.45,4.29,4.11,4.08,4.11,4.18,4.28,4.61,4.52,71.22
10/28/2024,$233.40,36087130,$188.39,27930840,$166.72,32138640,$426.59,14882440,$578.16,10925130,$140.52,173586700,$120.66,3582942,$118.90,11844550,$150.54,8892039,$151.07,3899330,$128.89,2509793,$132.26,2507740,$16.40,10815440,$103.26,4439122,4.88,4.77,4.7,4.65,4.46,4.28,4.12,4.09,4.11,4.19,4.28,4.61,4.53,76.11
10/25/2024,$231.41,38802300,$187.83,29362060,$165.27,19828880,$428.15,16899060,$573.25,11337870,$141.54,205122100,$122.55,4040156,$119.49,10714580,$150.81,6839894,$152.36,1046293,$128.17,1346869,$132.40,2147818,$16.45,10546950,$104.56,3823136,4.89,4.79,4.73,4.68,4.51,4.29,4.11,4.05,4.07,4.15,4.25,4.58,4.51,76.46
10/24/2024,$230.57,31109500,$186.38,21647400,$162.72,22412530,$424.73,13581630,$567.78,7184651,$140.41,172354900,$120.57,3638107,$119.59,9905556,$150.45,5474258,$152.88,1550664,$128.49,3200004,$131.36,3784660,$16.40,8999575,$104.37,3504595,4.87,4.78,4.7,4.65,4.48,4.25,4.07,4.02,4.03,4.12,4.21,4.54,4.47,73.85
10/23/2024,$230.76,52286980,$184.71,31937090,$162.78,18280520,$424.60,19654380,$563.69,14248420,$139.56,285930000,$119.49,4558926,$120.27,8320330,$150.48,5248853,$153.76,3439062,$129.12,1850616,$132.89,3382159,$16.38,6951633,$104.51,4541611,4.88,4.8,4.73,4.66,4.48,4.27,4.07,4.03,4.05,4.14,4.24,4.58,4.51,74.26
10/22/2024,$235.86,38846580,$189.70,29650590,$165.14,16568120,$427.51,25482200,$582.01,8544463,$143.59,226311600,$120.40,7093039,$120.70,9201408,$150.92,4416409,$158.24,1867192,$131.43,1946243,$135.71,1966653,$16.38,9274975,$105.00,4711056,4.89,4.81,4.72,4.66,4.47,4.24,4.03,3.98,4,4.1,4.2,4.55,4.49,77.76
10/21/2024,$236.48,36254470,$189.07,24639390,$164.07,20946460,$418.78,14206120,$575.16,8171879,$143.71,264554500,$125.66,4405016,$120.08,10177780,$150.88,5073999,$156.91,2203808,$131.32,1289056,$135.50,2341360,$16.40,11407100,$104.99,4387062,4.92,4.82,4.73,4.66,4.47,4.24,4.02,3.95,3.98,4.07,4.19,4.54,4.49,74.93
10/18/2024,$235.00,46431470,$188.99,37417670,$163.42,19757660,$418.16,17145320,$576.47,7694274,$138.00,176090200,$126.46,5491711,$120.01,12898640,$150.75,5208202,$158.30,2214886,$132.60,1712431,$137.04,2083541,$16.41,11015750,$105.67,4326673,4.92,4.82,4.73,4.65,4.45,4.19,3.95,3.86,3.88,3.97,4.08,4.44,4.38,74.33
10/17/2024,$232.15,32993810,$187.53,25039410,$162.93,21453400,$416.72,14820000,$576.93,8701158,$136.93,306435900,$129.18,5603585,$120.35,11204860,$151.20,6593136,$158.31,2409107,$133.35,2219198,$136.65,2317440,$16.49,12454980,$106.15,5093494,4.93,4.83,4.74,4.65,4.45,4.21,3.96,3.89,3.9,3.99,4.09,4.44,4.39,70.74
10/16/2024,$231.78,34082240,$186.89,23456810,$165.16,16406030,$416.12,15508930,$576.79,11268380,$135.72,264879700,$126.73,3833057,$120.66,8426770,$148.73,4303737,$157.90,1504950,$132.31,1461788,$135.52,1525653,$16.40,10012080,$105.16,4602918,4.91,4.8,4.72,4.63,4.42,4.17,3.93,3.84,3.84,3.92,4.02,4.36,4.3,70.41
10/15/2024,$233.85,64751370,$187.69,32178930,$165.46,20247200,$418.74,18900200,$586.27,9564236,$131.60,377831000,$125.83,6016641,$120.35,15771320,$147.73,6704610,$157.02,2557761,$131.40,2338288,$134.65,3247812,$16.37,18683800,$105.21,6395653,4.93,4.82,4.73,4.65,4.42,4.18,3.95,3.86,3.86,3.93,4.03,4.37,4.32,68.75
10/14/2024,$231.30,39882090,$187.54,22614410,$164.96,19016140,$419.14,16653090,$590.42,8251971,$138.07,232347700,$128.35,5932985,$124.08,9808122,$151.78,4214721,$162.50,2086132,$135.42,1445913,$141.17,1378975,$16.55,13025320,$109.47,5173958,4.93,4.82,4.73,4.65,4.42,4.18,3.95,3.86,3.86,3.93,4.03,4.37,4.32,68.72
10/11/2024,$227.55,31759190,$188.82,25751560,$163.24,15344250,$416.32,14144940,$589.95,8587051,$134.80,170209500,$127.73,7811938,$123.61,8294839,$151.42,5051314,$164.26,1839445,$136.35,1460749,$142.34,1632114,$16.52,15709520,$110.49,6820341,4.97,4.82,4.73,4.65,4.44,4.18,3.95,3.85,3.88,3.97,4.08,4.44,4.39,68.28
10/10/2024,$229.04,28183540,$186.65,27785040,$162.08,14144070,$415.84,13848380,$583.83,7740449,$134.81,242311300,$124.80,5947184,$123.14,10243320,$150.62,4420891,$164.85,1990190,$136.42,1416645,$142.71,2300917,$16.36,9826212,$111.86,3946412,4.98,4.84,4.75,4.65,4.45,4.22,3.98,3.88,3.91,3.99,4.09,4.44,4.38,70.42
10/09/2024,$229.54,33591090,$185.17,26343120,$161.86,31181770,$417.46,14974260,$590.51,9529707,$132.65,246191600,$122.34,5979890,$122.09,11144860,$149.65,4973453,$162.61,2243382,$134.72,1494501,$139.36,2372280,$16.27,6952613,$110.97,4217323,4.93,4.84,4.75,4.65,4.46,4.24,3.99,3.89,3.91,3.97,4.06,4.41,4.34,72.34
10/08/2024,$225.77,31855690,$182.72,26372090,$164.38,23072730,$414.71,19229260,$592.89,7857377,$132.89,285722500,$121.93,5681505,$122.04,14818480,$148.75,5892739,$159.99,5060638,$132.33,2528856,$136.34,4177743,$16.17,6364054,$110.80,5579751,4.96,4.85,4.75,4.65,4.44,4.21,3.98,3.86,3.86,3.94,4.04,4.38,4.32,71.33
10/07/2024,$221.69,39505350,$180.80,42364200,$162.98,22463140,$409.54,20919760,$584.78,12014200,$127.72,346250200,$119.09,5208144,$125.37,15714440,$151.12,5895852,$173.27,2201327,$138.50,1813067,$143.98,1983066,$16.22,6609237,$114.72,4899753,5,4.87,4.77,4.67,4.45,4.24,3.99,3.89,3.86,3.92,4.03,4.37,4.3,72.72
10/04/2024,$226.80,37345100,$186.51,41079010,$167.06,19093720,$416.06,19190910,$595.94,14199790,$124.92,244465600,$120.42,8185053,$124.83,19759210,$150.74,7895285,$171.98,2241691,$138.62,2468549,$142.42,2916899,$16.30,10453360,$114.54,7585770,5.01,4.88,4.73,4.68,4.45,4.2,3.93,3.84,3.81,3.88,3.98,4.33,4.26,72.86
10/03/2024,$225.67,34044160,$181.96,30204300,$165.86,15073100,$416.54,13686420,$582.77,11580980,$122.85,277118000,$115.67,6872528,$122.58,16524330,$151.25,6553282,$174.84,3325776,$138.93,2766819,$144.03,5224695,$16.31,15926030,$112.42,7397411,4.99,4.85,4.68,4.61,4.37,4.02,3.7,3.62,3.62,3.71,3.85,4.24,4.18,71.87
10/02/2024,$226.78,32880610,$184.76,23704060,$165.86,17760180,$417.13,16582260,$572.81,6524650,$118.85,221845900,$113.46,6047118,$121.52,17129680,$150.95,8105420,$165.38,2847062,$134.47,1925627,$135.68,3024674,$16.05,12220650,$110.36,7559883,4.92,4.83,4.69,4.61,4.36,3.97,3.63,3.54,3.55,3.65,3.79,4.19,4.14,72.16
10/01/2024,$226.21,63285050,$185.13,36044910,$166.99,28338120,$420.69,19092950,$576.47,15259270,$117.00,302094500,$113.16,9641850,$119.93,23235880,$149.70,9489121,$165.82,2556550,$132.99,2071948,$137.47,3227023,$16.10,9757324,$109.37,8067607,4.96,4.87,4.71,4.63,4.36,3.96,3.61,3.52,3.51,3.6,3.74,4.14,4.08,71.1
09/30/2024,$233.00,54793390,$186.33,41680400,$165.85,20481300,$430.30,16854610,$572.44,12807210,$121.44,227053700,$118.54,8647750,$117.22,13250660,$147.27,7494608,$162.91,2312963,$131.45,2137531,$135.03,2623520,$16.05,8448017,$105.28,6584319,4.93,4.87,4.73,4.65,4.38,3.98,3.66,3.58,3.58,3.67,3.81,4.19,4.14,69.59
09/27/2024,$227.79,34025970,$187.97,36002320,$163.95,21101310,$428.02,14896130,$567.36,9398367,$121.40,271009200,$120.22,13544970,$115.82,15963970,$145.49,8049155,$163.65,1557514,$131.05,2564363,$135.97,2935873,$16.07,8251920,$104.72,5489511,4.9,4.87,4.68,4.64,4.35,3.9,3.55,3.49,3.5,3.6,3.75,4.15,4.1,69.89
09/26/2024,$227.52,36636710,$191.16,36334850,$162.73,20319340,$431.31,14492040,$567.84,14400790,$124.04,302582900,$126.49,13420520,$112.80,16887910,$141.99,8046171,$163.44,7205710,$130.68,4192793,$136.62,6296832,$15.92,16643110,$102.31,9523996,4.9,4.87,4.68,4.65,4.38,3.96,3.6,3.54,3.55,3.65,3.79,4.17,4.12,68.25
09/25/2024,$226.37,42308720,$192.53,26391140,$161.49,18869200,$432.11,13396360,$568.31,16543350,$123.51,284692900,$120.17,8534983,$114.77,13816040,$143.97,7888444,$161.66,2320668,$129.85,8126658,$132.81,3008459,$16.20,9928736,$105.73,6561430,4.79,4.78,4.69,4.64,4.36,3.89,3.53,3.49,3.52,3.65,3.79,4.18,4.14,66.73
09/24/2024,$227.37,43556070,$193.96,43478930,$162.29,23332150,$429.17,17015750,$563.33,12992960,$120.87,354966800,$117.31,6851833,$117.05,11984860,$147.45,6014208,$162.45,4663283,$129.47,3661672,$132.82,3062693,$16.21,10555690,$108.91,7787402,4.78,4.78,4.69,4.63,4.36,3.88,3.49,3.44,3.47,3.6,3.74,4.13,4.09,69.65
09/23/2024,$226.47,54146020,$193.88,36993110,$161.85,24150850,$433.51,15128890,$564.41,12830670,$116.26,206228500,$117.57,8067756,$117.36,16066290,$147.54,6960639,$164.22,6479404,$131.11,3613738,$135.18,2817626,$16.28,14842530,$109.69,8197582,4.85,4.84,4.72,4.65,4.4,3.91,3.57,3.47,3.51,3.62,3.75,4.12,4.09,68.58
09/20/2024,$228.20,318679900,$191.60,100378600,$163.59,40896440,$435.27,55167110,$561.35,22066820,$116.00,382462400,$117.50,75332830,$115.27,36206200,$145.68,23162860,$164.39,7789919,$129.97,6418532,$134.46,7363222,$16.20,8925035,$109.87,33515150,4.87,4.88,4.75,4.7,4.43,3.92,3.55,3.46,3.48,3.59,3.73,4.1,4.07,70.09
09/19/2024,$228.87,66781320,$189.87,39543170,$162.14,26587730,$438.69,21706560,$559.10,15646950,$117.87,293506400,$117.77,10630520,$116.00,12660640,$144.99,7247416,$166.35,2132060,$132.55,2744785,$138.69,2538194,$16.17,9727975,$110.55,7990658,4.89,4.91,4.8,4.73,4.46,3.93,3.59,3.47,3.49,3.6,3.73,4.11,4.06,70.11
09/18/2024,$220.69,59894930,$186.43,34448130,$159.81,23677320,$430.81,18898040,$537.95,10323540,$113.37,310318900,$115.99,10783560,$114.58,12569930,$143.96,6180252,$164.67,2688473,$130.31,2884270,$136.66,2725578,$16.11,11530600,$108.62,7424108,4.91,4.91,4.84,4.76,4.5,3.95,3.61,3.49,3.47,3.58,3.7,4.08,4.03,71.28
09/17/2024,$216.79,45519340,$186.88,26091680,$159.32,20715610,$435.15,18874230,$536.32,11690780,$115.59,231925900,$116.82,9412731,$114.18,12202560,$143.41,7338782,$163.87,1520261,$128.30,3693587,$135.80,2395067,$16.02,17452590,$108.29,8661529,5.05,5.05,4.95,4.87,4.55,3.99,3.59,3.45,3.44,3.53,3.65,4.02,3.96,71.28
09/16/2024,$216.32,59357430,$184.89,26065490,$158.06,18379780,$431.34,13834700,$533.28,9527646,$116.78,248772300,$115.40,8618921,$112.71,11729030,$142.09,6864275,$161.01,2152127,$127.34,2908868,$133.75,2244506,$16.18,12515990,$105.55,9325463,5.11,5.1,4.96,4.88,4.55,3.96,3.56,3.42,3.41,3.51,3.63,4.01,3.94,74.52
09/13/2024,$222.50,36766620,$186.49,26495350,$157.46,29591150,$430.59,15874560,$524.62,10321420,$119.10,238358300,$114.30,7353335,$111.15,10035390,$140.61,5900747,$163.58,2563058,$126.70,2614579,$134.26,2130243,$16.17,9256250,$103.50,5441624,5.15,5.17,4.97,4.92,4.6,4,3.57,3.42,3.43,3.53,3.66,4.05,3.98,76.9
09/12/2024,$222.77,37498230,$187.00,33622480,$154.69,29695050,$427.00,17418760,$525.60,11993340,$119.14,367100500,$112.15,9908506,$111.23,15923320,$139.21,6593436,$161.49,2370629,$125.72,3040951,$134.12,2507208,$16.00,7391190,$102.90,6775934,5.18,5.22,5.06,4.97,4.68,4.09,3.64,3.47,3.47,3.57,3.68,4.07,4,75.49
09/11/2024,$222.66,44587070,$184.52,42564700,$151.16,29607690,$423.04,19266920,$511.83,10782530,$116.91,441422400,$108.80,9715098,$109.72,19571950,$137.88,9534010,$158.61,3379576,$125.00,4052789,$132.90,4960921,$15.87,10093830,$102.57,6803068,5.21,5.19,5.1,4.99,4.72,4.12,3.62,3.45,3.45,3.54,3.65,4.03,3.96,76.5
09/10/2024,$220.11,51591030,$179.55,36233800,$148.66,31118770,$414.20,19594290,$504.79,9899022,$108.10,268283700,$106.64,9367424,$110.82,20913410,$138.23,8202480,$163.54,2800505,$126.88,4468959,$136.09,3028589,$15.83,12264480,$104.00,5611503,5.18,5.18,5.06,4.92,4.65,4.07,3.59,3.42,3.43,3.53,3.65,4.04,3.97,78.4
09/09/2024,$220.91,67179970,$175.40,29037360,$148.71,39260450,$405.72,15295130,$504.79,11047830,$106.47,273912000,$105.89,18742650,$115.01,21645330,$140.30,9892347,$163.25,3642879,$127.97,4074618,$134.16,2930986,$15.81,7290480,$105.60,6477014,5.25,5.25,5.11,4.99,4.68,4.12,3.68,3.54,3.49,3.58,3.7,4.08,4,75.82
09/06/2024,$220.82,48423010,$171.39,41466540,$150.92,37912130,$401.70,19609530,$500.27,14744520,$102.83,413638100,$102.00,11962620,$112.64,13467750,$138.56,7836358,$166.00,2242556,$128.14,4244613,$134.19,3462044,$15.89,11985950,$106.02,5229946,5.28,5.28,5.13,5.02,4.69,4.1,3.66,3.54,3.5,3.6,3.72,4.1,4.03,73.72
09/05/2024,$222.38,36615400,$177.89,40170530,$157.24,18688750,$408.39,14195520,$516.86,8640888,$107.21,306850700,$107.16,9362447,$113.17,17200770,$140.93,9371051,$168.46,2879312,$128.89,3864573,$135.52,3299728,$16.02,15645450,$107.45,5582550,5.3,5.29,5.15,5.04,4.73,4.21,3.75,3.61,3.54,3.63,3.73,4.11,4.02,72.76
09/04/2024,$220.85,43840200,$173.33,30309230,$156.45,19353760,$408.90,15135810,$512.74,8335207,$106.21,372470300,$109.06,8113585,$114.06,12620580,$142.07,9820730,$171.75,2471382,$132.29,1984375,$139.63,2558398,$15.92,19044680,$108.56,6251482,5.33,5.28,5.18,5.05,4.74,4.23,3.76,3.63,3.56,3.65,3.77,4.14,4.06,75.27
09/03/2024,$222.77,50190570,$176.25,37817510,$157.36,38945300,$409.44,20313600,$511.76,12459110,$108.00,477155100,$110.77,14158990,$115.47,15725140,$144.66,7944740,$173.82,3523796,$135.00,2845478,$141.37,3236449,$16.03,13387800,$109.85,6369950,5.38,5.31,5.19,5.1,4.8,4.35,3.88,3.73,3.65,3.73,3.84,4.21,4.13,75.82
08/30/2024,$229.00,52990770,$178.50,43429360,$163.38,22123810,$417.14,24308320,$521.31,9157541,$119.37,333751600,$115.54,33433630,$117.94,13284690,$147.95,6414755,$177.12,3460905,$140.31,3981538,$146.73,3359564,$16.10,7872503,$113.79,5559473,5.41,5.32,5.21,5.12,4.89,4.38,3.91,3.79,3.71,3.8,3.91,4.28,4.2,79.66
08/29/2024,$229.79,51906300,$172.12,26407820,$161.78,19699770,$413.12,17045240,$518.22,8317424,$117.59,453023300,$110.74,23836600,$118.13,10753900,$147.42,4466696,$170.97,2338712,$136.50,1594193,$141.81,2275125,$15.96,8644096,$114.37,5270355,5.4,5.33,5.22,5.12,4.89,4.38,3.87,3.76,3.66,3.76,3.87,4.24,4.15,78.47
08/28/2024,$226.49,38052170,$170.80,29045030,$162.85,16407440,$410.60,14882660,$516.78,9106077,$125.61,448101100,$111.56,9527976,$116.52,10742870,$146.00,5614416,$169.93,2143129,$134.97,2070944,$141.05,2139759,$15.88,10872130,$112.15,4506609,5.47,5.33,5.21,5.12,4.87,4.36,3.83,3.72,3.63,3.74,3.84,4.22,4.13,79.81
08/27/2024,$228.03,35934560,$173.12,29841980,$164.68,11821940,$413.84,13492910,$519.10,6282720,$128.30,303134600,$111.86,6271647,$117.68,9991631,$146.95,5099956,$169.89,1657218,$134.38,1505354,$140.93,2030263,$15.91,9124171,$112.43,3521682,5.49,5.33,5.23,5.12,4.89,4.34,3.83,3.72,3.66,3.73,3.83,4.21,4.13,81.45
08/26/2024,$227.18,30602210,$175.50,22366240,$166.16,14190420,$413.49,13152830,$521.12,9584002,$126.46,331964700,$111.67,7307783,$118.81,13671020,$148.50,5780289,$173.20,1903237,$135.23,1923589,$143.09,2752227,$16.11,12743700,$113.56,6253903,5.49,5.34,5.24,5.13,4.91,4.38,3.91,3.74,3.66,3.72,3.82,4.19,4.11,78.28
08/23/2024,$226.84,38677250,$177.04,29150090,$165.62,13955740,$416.79,18493780,$528.00,11323940,$129.37,323230300,$112.01,6023382,$116.32,10381430,$147.62,4824078,$175.31,1995981,$135.37,1911904,$145.87,1523954,$16.15,8542490,$111.40,4024190,5.51,5.35,5.25,5.13,4.92,4.36,3.9,3.73,3.65,3.71,3.81,4.18,4.1,77.64
08/22/2024,$224.53,43695320,$176.13,32047480,$163.80,22493280,$415.55,19361900,$531.93,15708290,$123.74,376189100,$108.98,7018286,$114.73,10609500,$145.73,4026998,$171.78,2178855,$133.16,1813468,$143.43,1176900,$15.95,8207614,$109.97,3644660,5.51,5.35,5.28,5.15,4.96,4.43,3.99,3.82,3.72,3.77,3.86,4.21,4.13,76.68
08/21/2024,$226.40,34765480,$180.11,35599120,$165.85,22902000,$424.14,16067300,$535.16,13423290,$128.50,257883600,$111.70,6714402,$113.85,11752360,$145.32,5984993,$171.97,2088076,$133.88,3332333,$143.87,2696238,$16.02,11534460,$109.62,4012061,5.45,5.33,5.26,5.13,4.92,4.36,3.92,3.74,3.64,3.69,3.79,4.15,4.06,74.6
08/20/2024,$226.51,30299030,$178.88,26255200,$167.18,18341530,$424.80,16387580,$526.73,7944391,$127.25,300087400,$110.71,6189043,$114.58,15631970,$144.69,7497606,$171.61,2701144,$132.39,3026487,$141.26,4084328,$16.06,9423933,$109.85,6783295,5.48,5.36,5.29,5.17,4.97,4.43,3.99,3.8,3.7,3.73,3.82,4.19,4.07,74.46
08/19/2024,$225.89,40687810,$178.22,31129810,$166.67,22416190,$421.53,15233960,$529.28,9879713,$130.00,318333600,$111.87,8374892,$118.53,12417470,$146.83,5967406,$178.90,2076635,$139.34,1833946,$148.22,2637912,$16.30,23936640,$111.74,4335845,5.51,5.39,5.31,5.19,5,4.48,4.06,3.86,3.75,3.78,3.86,4.23,4.11,74.99
08/16/2024,$226.05,44340240,$177.06,31489180,$162.96,24208650,$418.47,22775590,$527.42,14776680,$124.58,302589900,$111.30,11632610,$118.17,10056020,$147.27,6874416,$180.03,2452592,$138.92,1644456,$149.82,2005513,$16.30,18588320,$111.18,3819194,5.53,5.4,5.33,5.21,5.02,4.49,4.06,3.87,3.77,3.81,3.89,4.26,4.15,77.74
08/15/2024,$224.72,46414010,$177.59,51698510,$161.30,31524250,$421.03,20752140,$537.33,13482140,$122.86,318086700,$110.21,17713180,$118.73,11579430,$146.80,6304232,$180.75,2391395,$138.68,1935102,$149.30,1917807,$15.99,16422030,$111.23,6307107,5.53,5.4,5.34,5.22,5.04,4.52,4.08,3.9,3.79,3.83,3.92,4.28,4.18,79.36
08/14/2024,$221.72,41960570,$170.10,28843800,$160.37,40591130,$416.86,18266980,$526.76,11444190,$118.08,339246400,$102.95,12141040,$118.95,12194520,$144.67,5874216,$179.05,2968929,$137.70,2134527,$147.82,2672659,$15.97,19039970,$109.33,6388043,5.49,5.39,5.32,5.21,5,4.42,3.94,3.76,3.67,3.72,3.83,4.22,4.12,76.17
08/13/2024,$221.27,44155330,$170.23,39237920,$164.16,18551690,$414.01,19414270,$528.54,13743840,$116.14,312646700,$99.94,14928420,$117.86,11585070,$144.15,7794816,$175.75,2087326,$134.66,2463341,$147.54,2530851,$15.58,20143780,$108.34,5866836,5.48,5.39,5.32,5.18,4.97,4.4,3.93,3.75,3.68,3.74,3.85,4.25,4.16,77.27
08/12/2024,$217.53,38028090,$166.80,30072790,$162.29,15895290,$406.81,16762880,$515.95,9767422,$109.02,325559900,$95.27,9875263,$119.00,13228910,$145.02,8442174,$176.38,2970549,$135.88,1576588,$151.49,1610437,$15.55,22214020,$110.03,5906943,5.53,5.4,5.33,5.2,5.02,4.47,4.01,3.82,3.75,3.8,3.9,4.3,4.19,78.58
08/09/2024,$216.24,42201650,$166.94,36401050,$163.67,28602290,$406.02,19276670,$517.77,13696640,$104.75,290844200,$92.55,8405010,$118.85,12151870,$144.99,7653053,$175.83,2321874,$135.41,2056891,$151.08,1568123,$15.66,36043390,$108.61,5776222,5.54,5.4,5.33,5.22,5.02,4.5,4.05,3.86,3.8,3.85,3.94,4.33,4.23,79.43
08/08/2024,$213.31,47161150,$165.80,44616210,$162.03,25578840,$402.69,20203030,$509.63,16156840,$104.97,391910000,$91.46,10242830,$117.89,13850990,$144.49,7531112,$174.15,2373276,$135.42,2546719,$151.61,2042128,$16.25,33408230,$108.27,5392929,5.55,5.42,5.34,5.21,5.01,4.48,4.04,3.86,3.83,3.89,3.99,4.38,4.28,78.78
08/07/2024,$209.82,63516420,$162.77,48408240,$158.94,25138570,$398.43,20650910,$488.92,20105310,$98.91,411440400,$87.89,21545500,$115.68,13660660,$142.41,8867862,$169.35,1753512,$132.90,2146863,$148.27,2148997,$15.62,24293870,$106.93,7735376,5.5,5.43,5.34,5.21,4.99,4.45,4,3.81,3.79,3.85,3.96,4.35,4.26,78.24
08/06/2024,$207.23,69660490,$161.93,59950830,$158.29,49004560,$399.61,24946530,$494.09,20954960,$104.25,409012100,$94.67,15500550,$114.16,13647780,$143.23,9692659,$170.89,2467884,$133.08,2082803,$148.85,2457174,$15.99,25480720,$105.80,8424866,5.5,5.43,5.34,5.18,5,4.46,3.99,3.76,3.73,3.79,3.9,4.28,4.18,81.25
08/05/2024,$209.27,119548600,$161.02,83149440,$159.25,53630670,$395.15,40709240,$475.73,21396190,$100.45,552842400,$98.18,13137820,$114.77,18025860,$144.66,13037190,$162.05,2702407,$131.64,2323705,$147.64,2684873,$15.43,30026730,$104.57,8474984,5.52,5.43,5.35,5.14,4.91,4.34,3.89,3.71,3.62,3.66,3.78,4.16,4.06,81.43
08/02/2024,$219.86,105568600,$167.90,141448400,$166.66,29130100,$408.49,29437900,$488.14,24044660,$107.27,482027500,$102.29,11832730,$116.88,20403770,$148.55,13278620,$164.64,2599758,$133.76,4078997,$148.56,3457861,$15.95,20932390,$105.77,7445068,5.54,5.43,5.29,5.14,4.88,4.33,3.88,3.7,3.62,3.68,3.8,4.19,4.11,84.17
08/01/2024,$218.36,62501000,$184.07,70435640,$170.76,24531390,$417.11,30296400,$497.74,43083080,$109.21,523462300,$108.43,8570016,$116.95,15051480,$152.62,16689950,$173.18,1363286,$140.95,3315833,$156.45,2412489,$16.19,16444550,$108.39,9704569,5.55,5.46,5.37,5.28,5.08,4.62,4.16,3.96,3.84,3.89,3.99,4.35,4.27,84.16
07/31/2024,$222.08,50036260,$186.98,41667330,$171.54,25729090,$418.35,42891370,$474.83,24285780,$117.02,473174200,$113.68,11327260,$118.59,15137710,$160.47,6209200,$177.02,1852860,$145.48,2273919,$161.72,2725129,$16.27,10429740,$111.20,7554556,5.49,5.51,5.41,5.32,5.14,4.73,4.29,4.1,3.97,4,4.09,4.44,4.35,81.92
07/30/2024,$218.80,41643840,$181.71,39508570,$170.29,18959690,$422.92,32687580,$463.19,11390440,$103.73,486833300,$108.61,11938440,$118.17,12483860,$159.57,5740861,$178.29,2357999,$147.17,3978374,$163.48,2954368,$16.21,17404560,$109.91,9794242,5.5,5.5,5.4,5.35,5.16,4.78,4.35,4.16,4.03,4.06,4.15,4.5,4.4,83.22
07/29/2024,$218.24,36311780,$183.20,33270120,$169.53,20293820,$426.73,15125840,$465.71,11339630,$111.59,248152100,$111.20,7552248,$116.10,8861806,$156.60,5071988,$171.96,1744534,$140.41,2124013,$157.45,2721518,$16.02,19383920,$109.12,4629531,5.5,5.51,5.41,5.36,5.18,4.79,4.36,4.19,4.05,4.08,4.17,4.51,4.42,83.49
07/26/2024,$217.96,41601350,$182.50,29505960,$167.00,41336890,$425.27,23583840,$465.70,14222390,$113.06,293399100,$113.56,8419931,$117.33,11252480,$157.84,5232519,$172.65,1789399,$142.21,1813784,$159.12,3151478,$16.27,22057660,$110.86,5199044,5.49,5.51,5.38,5.36,5.18,4.79,4.36,4.2,4.06,4.1,4.2,4.53,4.45,83.92
07/25/2024,$217.49,51391200,$179.85,44464160,$167.28,44851970,$418.40,29943800,$453.41,18240490,$112.28,460067000,$111.43,17363730,$117.43,17021700,$157.54,5432141,$171.50,2366500,$142.51,2014812,$157.00,4182004,$16.13,36175360,$111.03,5492133,5.49,5.52,5.39,5.37,5.19,4.83,4.41,4.26,4.13,4.18,4.27,4.59,4.5,83.39
07/24/2024,$218.54,61777580,$180.83,41532360,$172.63,49585200,$428.90,26805800,$461.27,17649740,$114.25,327776900,$116.12,15611380,$115.01,14925180,$155.07,5971731,$167.55,2534886,$138.17,1857631,$148.82,3770326,$16.18,38693210,$111.10,4808122,5.5,5.5,5.4,5.37,5.19,4.82,4.37,4.24,4.12,4.2,4.28,4.62,4.54,82.78
07/23/2024,$225.01,39960260,$186.41,47537670,$181.79,36352710,$444.85,13107050,$488.69,9455527,$122.59,173911000,$125.85,5944621,$113.41,11251730,$154.09,6238721,$163.97,2018340,$137.07,1745908,$146.87,1793665,$16.40,31103980,$110.83,5714279,5.49,5.51,5.41,5.38,5.22,4.85,4.4,4.26,4.15,4.18,4.25,4.56,4.48,83.63
07/22/2024,$223.96,48201840,$182.55,39931920,$181.67,24100350,$442.94,15808760,$487.40,12023090,$123.54,258068900,$128.74,6255215,$115.27,12065880,$156.99,5577286,$165.90,2620859,$140.11,1688581,$149.02,2435375,$16.38,16614330,$112.32,5172805,5.49,5.51,5.43,5.39,5.24,4.88,4.5,4.29,4.17,4.2,4.26,4.57,4.48,84.44
07/19/2024,$224.31,49151450,$183.13,43081830,$177.66,18881890,$437.11,20940420,$476.79,15149420,$117.93,217223800,$125.79,6932821,$116.07,16157710,$159.15,6427723,$165.16,3037126,$138.47,1787005,$148.33,1582355,$16.44,17613860,$114.35,7559145,5.48,5.52,5.43,5.39,5.24,4.87,4.49,4.28,4.16,4.18,4.25,4.55,4.45,84.44
07/18/2024,$224.18,66034590,$183.75,51043630,$177.69,25315730,$440.37,20794820,$475.85,19267160,$121.09,320979500,$125.34,9659432,$118.80,13033560,$161.97,6577674,$164.52,3014605,$137.70,2405653,$147.78,2327700,$16.35,21972410,$116.61,5957102,5.48,5.52,5.43,5.4,5.23,4.86,4.46,4.24,4.11,4.14,4.2,4.51,4.41,85.19
07/17/2024,$228.88,57345880,$187.93,48076140,$181.02,20734070,$443.52,21754020,$461.99,28076600,$117.99,390086200,$125.17,18887630,$117.64,13602770,$161.23,7296622,$165.56,3218719,$140.74,2074767,$150.05,4185157,$16.11,23011780,$116.08,6484037,5.47,5.5,5.43,5.4,5.23,4.85,4.42,4.19,4.07,4.09,4.16,4.46,4.37,84.09
07/16/2024,$234.82,43234280,$193.02,33994710,$183.92,18290720,$449.52,17175680,$489.79,14075830,$126.36,214769500,$134.26,10254530,$116.04,13614050,$157.77,6924187,$167.67,2271626,$139.78,1570499,$148.83,2483259,$16.36,19774920,$115.19,4633690,5.48,5.5,5.43,5.4,5.23,4.85,4.43,4.21,4.09,4.11,4.17,4.48,4.38,84.7
07/15/2024,$234.40,62631250,$192.72,40683230,$186.53,16474040,$453.96,14429450,$496.16,12539160,$128.44,208326200,$137.22,8064648,$115.21,13032500,$158.04,5661170,$166.71,2198834,$140.07,1627444,$148.75,2442322,$16.39,18740350,$114.57,5118338,5.48,5.51,5.43,5.4,5.23,4.85,4.44,4.23,4.13,4.16,4.23,4.56,4.46,82.83
07/12/2024,$230.54,53046530,$194.49,30598530,$185.07,22898410,$453.55,16324270,$498.87,19750540,$129.24,252680500,$139.57,7376405,$113.27,11684950,$155.59,6446316,$165.46,2256566,$138.64,1810122,$147.92,2311210,$16.25,11332870,$113.14,4505875,5.47,5.52,5.43,5.41,5.23,4.87,4.45,4.22,4.1,4.13,4.18,4.5,4.39,83.04
07/11/2024,$227.57,64710620,$195.05,44565040,$185.57,25625780,$454.70,23111180,$512.70,16458250,$127.40,374782700,$140.72,8248942,$113.25,13084880,$155.26,8323125,$164.29,2212458,$136.92,1900212,$146.64,2137074,$16.31,9160256,$113.99,5839484,5.48,5.53,5.44,5.41,5.25,4.91,4.5,4.26,4.13,4.15,4.2,4.51,4.41,82.19
07/10/2024,$232.98,62627690,$199.79,32883750,$191.18,15952450,$466.25,18196100,$534.69,10983280,$134.91,248978600,$145.77,7387342,$111.92,10004090,$155.13,5416594,$162.18,2457599,$133.97,2052311,$144.90,2640050,$16.28,18227690,$112.53,3867878,5.46,5.5,5.46,5.46,5.33,5.01,4.62,4.38,4.24,4.24,4.28,4.58,4.47,81.97
07/09/2024,$228.68,48169820,$199.34,32756740,$188.98,15141310,$459.54,17228510,$530.00,8769088,$131.38,287020800,$145.74,11414730,$110.94,11729090,$152.98,5303129,$162.92,3710051,$132.81,2594614,$146.30,3027950,$16.12,12469480,$111.19,3461634,5.45,5.51,5.46,5.46,5.34,5.02,4.62,4.37,4.24,4.25,4.3,4.59,4.49,82.63
07/08/2024,$227.82,59085860,$199.29,34767260,$189.03,21035890,$466.24,12962320,$529.32,14917500,$128.20,237677300,$145.97,12355620,$112.18,13350550,$154.33,4990726,$167.47,1897578,$135.95,1646969,$147.96,2493849,$16.09,8250090,$112.23,4199597,5.48,5.53,5.46,5.46,5.33,4.99,4.62,4.4,4.23,4.23,4.28,4.57,4.46,81.71
07/05/2024,$226.34,60412410,$200.00,39858890,$190.60,20967450,$467.56,16000290,$539.91,21354090,$125.83,214176700,$138.96,8901174,$113.37,12630990,$154.31,6183056,$170.74,1587492,$138.40,1605457,$152.78,2416520,$16.18,8281319,$112.55,4188395,5.48,5.53,5.46,5.46,5.34,4.98,4.6,4.39,4.22,4.23,4.28,4.57,4.47,83.34
07/03/2024,$221.55,37369800,$197.59,31597930,$185.82,10242130,$460.77,9932830,$509.96,6005615,$128.28,215749000,$142.67,13173320,$114.76,7732928,$156.71,3264196,$174.99,1344597,$140.37,1081569,$158.50,1479921,$16.33,6029352,$114.77,2326248,5.49,5.54,5.47,5.47,5.36,5.04,4.71,4.48,4.33,4.33,4.36,4.64,4.53,82.67
07/02/2024,$220.27,58046180,$200.00,45600010,$185.24,17372490,$459.28,13979780,$509.50,7739479,$122.67,218374000,$143.47,7748248,$114.18,13326700,$156.75,7216801,$174.14,2531590,$140.47,2622108,$157.96,2927943,$16.40,10611010,$114.12,3836725,5.48,5.47,5.47,5.44,5.36,5.07,4.74,4.54,4.39,4.4,4.43,4.71,4.6,81.33
07/01/2024,$216.75,60402930,$197.20,41192010,$182.99,16006130,$456.73,17662820,$504.68,10328150,$124.30,284885500,$142.82,11565660,$114.96,11972880,$156.52,5584116,$174.79,1705250,$140.93,1422906,$157.98,2205479,$16.36,12502850,$114.36,3925186,5.48,5.48,5.47,5.45,5.37,5.1,4.77,4.58,4.44,4.45,4.48,4.76,4.64,79.41
06/28/2024,$210.62,82542720,$193.25,76930190,$182.15,29156640,$446.95,28362270,$504.22,15855140,$123.54,315516700,$137.91,20573570,$115.12,24565910,$156.42,11283390,$173.48,3656319,$141.17,10211530,$156.76,3899070,$16.22,12587040,$114.38,7191846,5.47,5.47,5.48,5.45,5.33,5.09,4.71,4.52,4.33,4.33,4.36,4.61,4.51,79.61
06/27/2024,$214.10,49772710,$197.85,74397490,$185.41,18848880,$452.85,14806320,$519.56,10121200,$123.99,252571700,$139.43,9483004,$114.90,16812730,$156.32,5568733,$172.91,1648826,$139.40,1847282,$154.04,2540244,$16.03,5476587,$113.97,3846595,5.48,5.46,5.49,5.45,5.35,5.1,4.7,4.49,4.29,4.27,4.29,4.53,4.43,79.56
06/26/2024,$213.25,66213190,$193.61,65103890,$183.88,19838970,$452.16,16507030,$513.12,8882337,$126.40,362975900,$138.24,12714060,$114.41,15771750,$155.95,8637756,$174.30,1704099,$139.78,1517679,$153.58,3843074,$15.92,16828800,$113.61,5366540,5.44,5.46,5.5,5.46,5.36,5.13,4.71,4.53,4.32,4.32,4.32,4.55,4.45,78.88
06/25/2024,$209.07,56713870,$186.34,45898480,$184.03,23235590,$450.95,16747530,$510.60,12109770,$126.09,425787500,$140.35,8466362,$114.37,16213680,$158.46,6056711,$175.19,2149543,$140.24,1935058,$153.79,4862904,$16.00,6299119,$114.99,4961491,5.43,5.46,5.49,5.44,5.37,5.1,4.65,4.45,4.25,4.23,4.23,4.46,4.36,78.75
06/24/2024,$208.14,80727010,$185.57,50610380,$179.22,18298010,$447.67,15913720,$498.91,13525280,$118.11,476060900,$137.56,14014980,$114.05,16266690,$159.31,7971620,$173.99,2327773,$138.55,1919236,$150.73,2851365,$15.91,9214897,$115.17,8802734,5.42,5.46,5.5,5.45,5.37,5.1,4.71,4.46,4.27,4.25,4.25,4.48,4.38,76.53
06/21/2024,$207.49,246421400,$189.08,72931750,$179.63,58582740,$449.78,34486170,$494.78,23130730,$126.57,655484700,$145.06,16788890,$110.76,52220570,$155.28,21292090,$172.67,7346460,$138.09,6463625,$150.21,7128141,$15.72,8836479,$111.34,27097210,5.42,5.46,5.49,5.45,5.36,5.1,4.7,4.45,4.26,4.25,4.25,4.49,4.39,76.52
06/20/2024,$209.68,86172450,$186.10,44726780,$176.30,20160090,$445.70,19877380,$501.70,11801180,$130.78,517768400,$148.52,39976430,$111.74,17433190,$156.64,8336031,$173.66,3176698,$137.96,2740482,$152.47,3203997,$15.70,9641781,$111.33,5442578,5.42,5.46,5.5,5.46,5.37,5.1,4.7,4.45,4.26,4.25,4.25,4.49,4.39,75.08
06/18/2024,$214.29,79943250,$182.81,36659160,$175.09,21869860,$446.34,17112500,$499.49,13060430,$135.58,294335100,$149.15,33500100,$109.38,17762920,$153.33,6942882,$172.45,2558032,$135.85,2588767,$149.94,2552042,$15.48,8781044,$109.41,5690191,5.4,5.46,5.5,5.45,5.37,5.09,4.69,4.43,4.24,4.22,4.22,4.47,4.36,75.26
06/17/2024,$216.67,93728300,$184.06,35601910,$177.24,19618500,$448.37,20790030,$506.63,11266600,$130.98,288504400,$142.03,26911430,$108.36,21147940,$153.19,6321386,$171.73,3006493,$137.29,1790833,$151.11,1804044,$15.32,10193830,$109.54,5754208,5.45,5.47,5.52,5.46,5.39,5.11,4.75,4.5,4.3,4.28,4.28,4.52,4.4,77.97
06/14/2024,$212.49,70122750,$183.66,25456410,$176.79,18063560,$442.57,13581990,$504.16,10243350,$131.88,309320400,$134.98,12995280,$109.11,13313430,$152.57,6159138,$170.07,2933965,$136.76,2107760,$150.07,2641848,$15.16,13276190,$109.39,5690366,5.47,5.47,5.51,5.45,5.36,5.07,4.67,4.41,4.22,4.2,4.2,4.46,4.34,78.96
06/13/2024,$214.24,97862730,$183.83,39721550,$175.16,20913300,$441.58,15960570,$504.10,9954621,$129.61,260704500,$135.02,16066820,$110.04,14466870,$152.84,6163015,$170.51,3284135,$137.67,3486365,$149.82,2669060,$15.30,17116310,$110.89,5939304,5.47,5.47,5.51,5.45,5.36,5.07,4.68,4.42,4.24,4.23,4.24,4.5,4.4,80.24
06/12/2024,$213.07,198134300,$186.89,33984220,$177.79,27864740,$441.06,22366230,$508.84,11983230,$125.20,299595000,$131.81,11427930,$110.93,13606790,$154.22,10017420,$168.76,3080335,$136.01,2217708,$148.38,3793340,$15.48,10363750,$112.19,8650055,5.47,5.47,5.51,5.47,5.38,5.13,4.75,4.48,4.32,4.31,4.31,4.56,4.47,80.9
06/11/2024,$207.15,172373300,$187.23,27265110,$176.62,21540580,$432.68,14551100,$507.47,9673715,$120.91,222551200,$131.64,9176373,$112.17,12462400,$156.49,5132009,$174.46,2097809,$138.29,1692571,$153.60,2083499,$15.57,6129930,$113.63,4181946,5.46,5.47,5.52,5.46,5.39,5.17,4.81,4.57,4.41,4.4,4.39,4.62,4.53,80.9
06/10/2024,$193.12,97262080,$187.06,34494500,$175.01,23779220,$427.87,14003030,$502.60,11236920,$121.79,314162700,$132.45,14011900,$113.08,15245230,$156.74,7075943,$174.34,2526075,$138.12,1861528,$154.59,2285383,$15.70,8271694,$113.30,5307542,5.47,5.48,5.52,5.46,5.4,5.16,4.87,4.62,4.48,4.47,4.47,4.68,4.59,78.48
06/07/2024,$196.89,53103910,$184.30,28021470,$174.46,19661400,$423.85,13621650,$492.96,9380745,$120.89,412385800,$129.97,19597620,$112.75,13289200,$156.08,5887651,$175.10,1908971,$138.07,1687292,$154.43,1979605,$15.48,8538710,$112.00,4375865,5.47,5.47,5.52,5.47,5.4,5.17,4.87,4.65,4.46,4.45,4.43,4.64,4.55,77.47
06/06/2024,$194.48,41181750,$185.00,31371150,$176.73,23251010,$424.52,14861250,$493.76,10667340,$121.00,664696200,$133.96,13929140,$113.97,13154090,$155.93,5215140,$175.73,2229137,$138.37,1567550,$155.77,1981031,$15.45,7561537,$112.20,5355190,5.48,5.47,5.51,5.45,5.36,5.08,4.72,4.49,4.29,4.28,4.28,4.51,4.43,79.15
06/05/2024,$195.87,54156790,$181.28,32116390,$175.41,22068520,$424.01,16988040,$495.06,15690480,$122.44,528401800,$137.66,19148570,$113.12,14863520,$154.98,7058506,$173.92,2148547,$137.39,2190448,$154.04,1939169,$15.38,9372612,$112.23,5119098,5.48,5.48,5.51,5.46,5.37,5.08,4.72,4.5,4.31,4.29,4.29,4.52,4.44,80.66
06/04/2024,$194.35,47471450,$179.34,27198390,$173.79,26879600,$416.07,14348920,$476.99,7088718,$116.44,403324000,$135.76,21568420,$112.67,19412240,$156.13,6360542,$175.26,2318969,$136.99,3146978,$155.38,2997294,$15.37,13451570,$112.27,7683582,5.48,5.48,5.52,5.45,5.38,5.11,4.77,4.55,4.35,4.33,4.33,4.56,4.48,81.39
06/03/2024,$194.03,50080540,$178.34,30786640,$173.17,27459120,$413.52,17484680,$477.49,11279390,$115.00,438391800,$132.03,41199160,$114.45,19589340,$157.46,9009935,$174.75,2513923,$138.93,2345919,$153.94,2887604,$15.38,12170050,$113.87,7129476,5.49,5.49,5.52,5.46,5.39,5.14,4.82,4.62,4.42,4.41,4.41,4.63,4.55,81.66
05/31/2024,$192.25,75158280,$176.44,58903940,$172.50,37638880,$415.13,47995250,$466.83,16919810,$109.63,613262500,$139.56,67192830,$117.26,29037380,$162.30,10334230,$176.61,3935572,$142.11,3669964,$157.14,4902497,$15.67,7126861,$116.48,13830210,5.48,5.48,5.46,5.46,5.42,5.18,4.89,4.69,4.52,4.52,4.51,4.73,4.65,80.85
05/30/2024,$191.29,49947940,$179.32,29249230,$172.11,22958680,$414.67,28424850,$467.05,10735230,$110.50,487350300,$169.92,44465960,$113.99,14691980,$158.26,6371243,$172.01,2571753,$138.39,1951202,$150.90,3970068,$15.54,7973071,$113.58,9917059,5.48,5.48,5.46,5.48,5.42,5.19,4.92,4.74,4.57,4.57,4.55,4.76,4.69,80.23
05/29/2024,$190.29,53068020,$182.02,32009290,$175.90,23388690,$429.17,15517130,$474.36,9226218,$114.83,557441900,$179.21,23215890,$113.63,13902000,$156.90,5909632,$172.46,2624477,$138.19,2221036,$155.69,3774139,$15.43,9261860,$115.25,14291210,5.5,5.48,5.46,5.47,5.43,5.22,4.96,4.79,4.63,4.63,4.61,4.82,4.74,79.62
05/28/2024,$189.99,52280050,$182.15,29926960,$176.40,20572160,$430.32,15718020,$479.92,10175770,$113.90,652727900,$166.08,18692640,$114.86,13978310,$159.04,6928298,$179.16,2380997,$142.76,1590188,$163.57,1912800,$15.49,11450060,$118.96,3830701,5.5,5.48,5.46,5.51,5.43,5.21,4.94,4.75,4.56,4.56,4.54,4.74,4.66,80.71
05/24/2024,$189.98,36326980,$180.75,27471640,$174.99,16579440,$430.16,11855290,$478.22,12024250,$106.47,429493700,$160.18,17563660,$113.42,12212950,$157.75,4477720,$177.80,1805957,$142.68,1250654,$162.42,1794632,$15.44,12152520,$117.25,2851146,5.56,5.53,5.46,5.51,5.44,5.21,4.93,4.71,4.53,4.49,4.46,4.65,4.57,80.86
05/23/2024,$186.88,51005920,$181.05,33670170,$173.55,21024940,$427.00,17211690,$465.78,11747910,$103.80,835065300,$153.57,16843130,$113.51,15979840,$156.94,6718378,$176.56,2740747,$142.19,1696843,$162.56,2251419,$15.41,16805370,$117.65,3757306,5.51,5.48,5.46,5.51,5.44,5.2,4.91,4.71,4.52,4.5,4.47,4.67,4.58,80.57
05/22/2024,$190.90,34648550,$183.13,28148780,$176.38,17880040,$430.52,18073700,$467.78,10078610,$94.95,548648000,$147.78,4708365,$115.48,17879250,$157.57,6260509,$176.02,2249980,$142.90,2441760,$162.00,2510035,$15.73,10092450,$118.19,4468079,5.49,5.48,5.45,5.5,5.43,5.16,4.86,4.64,4.47,4.44,4.43,4.63,4.55,79.97
05/21/2024,$192.35,42309400,$183.15,50839130,$177.85,16989370,$429.04,21453260,$464.63,11742190,$95.39,328946500,$147.24,6665689,$117.85,14494980,$159.97,4783287,$176.58,2345371,$144.14,1804347,$162.39,2206794,$15.93,10457520,$120.41,2756867,5.5,5.47,5.45,5.51,5.42,5.14,4.82,4.61,4.43,4.42,4.41,4.65,4.55,80.1
05/20/2024,$191.04,44361280,$183.54,30511770,$176.92,22554400,$425.34,16272140,$468.84,11745080,$94.78,318764500,$145.45,10586920,$118.67,11551250,$161.14,4913820,$176.08,2454906,$144.42,1969301,$163.78,3089149,$16.13,16246930,$120.89,2814786,5.5,5.47,5.45,5.51,5.43,5.15,4.82,4.62,4.46,4.44,4.44,4.68,4.58,79.65
05/17/2024,$189.87,41282930,$184.70,33175660,$176.06,24479260,$420.21,15352240,$471.91,10807290,$92.48,359691000,$149.52,9893472,$119.64,15104470,$162.67,5497919,$179.67,3142696,$147.08,1886265,$166.06,4098450,$15.96,10734840,$121.71,4450253,5.5,5.47,5.46,5.5,5.41,5.14,4.83,4.6,4.44,4.43,4.42,4.66,4.56,80.59
05/16/2024,$189.84,52845230,$183.63,38834450,$174.18,27867950,$420.99,17530050,$473.23,16608180,$94.36,323951800,$146.30,9411534,$117.87,15745200,$161.09,6409418,$174.77,2788157,$145.85,1630510,$158.50,2597646,$15.83,9338318,$119.83,5002908,5.51,5.47,5.45,5.53,5.41,5.13,4.78,4.58,4.4,4.39,4.38,4.62,4.52,80.7
05/15/2024,$189.72,70399990,$185.99,75459930,$172.51,26948370,$423.08,22239530,$481.54,13100470,$94.63,417735500,$149.16,16982540,$118.58,18244300,$163.05,7603063,$172.65,2546599,$146.21,1870392,$157.71,2799067,$15.89,8921752,$120.70,6138611,5.49,5.46,5.45,5.5,5.4,5.1,4.73,4.51,4.35,4.35,4.36,4.61,4.52,83.49
05/14/2024,$187.43,52393620,$187.07,38698160,$170.34,25127140,$416.56,15109310,$471.85,10478550,$91.36,296507100,$134.12,4175759,$117.67,15079130,$163.61,4923968,$174.51,4660938,$144.85,1836028,$155.93,2436755,$15.87,10156590,$121.04,6144949,5.5,5.47,5.44,5.51,5.43,5.16,4.81,4.62,4.46,4.45,4.45,4.69,4.59,84.26
05/13/2024,$186.28,72044810,$186.57,24898610,$169.14,31327600,$413.72,15440230,$468.01,14668800,$90.40,289680200,$131.01,4105780,$117.91,15060620,$164.53,6848303,$177.86,1681005,$145.08,1748028,$155.93,1510482,$15.82,15719460,$121.59,6421346,5.5,5.47,5.45,5.51,5.43,5.16,4.85,4.66,4.5,4.49,4.48,4.72,4.63,85.38
05/10/2024,$183.05,50759500,$187.48,34141770,$168.65,29799930,$414.74,13402280,$476.20,10750000,$89.88,335325400,$132.77,4536936,$117.96,13648130,$165.82,5490944,$179.56,1584400,$145.60,1808750,$156.13,2036168,$15.94,15174470,$121.91,4515911,5.51,5.47,5.47,5.51,5.43,5.17,4.87,4.65,4.52,4.51,4.5,4.74,4.64,84.92
05/09/2024,$184.57,48982970,$189.50,43368380,$169.96,15346700,$412.32,14689730,$475.42,9437651,$88.75,378012700,$131.68,6675427,$118.44,17563980,$165.45,6683313,$182.93,1295908,$147.72,2187108,$158.87,1676895,$16.23,20722380,$123.39,5430639,5.51,5.48,5.46,5.5,5.41,5.12,4.8,4.6,4.47,4.46,4.45,4.7,4.6,84.09
05/08/2024,$182.74,45057090,$188.00,26136350,$169.38,19569150,$410.54,11792310,$472.60,11683930,$90.41,325721000,$131.61,4921451,$116.15,18957170,$162.54,6706361,$180.93,1844618,$146.94,2918980,$157.07,2776449,$16.25,15058320,$123.06,4200328,5.51,5.47,5.45,5.5,5.41,5.13,4.84,4.63,4.5,4.49,4.48,4.73,4.64,84.17
05/07/2024,$182.40,77305770,$188.76,34048900,$171.25,28039700,$409.34,20018230,$468.24,13406820,$90.55,437341600,$127.55,3247051,$116.17,30121970,$162.67,6869948,$180.92,1706675,$145.21,2212394,$156.67,2268031,$16.13,11132310,$123.54,5902236,5.51,5.48,5.45,5.51,5.41,5.13,4.82,4.6,4.48,4.47,4.47,4.7,4.61,83.82
05/06/2024,$181.71,78569670,$188.70,34725300,$168.10,21871280,$413.54,16996640,$465.68,15094630,$92.14,376202600,$129.33,5025217,$116.75,31401260,$162.30,8430277,$182.78,1906330,$145.12,2239088,$158.20,2128435,$16.06,12790920,$123.55,4848582,5.51,5.48,5.45,5.5,5.42,5.12,4.82,4.64,4.48,4.48,4.49,4.73,4.64,83.79
05/03/2024,$183.38,163224100,$186.21,39172000,$167.24,34662430,$406.66,17446720,$451.96,16489060,$88.79,398340700,$125.10,3942765,$116.00,28023310,$160.25,11664510,$182.55,1868555,$143.61,1806203,$156.84,2356803,$15.89,9335518,$122.23,5020657,5.51,5.48,5.45,5.5,5.41,5.12,4.81,4.63,4.48,4.49,4.5,4.75,4.66,83.5
05/02/2024,$173.03,94214920,$184.72,54303510,$166.62,24294550,$397.84,17709360,$441.68,15221320,$85.82,377897500,$123.39,4856908,$116.24,25513650,$160.73,8597124,$182.95,2682721,$143.87,2310273,$157.34,2416078,$15.78,9604606,$122.25,7685897,5.51,5.47,5.46,5.5,5.42,5.16,4.87,4.71,4.57,4.57,4.58,4.82,4.72,83.58
05/01/2024,$169.30,50383150,$179.00,94645150,$163.86,33493150,$394.94,23562480,$439.19,20344950,$83.04,559863200,$118.78,7204532,$116.03,27789760,$159.63,7714962,$178.97,3856878,$140.21,2537281,$155.66,3979671,$15.48,13243720,$124.34,5433051,5.47,5.5,5.46,5.51,5.43,5.21,4.96,4.79,4.64,4.64,4.63,4.85,4.74,86.15
04/30/2024,$170.33,65934780,$175.00,94639790,$162.78,33562860,$389.33,28781370,$430.17,18429500,$86.40,363708700,$124.64,5054483,$118.27,21083290,$161.27,8457341,$181.72,5782073,$143.21,3763934,$159.87,4144124,$15.73,13967290,$125.62,6296791,5.48,5.51,5.46,5.45,5.44,5.25,5.04,4.87,4.72,4.71,4.69,4.9,4.79,86.21
04/29/2024,$173.50,68169420,$180.96,54063940,$166.15,45610020,$402.25,19582090,$432.62,21502650,$87.76,388970800,$127.70,5004467,$119.64,17343760,$166.33,6366752,$200.51,2051929,$151.54,2823654,$167.51,2082920,$15.98,8108237,$130.22,3915236,5.48,5.51,5.45,5.45,5.43,5.2,4.97,4.8,4.65,4.64,4.63,4.86,4.75,86.46
04/26/2024,$169.30,44838350,$179.62,43919770,$171.95,64665300,$406.32,29694650,$443.29,32691440,$87.74,551010800,$125.06,5512196,$117.96,27289470,$165.89,9736350,$198.39,1954070,$151.41,4206800,$165.80,2065193,$15.96,5346991,$130.24,4823139,5.48,5.51,5.46,5.45,5.4,5.21,4.96,4.84,4.68,4.68,4.67,4.89,4.78,85.79
04/25/2024,$169.89,50558330,$173.67,49249390,$156.00,57109730,$399.04,40586450,$441.38,82890740,$82.63,424640700,$124.91,6822999,$121.33,16041030,$165.28,9702581,$199.51,1295208,$157.24,2617534,$167.13,3299360,$15.94,8265517,$130.11,3666362,5.48,5.51,5.47,5.46,5.41,5.21,4.96,4.85,4.7,4.71,4.7,4.93,4.82,86.98
04/24/2024,$169.02,48251840,$176.59,34185110,$159.13,22779110,$409.06,15065330,$493.50,37772680,$79.68,512207500,$120.20,5815884,$121.05,12101160,$163.57,7610335,$199.14,1473294,$157.79,1944972,$167.00,2350797,$15.87,8505301,$129.28,3846633,5.49,5.5,5.46,5.44,5.4,5.17,4.89,4.78,4.64,4.66,4.65,4.88,4.78,86.04
04/23/2024,$166.90,49537760,$179.54,37046520,$158.26,21151570,$407.57,15734500,$496.10,15079200,$82.42,438559400,$120.63,5086925,$121.03,13929820,$162.85,5597617,$199.65,1703224,$158.84,1756428,$167.54,1969250,$15.90,10883130,$129.84,3773647,5.49,5.5,5.45,5.44,5.39,5.14,4.86,4.76,4.63,4.62,4.61,4.84,4.73,87.24
04/22/2024,$165.84,48116440,$177.23,37924890,$156.28,26446210,$400.96,20286880,$481.73,17271130,$79.52,596340500,$115.54,5410000,$120.56,16340690,$161.92,6779221,$198.25,1437223,$157.05,1625543,$165.90,2129996,$15.83,9953485,$129.33,4195048,5.49,5.5,5.42,5.44,5.39,5.16,4.97,4.81,4.66,4.65,4.62,4.84,4.72,87.69
04/19/2024,$165.00,68149380,$174.63,56000730,$154.09,32615640,$399.12,30565790,$481.07,25215360,$76.20,875198000,$114.87,9440014,$119.88,21572370,$160.00,7734654,$196.38,1748806,$154.71,2760769,$163.89,2437686,$15.77,14186540,$129.38,3984807,5.49,5.51,5.45,5.44,5.39,5.17,4.97,4.81,4.66,4.65,4.62,4.83,4.72,87.37
04/18/2024,$167.04,43122900,$179.22,30723790,$156.01,19883040,$404.27,21029920,$501.80,14808670,$84.67,447260300,$118.37,5053748,$118.52,13821360,$157.57,4979193,$195.02,2713552,$153.31,2347141,$162.49,3115045,$15.53,15838790,$127.81,3588154,5.49,5.52,5.46,5.44,5.39,5.18,4.98,4.83,4.68,4.67,4.64,4.85,4.74,86.22
04/17/2024,$168.00,50901210,$181.28,31359670,$155.47,21763130,$411.84,15855490,$494.17,12193740,$84.04,495399500,$119.62,5346021,$118.63,14538580,$156.40,6733879,$202.46,1816833,$157.25,1946768,$167.28,2469794,$15.23,11784300,$128.33,3869900,5.49,5.49,5.45,5.44,5.38,5.16,4.93,4.77,4.62,4.61,4.59,4.81,4.71,85.95
04/16/2024,$169.38,73711240,$183.32,32891270,$154.40,20779500,$414.58,16765620,$499.76,9847925,$87.42,370453000,$121.08,7596734,$118.69,18082230,$156.28,5541895,$203.86,1599848,$157.88,1864189,$168.99,2126328,$15.10,22004920,$129.53,3878617,5.49,5.51,5.45,5.44,5.39,5.18,4.97,4.83,4.69,4.69,4.67,4.88,4.77,84.54
04/15/2024,$172.69,73531770,$183.62,48052400,$154.86,27136470,$413.64,20273540,$500.23,13512890,$86.00,443077000,$117.81,6764095,$119.68,15029530,$157.59,7236857,$207.02,2586963,$160.82,1589886,$170.67,2413655,$15.23,14320060,$130.25,4219317,5.49,5.51,5.45,5.44,5.38,5.16,4.93,4.78,4.65,4.65,4.63,4.85,4.74,84.54
04/12/2024,$176.55,101670900,$186.13,38608850,$157.73,25353750,$421.90,19253750,$511.90,11984540,$88.19,426804800,$117.76,7501738,$120.37,21556220,$158.96,11071050,$208.77,2086940,$162.49,2002433,$173.54,2452374,$15.42,13094150,$131.20,4955293,5.48,5.5,5.45,5.42,5.36,5.13,4.88,4.7,4.54,4.53,4.5,4.73,4.61,83.96
04/11/2024,$175.04,91070280,$189.05,40020740,$159.41,27166430,$427.93,17966420,$523.16,10369470,$90.62,431637300,$124.04,5058307,$121.79,17555870,$161.89,7682512,$212.27,2208791,$165.41,1997209,$177.04,2414439,$15.68,9191368,$132.92,4328801,5.48,5.51,5.45,5.44,5.38,5.17,4.93,4.77,4.61,4.6,4.56,4.77,4.65,82.15
04/10/2024,$167.78,49709340,$185.95,35879150,$156.14,22838630,$423.26,16216580,$519.83,11418490,$87.04,431928500,$123.37,5944974,$122.20,17409180,$162.67,7525837,$211.22,2663899,$165.16,1802354,$175.70,3472226,$15.78,11747670,$132.82,4402423,5.49,5.5,5.45,5.44,5.4,5.19,4.97,4.77,4.61,4.59,4.55,4.76,4.64,82.41
04/09/2024,$169.67,42451210,$185.67,36546950,$156.60,31113010,$426.28,12512290,$516.90,10881450,$85.35,503547400,$123.73,9993308,$121.18,14135720,$162.00,6577437,$212.12,3052511,$165.41,2358126,$176.26,3502644,$15.72,10204990,$132.25,3756123,5.48,5.49,5.43,5.41,5.34,5.03,4.74,4.52,4.37,4.38,4.36,4.6,4.5,82.41
04/08/2024,$168.45,37425510,$185.19,39221280,$154.85,20701970,$424.59,14272390,$519.25,13260580,$87.13,283220000,$127.15,11952250,$120.55,17513940,$161.27,7253196,$216.98,2478364,$168.55,2624346,$180.89,2539239,$15.82,11072740,$132.42,4481961,5.48,5.49,5.43,5.41,5.35,5.07,4.78,4.6,4.43,4.43,4.42,4.65,4.55,81.1
04/05/2024,$169.58,42104830,$185.07,42373990,$152.50,23459250,$425.52,16554760,$527.34,19263270,$88.01,399678500,$132.72,10813490,$121.37,21720590,$161.60,7432807,$219.13,2689990,$170.75,2182779,$183.39,2418947,$15.84,7905410,$133.52,3595473,5.47,5.5,5.43,5.41,5.34,5.05,4.73,4.54,4.38,4.39,4.39,4.65,4.54,81.99
04/04/2024,$168.82,53704390,$180.00,41624260,$150.53,34724740,$417.88,19370880,$510.92,26476250,$85.91,434964900,$127.16,19494760,$119.72,18467360,$160.69,9269716,$216.25,3189724,$170.68,2781083,$180.61,3212759,$15.81,10405320,$131.75,3908373,5.47,5.49,5.41,5.4,5.32,5,4.65,4.46,4.3,4.31,4.31,4.57,4.47,82.79
04/03/2024,$169.65,47691720,$182.41,31046640,$154.92,24704990,$420.45,16502260,$506.74,12099170,$88.96,370066600,$128.58,19390810,$119.30,16504310,$160.44,7819734,$214.96,3902712,$172.71,3210644,$180.37,4127522,$16.00,9736785,$131.63,3707331,5.47,5.44,5.42,5.4,5.33,5.03,4.68,4.48,4.34,4.36,4.36,4.61,4.51,84.39
04/02/2024,$168.84,49329480,$180.69,32611550,$154.56,24585990,$421.44,17911990,$497.37,11081030,$89.45,433063600,$118.44,5503125,$119.28,19919640,$159.78,8815351,$211.38,3517268,$169.49,2999389,$177.22,3152123,$15.78,8972437,$130.67,4969715,5.49,5.45,5.42,5.4,5.34,5.05,4.7,4.51,4.35,4.37,4.36,4.61,4.51,83.68
04/01/2024,$170.03,46240500,$180.97,29174520,$155.49,31730850,$424.57,16315960,$491.35,9247007,$90.36,452441500,$119.64,8064085,$116.99,13817000,$159.08,6285717,$204.41,2201092,$163.34,2214137,$172.64,2775441,$15.69,12427830,$128.68,3036214,5.49,5.47,5.44,5.41,5.36,5.06,4.72,4.51,4.34,4.33,4.33,4.58,4.47,81.94
03/28/2024,$171.48,65672690,$180.38,38051590,$150.93,24485390,$420.72,21871160,$485.58,15212760,$90.36,435212300,$114.11,4153353,$116.24,18482060,$157.74,8331627,$201.50,6064106,$163.34,3177289,$170.69,3325987,$15.73,12326670,$127.28,4657970,5.49,5.48,5.46,5.42,5.38,5.03,4.59,4.4,4.21,4.2,4.2,4.45,4.34,80.67
03/27/2024,$173.31,60273270,$179.83,33272550,$150.87,22879180,$421.43,16704980,$493.86,9989676,$90.25,586067200,$111.68,4375982,$114.97,12415670,$156.35,7416870,$196.99,1675007,$158.96,2211378,$167.81,3098551,$15.54,11987410,$126.84,3847838,5.5,5.47,5.45,5.41,5.36,4.99,4.54,4.36,4.18,4.18,4.2,4.45,4.36,78.51
03/26/2024,$169.71,57388450,$178.30,29658980,$150.67,22149140,$421.65,16725650,$495.89,11205380,$92.56,513647600,$114.65,7389230,$113.79,13152290,$155.27,6677938,$197.38,1673425,$156.60,2351431,$167.25,3025483,$15.49,9870969,$125.99,5203426,5.5,5.47,5.46,5.41,5.36,5,4.56,4.38,4.22,4.23,4.24,4.49,4.4,78.87
03/25/2024,$170.85,54288330,$179.71,29815460,$150.07,19229290,$422.86,18060450,$503.02,8380617,$95.00,552136100,$113.00,6152280,$114.65,14011730,$156.47,6058745,$199.83,2042221,$156.46,2306152,$168.49,2767913,$15.56,9713437,$126.23,7054378,5.51,5.48,5.46,5.41,5.36,5,4.54,4.39,4.23,4.25,4.25,4.51,4.42,78.96
03/22/2024,$172.28,71160140,$178.87,27995380,$150.77,29211770,$428.74,17648470,$509.58,8120593,$94.29,586719400,$112.24,4711422,$113.49,14701930,$154.66,5974745,$200.17,2281392,$159.45,2078481,$169.64,3497489,$15.56,7344118,$123.03,4976248,5.51,5.47,5.46,5.4,5.34,4.98,4.59,4.36,4.2,4.22,4.22,4.47,4.39,79.81
03/21/2024,$171.37,106181300,$178.15,32824320,$147.60,24755600,$429.37,21296220,$507.76,9712549,$91.44,480372300,$114.04,11678010,$113.49,14878020,$154.86,7899084,$199.21,1681534,$159.08,2488073,$170.98,3685736,$15.59,15836600,$123.51,4925649,5.51,5.48,5.48,5.4,5.36,5.01,4.62,4.42,4.26,4.28,4.27,4.53,4.44,80.08
03/20/2024,$178.67,53423100,$178.15,29947150,$148.74,21311500,$425.23,17860090,$505.52,11711100,$90.37,479062800,$111.07,9600219,$112.99,16119700,$154.55,8449145,$197.75,1957295,$158.76,2389137,$169.57,3952572,$15.66,10060310,$121.91,3596962,5.5,5.47,5.47,5.41,5.36,5.01,4.59,4.41,4.25,4.28,4.27,4.53,4.45,79.11
03/19/2024,$176.08,55215240,$175.90,26880890,$147.03,24070440,$421.41,19837920,$496.24,10903090,$89.40,672171300,$107.52,7971732,$113.09,14878760,$156.62,7736723,$196.57,2509655,$156.99,2877227,$167.39,3957016,$15.68,11078380,$122.02,4457939,5.52,5.48,5.48,5.41,5.39,5.06,4.68,4.47,4.31,4.31,4.3,4.54,4.44,79.67
03/18/2024,$173.72,75604180,$174.48,31250690,$147.68,69273700,$417.32,20105980,$496.98,11755250,$88.46,668975900,$106.63,7403774,$112.30,16770460,$155.41,7242711,$193.48,2073495,$156.76,3470618,$166.29,4444542,$15.56,9608407,$120.26,4828002,5.52,5.48,5.48,5.41,5.39,5.06,4.73,4.52,4.36,4.35,4.34,4.57,4.46,80.9
03/15/2024,$172.62,121752700,$174.42,72147390,$141.18,49475420,$416.42,45079900,$484.10,29153580,$87.84,642086200,$107.00,9159679,$111.27,38264400,$155.55,20387160,$193.84,9044654,$159.03,11725960,$163.70,9134365,$15.34,12137240,$120.04,17549000,5.52,5.48,5.48,5.41,5.38,5.05,4.72,4.51,4.33,4.33,4.31,4.55,4.43,79.22
03/14/2024,$173.00,72913510,$178.75,43705840,$143.10,42753390,$425.22,34157300,$491.83,12620010,$87.94,602318200,$106.45,8069808,$111.47,22121010,$155.70,9047206,$188.98,3005088,$154.38,3637336,$159.39,3561439,$15.04,8308452,$119.78,7800847,5.52,5.48,5.48,5.42,5.38,5.04,4.68,4.46,4.29,4.3,4.29,4.54,4.44,79.44
03/13/2024,$171.13,52488690,$176.56,30772600,$139.79,23347210,$415.10,17115930,$495.57,12090660,$90.89,635712900,$110.00,7161959,$109.53,17122240,$153.89,8065649,$188.89,3510301,$154.47,4028633,$158.63,4772237,$15.10,9247502,$117.55,7685432,5.52,5.47,5.48,5.41,5.37,5.01,4.61,4.37,4.19,4.2,4.19,4.45,4.35,79.8
03/12/2024,$173.23,59825370,$175.39,36610600,$138.50,27563350,$415.28,22457000,$499.75,15448230,$91.91,668075200,$113.55,6569996,$108.32,14957250,$151.89,6432930,$181.20,2744106,$150.37,2367873,$150.73,2976287,$15.01,9346486,$115.02,5652993,5.52,5.48,5.48,5.41,5.37,5,4.58,4.33,4.15,4.16,4.16,4.42,4.31,78.53
03/11/2024,$172.75,60139470,$171.96,28484780,$137.67,32437770,$404.52,16120750,$483.59,20428270,$85.77,678364100,$115.86,5936758,$109.02,17577290,$152.00,7577064,$181.41,2467307,$149.49,3230904,$150.54,2795394,$15.01,10707050,$115.25,5899335,5.5,5.47,5.48,5.41,5.35,4.95,4.51,4.26,4.08,4.09,4.1,4.36,4.26,77.6
03/08/2024,$170.73,76267040,$175.35,37893240,$135.41,39370390,$406.22,18002190,$505.95,18597060,$87.53,1142269000,$116.25,11015230,$108.38,16281470,$149.88,7528378,$179.55,2513081,$149.34,2398568,$149.53,2085831,$15.03,10285000,$113.00,5227705,5.51,5.48,5.46,5.4,5.34,4.92,4.48,4.25,4.06,4.08,4.09,4.36,4.26,79.64
03/07/2024,$169.00,71765060,$176.82,34063280,$134.38,37738210,$409.14,18718480,$512.19,18586440,$92.67,608119200,$120.50,9644266,$107.37,15195410,$149.37,8739348,$178.97,2726890,$149.21,2947186,$149.03,3613669,$15.19,8148567,$112.74,5097325,5.51,5.48,5.47,5.4,5.34,4.93,4.5,4.28,4.07,4.09,4.09,4.35,4.25,78.89
03/06/2024,$169.12,68587710,$173.51,32090930,$131.40,35318610,$402.09,22344150,$496.09,11757930,$88.70,582520300,$118.50,10569120,$106.77,20472790,$148.33,14692140,$175.18,2483971,$146.77,3210224,$144.44,2885888,$15.15,7566382,$111.99,4888748,5.5,5.47,5.47,5.4,5.35,4.95,4.55,4.32,4.12,4.12,4.11,4.36,4.24,78.72
03/05/2024,$170.12,95132360,$174.12,37228340,$132.67,40194760,$402.65,26919180,$490.22,15325300,$85.96,520639300,$117.75,15019170,$105.64,19952710,$149.59,6985516,$175.17,2777750,$146.10,2886752,$144.31,2678308,$15.02,10226280,$111.22,6246956,5.5,5.47,5.47,5.4,5.35,4.94,4.54,4.32,4.13,4.15,4.13,4.39,4.27,78.72
03/04/2024,$175.10,81510100,$177.58,37381520,$133.35,55999420,$414.92,17595960,$498.19,12324140,$85.24,615616500,$121.78,23835960,$104.36,18137990,$148.88,12503150,$173.75,3154656,$144.26,3479248,$144.70,4296374,$14.90,8463064,$111.64,5877361,5.51,5.49,5.48,5.42,5.37,4.98,4.61,4.39,4.21,4.23,4.22,4.48,4.36,79.65
03/01/2024,$179.66,73563080,$178.22,31981150,$137.14,31151120,$415.50,17823450,$502.30,15884880,$82.28,479135100,$124.59,62169010,$105.84,18460120,$152.81,7459056,$173.21,2763064,$144.20,2063580,$143.28,2003903,$14.98,11418870,$114.24,5094400,5.54,5.49,5.42,5.41,5.27,4.94,4.54,4.32,4.17,4.2,4.19,4.46,4.33,78.47
02/29/2024,$180.75,136682600,$176.76,53805360,$138.46,42132950,$413.64,31947260,$490.13,17732050,$79.11,507289000,$94.66,14317000,$104.52,17566070,$152.01,9334432,$169.23,4548312,$142.51,3370261,$141.46,4222523,$14.64,8281691,$112.54,6623961,5.53,5.5,5.45,5.43,5.3,5.01,4.64,4.43,4.26,4.28,4.25,4.51,4.38,77.09
02/28/2024,$181.42,48953940,$173.16,28180480,$136.38,37328560,$407.72,13183130,$484.02,12715490,$77.66,393110400,$93.25,5909825,$104.32,14810490,$152.34,6715861,$167.16,2605248,$141.24,2594715,$139.21,3895345,$14.53,7766242,$112.04,4578996,5.5,5.51,5.45,5.43,5.31,5,4.64,4.44,4.26,4.28,4.27,4.53,4.4,78.28
02/27/2024,$182.63,54318850,$173.54,31141730,$138.88,33099190,$407.48,14835830,$487.05,10809600,$78.70,391705200,$91.56,5888086,$104.03,16359980,$152.16,15093760,$171.13,2046218,$145.34,2106185,$142.98,3047819,$14.69,8941729,$111.61,5060027,5.5,5.52,5.45,5.47,5.33,5.03,4.7,4.5,4.32,4.34,4.31,4.57,4.44,77.34
02/26/2024,$181.16,40867420,$174.73,44368610,$137.57,53641800,$407.54,16193510,$481.74,12101420,$79.09,503972700,$92.77,8175396,$104.25,13360800,$154.45,6900801,$172.44,2736033,$148.31,2584665,$145.09,3350614,$14.69,10049150,$112.42,5751167,5.5,5.52,5.47,5.47,5.34,5.03,4.69,4.48,4.29,4.32,4.28,4.53,4.4,77.26
02/23/2024,$182.52,45119680,$174.99,59715240,$143.96,19493750,$410.34,16295880,$484.03,18374290,$78.82,829388400,$90.35,6997290,$103.84,15975890,$154.66,6561628,$169.54,1929247,$147.11,2189678,$141.58,2520800,$14.89,9761160,$111.51,5206217,5.49,5.51,5.46,5.46,5.32,5,4.67,4.45,4.28,4.28,4.26,4.51,4.37,76.67
02/22/2024,$184.37,52292210,$174.58,55392350,$144.09,27191890,$411.65,27009870,$486.13,21625810,$78.54,865099700,$87.79,8284115,$104.76,20470670,$155.43,8874924,$167.75,2561453,$146.62,2633683,$139.78,3467779,$14.79,26154160,$112.22,5104996,5.49,5.51,5.45,5.45,5.32,5.02,4.69,4.49,4.33,4.35,4.33,4.58,4.47,74.26
02/21/2024,$182.32,41529670,$168.59,44575620,$142.55,23315690,$402.18,18631070,$468.03,12977050,$67.47,690298100,$81.39,3365285,$104.85,20999190,$155.44,6630084,$166.05,2544250,$143.55,2403109,$137.15,3130527,$14.85,16787800,$112.87,6927935,5.5,5.5,5.44,5.45,5.32,4.98,4.64,4.43,4.3,4.33,4.32,4.59,4.49,73.83
02/20/2024,$181.56,53665550,$167.08,41980330,$141.12,24935710,$402.79,24307920,$471.75,18015520,$69.45,704833100,$82.46,3111062,$102.75,17650010,$154.00,6977945,$164.29,2896213,$141.14,3483203,$135.03,4060549,$14.64,15338500,$109.54,6458274,5.49,5.49,5.44,5.45,5.32,4.97,4.59,4.38,4.25,4.28,4.27,4.56,4.44,73.21
02/16/2024,$182.31,49752470,$169.51,48107740,$140.52,31468930,$404.06,22296500,$473.32,23324620,$72.61,495326600,$84.21,4841750,$103.73,20151430,$154.63,7570220,$170.01,1964333,$143.81,2690099,$139.54,3002131,$14.55,16493120,$110.57,6967785,5.48,5.51,5.44,5.45,5.31,4.98,4.64,4.43,4.29,4.31,4.3,4.58,4.45,74.36
02/15/2024,$183.86,65434500,$169.80,49855200,$142.77,37590700,$406.56,21825530,$484.03,24212330,$72.66,420121800,$82.72,4418498,$103.73,23196310,$154.46,8950304,$171.31,2094962,$146.37,2810921,$141.99,2729935,$14.42,19103470,$111.00,9421885,5.49,5.51,5.43,5.45,5.3,4.93,4.56,4.36,4.22,4.25,4.24,4.54,4.42,76.28
02/14/2024,$184.15,54630520,$170.98,42815540,$145.94,22704170,$409.49,20401190,$473.28,16858400,$73.90,504917400,$86.04,2361315,$100.84,17651250,$151.01,5995064,$169.88,2510050,$145.21,3086691,$141.04,4085272,$14.11,14156510,$110.12,7248447,5.48,5.51,5.43,5.45,5.31,4.94,4.56,4.38,4.25,4.27,4.27,4.57,4.45,78.3
02/13/2024,$185.04,56529530,$168.64,56345120,$145.14,27837730,$406.32,27824940,$460.12,20916600,$72.13,602580200,$83.98,3144457,$101.34,18917430,$150.60,6987058,$169.88,2367017,$145.16,3226333,$141.57,2730542,$13.96,10791430,$109.77,6321089,5.48,5.52,5.45,5.46,5.32,4.99,4.64,4.44,4.31,4.33,4.31,4.59,4.46,77.25
02/12/2024,$187.15,41781930,$172.34,51050440,$147.53,21564090,$415.26,21202920,$468.90,19381960,$72.25,613710200,$86.62,2979121,$103.17,18173060,$152.08,6713003,$168.89,2772276,$144.45,3753922,$142.53,2825184,$14.09,8203534,$111.10,5802121,5.49,5.51,5.43,5.43,5.27,4.87,4.46,4.25,4.13,4.16,4.17,4.48,4.37,78.45
02/09/2024,$188.85,45155220,$174.45,56985990,$149.00,26829500,$420.55,22032840,$468.11,18413140,$72.13,436636900,$86.20,2315688,$101.77,20410510,$151.04,9194458,$169.97,2185905,$145.66,2889143,$143.06,3795009,$13.94,7954278,$111.16,5974069,5.49,5.51,5.44,5.43,5.26,4.86,4.48,4.25,4.14,4.17,4.17,4.48,4.37,77.91
02/08/2024,$188.32,40962050,$169.84,42316450,$145.91,22563760,$414.11,21225260,$470.00,18815100,$69.64,414422100,$84.80,2993875,$103.97,19636900,$154.06,9236968,$169.68,1789584,$146.82,4018737,$141.80,2673483,$13.91,21218500,$113.90,7715527,5.49,5.51,5.44,5.42,5.24,4.83,4.46,4.22,4.12,4.15,4.15,4.47,4.36,75.48
02/07/2024,$189.41,53438960,$170.53,47174060,$145.54,25208860,$414.05,22340530,$469.59,23065990,$70.10,495574600,$83.74,2964177,$102.22,13826830,$152.13,6252041,$169.59,1952417,$146.53,2607825,$141.18,3014906,$13.90,16781150,$112.32,6100714,5.47,5.49,5.43,5.4,5.23,4.83,4.41,4.16,4.06,4.09,4.09,4.41,4.31,74.72
02/06/2024,$189.30,43490760,$169.15,42505520,$144.10,29128200,$405.49,18382620,$454.72,21655210,$68.22,683111400,$82.68,5015052,$102.25,13353290,$152.35,6198841,$166.64,2782990,$145.91,3323376,$137.83,7279776,$13.97,14038250,$111.52,4777831,5.48,5.5,5.44,5.41,5.23,4.82,4.39,4.14,4.03,4.07,4.09,4.39,4.29,75.26
02/05/2024,$187.68,69668820,$170.31,55081300,$143.68,38505410,$405.65,25352290,$459.41,40832380,$69.33,680078000,$85.71,2204220,$101.55,17190890,$152.33,8277776,$171.12,3430280,$147.24,2899768,$140.41,3462507,$14.31,17170030,$109.97,4520460,5.49,5.5,5.42,5.42,5.25,4.87,4.46,4.27,4.13,4.16,4.17,4.46,4.35,73.69
02/02/2024,$185.85,102551700,$171.81,117218300,$142.38,62499570,$411.22,28256670,$474.99,84707650,$66.16,476577700,$86.32,3683936,$101.97,21973410,$152.24,12839060,$166.33,2301106,$145.47,3702262,$137.85,3639739,$14.33,13506130,$110.63,4610163,5.49,5.51,5.43,5.42,5.22,4.81,4.36,4.14,3.99,4.02,4.03,4.33,4.22,74.32
02/01/2024,$186.86,64885410,$159.28,76542420,$141.16,40466550,$403.78,30657730,$394.78,29727050,$63.03,369145800,$85.78,2729313,$102.39,19240690,$147.89,8138669,$167.53,3203733,$145.55,5090493,$138.29,4695308,$14.37,19075460,$111.38,5255188,5.49,5.51,5.42,5.38,5.15,4.68,4.2,3.96,3.8,3.83,3.87,4.21,4.1,72.79
01/31/2024,$184.40,55467800,$155.20,50284370,$140.10,71910040,$397.58,47871100,$390.14,20180820,$61.53,453794900,$82.88,3587173,$102.81,22415290,$147.43,10427970,$165.60,4260362,$144.31,8307882,$138.90,4273480,$14.30,18124940,$111.87,5501432,5.53,5.46,5.42,5.4,5.18,4.73,4.27,4.05,3.91,3.95,3.99,4.34,4.22,72.63
01/30/2024,$188.04,55859370,$159.00,45207430,$151.46,36331830,$408.59,33477610,$400.06,18614730,$62.77,410735300,$84.80,3838911,$104.85,19610930,$150.12,9902881,$169.89,5858732,$142.41,3664664,$141.89,4304129,$14.56,16688140,$114.05,6206541,5.53,5.47,5.42,5.38,5.19,4.8,4.36,4.14,4,4.03,4.06,4.4,4.28,72.63
01/29/2024,$191.73,47145620,$161.26,45270390,$153.51,27784260,$409.72,24510240,$401.02,18742430,$62.47,348733000,$83.41,2710308,$103.13,18317550,$149.08,10494820,$160.14,3124003,$139.09,3099599,$138.38,3464182,$14.53,12547520,$111.60,4705884,5.53,5.46,5.42,5.37,5.19,4.76,4.29,4.1,3.97,4.02,4.08,4.42,4.31,72.94
01/26/2024,$192.42,44594010,$159.12,51047350,$152.19,26115490,$403.93,17803270,$394.14,13159290,$61.03,390308600,$84.22,2927466,$103.00,20817240,$149.14,9151896,$160.52,3248630,$140.22,3389088,$137.91,5285988,$14.46,16093400,$112.23,4155987,5.54,5.45,5.44,5.39,5.19,4.78,4.34,4.15,4.04,4.1,4.15,4.49,4.38,72.15
01/25/2024,$194.17,54822130,$157.75,43638590,$151.87,29149070,$404.87,21021160,$393.18,15091080,$61.62,482776800,$83.04,2723305,$102.13,22089510,$148.57,9773620,$157.27,2912529,$137.65,3167705,$134.46,5293282,$14.28,18969790,$112.05,5958806,5.54,5.48,5.44,5.39,5.19,4.76,4.28,4.12,4.01,4.07,4.14,4.49,4.38,71.57
01/24/2024,$194.50,53631320,$156.87,48547320,$148.70,25233450,$402.56,24866950,$390.70,15604290,$61.36,560270800,$83.71,3637823,$99.60,17330650,$144.92,8100014,$155.10,1850979,$133.67,2649203,$130.15,3140836,$14.07,16053650,$109.67,5331984,5.52,5.44,5.44,5.4,5.22,4.83,4.34,4.19,4.06,4.14,4.18,4.52,4.41,72.43
01/23/2024,$195.18,42355590,$156.02,37986040,$147.04,21636130,$398.90,20525880,$385.20,15506100,$59.87,294654500,$82.43,2673329,$97.91,15863430,$142.09,6767179,$153.97,2601645,$131.11,2309601,$129.11,2883326,$13.94,11489120,$107.99,3969624,5.53,5.46,5.45,5.38,5.21,4.81,4.31,4.16,4.06,4.11,4.14,4.48,4.38,71.06
01/22/2024,$193.89,60133850,$154.78,43687470,$145.99,32200370,$396.51,27016900,$381.78,17680450,$59.65,452954600,$81.14,4248243,$96.82,19955950,$142.49,9184626,$154.44,2661292,$129.66,2307871,$129.12,2903021,$13.88,15926370,$108.06,5740242,5.53,5.47,5.46,5.39,5.22,4.83,4.37,4.14,4.03,4.07,4.11,4.44,4.32,74
01/19/2024,$191.56,68902990,$155.34,51651630,$146.38,34271870,$398.67,29331140,$383.45,21670810,$59.49,543501500,$83.19,9448917,$96.95,20088430,$142.24,11192460,$152.98,2492742,$129.09,2880390,$128.16,2964812,$13.79,11278460,$107.87,5702183,5.54,5.47,5.45,5.39,5.21,4.84,4.39,4.18,4.08,4.12,4.15,4.47,4.36,72.38
01/18/2024,$188.63,78005750,$153.50,37850250,$143.48,25746420,$393.87,23392070,$376.13,16354330,$57.11,491650400,$78.41,3076497,$96.80,20940280,$141.82,11187840,$151.80,2722134,$127.67,2337343,$125.96,2565609,$13.72,15555770,$106.93,6150889,5.53,5.48,5.45,5.39,5.2,4.8,4.34,4.13,4.04,4.1,4.14,4.48,4.37,72.97
01/17/2024,$182.68,47317430,$151.71,34953360,$141.47,20968650,$389.47,22234110,$368.37,12724780,$56.05,474394400,$77.66,4928394,$96.98,18384020,$143.12,8167002,$152.00,2691040,$128.27,2437029,$126.31,2764600,$13.77,12963380,$107.57,4864060,5.54,5.47,5.47,5.4,5.2,4.8,4.34,4.12,4.02,4.07,4.1,4.42,4.31,70.62
01/16/2024,$183.63,65603040,$153.16,41384640,$142.49,22670470,$390.27,27202270,$367.46,15306890,$56.38,449579700,$79.52,4348315,$97.69,20235700,$143.69,9380352,$154.12,3267961,$129.47,3169591,$129.30,3519399,$13.90,13438020,$108.64,6677744,5.54,5.47,5.45,5.37,5.18,4.7,4.22,4.02,3.95,4.01,4.07,4.43,4.3,70.62
01/12/2024,$185.92,40477780,$154.62,40484160,$142.65,18785510,$388.47,21661150,$374.49,19310050,$54.71,352993600,$79.31,4843533,$99.95,18041680,$147.27,9386923,$157.46,2473635,$132.87,2909875,$131.50,3276282,$14.01,9260754,$111.70,5549817,5.55,5.47,5.45,5.37,5.16,4.65,4.14,3.92,3.84,3.91,3.96,4.32,4.2,72.02
01/11/2024,$185.59,49128410,$155.18,49072690,$142.08,24008720,$384.63,27850850,$369.67,17205390,$54.82,596758800,$79.71,4024026,$98.67,15833360,$145.28,8612493,$155.39,2534121,$130.28,3540003,$128.00,2388126,$13.92,14126230,$111.00,4212627,5.54,5.47,5.46,5.38,5.22,4.75,4.26,4.02,3.9,3.95,3.98,4.32,4.18,74.31
01/10/2024,$186.19,46792910,$153.73,44421830,$142.28,21320200,$382.77,25514250,$370.47,22117210,$54.35,533795800,$78.25,3054735,$98.69,18206090,$144.50,8490407,$152.84,2327407,$129.41,3619920,$124.77,2714361,$13.92,10322830,$111.18,4445207,5.53,5.46,5.46,5.39,5.23,4.82,4.37,4.1,3.99,4.01,4.04,4.35,4.2,75.84
01/09/2024,$185.14,42841810,$151.37,43812570,$140.95,24759600,$375.79,20829950,$357.43,13463870,$53.14,773100100,$77.11,4849080,$99.67,19496650,$145.70,11784670,$154.31,2767893,$133.21,2172650,$127.17,2273329,$14.00,10954140,$112.76,5935592,5.53,5.46,5.47,5.38,5.24,4.82,4.36,4.09,3.97,4,4.02,4.33,4.18,75.84
01/08/2024,$185.56,59144470,$149.10,46757050,$138.84,21403980,$374.69,23133970,$358.66,13890220,$52.25,642509900,$79.36,6552446,$100.92,23370130,$149.50,10038190,$156.26,3108221,$133.85,3636586,$129.27,2756528,$13.98,10525580,$114.50,6769837,5.54,5.48,5.49,5.39,5.24,4.82,4.36,4.11,3.97,3.99,4.01,4.33,4.17,73.29
01/05/2024,$181.18,62379660,$145.24,45153150,$135.73,22513850,$367.75,21004580,$351.95,13750910,$49.10,415039300,$75.84,2951058,$102.63,15827390,$150.40,7455430,$152.50,3373870,$135.24,3126499,$129.00,2958153,$13.95,10435200,$116.53,3984668,5.54,5.48,5.47,5.41,5.24,4.84,4.4,4.17,4.02,4.04,4.05,4.37,4.21,73.59
01/04/2024,$181.91,71983570,$144.57,56039810,$136.39,27137740,$367.94,20901500,$347.12,12099900,$48.00,306534900,$75.97,3029462,$102.32,19395150,$150.66,8220280,$153.40,4495841,$135.28,3125400,$130.31,2586462,$13.87,14218690,$116.48,5891538,5.56,5.48,5.48,5.41,5.25,4.85,4.38,4.14,3.97,3.99,3.99,4.3,4.13,73.87
01/03/2024,$184.25,58414460,$148.47,49425500,$138.92,24212150,$370.60,23083470,$344.47,15451130,$47.57,320896200,$76.60,4194296,$103.22,23490780,$152.33,10255280,$157.89,4674164,$135.75,3094793,$133.74,3078014,$14.02,12412650,$119.93,4882068,5.54,5.54,5.48,5.41,5.25,4.81,4.33,4.07,3.9,3.92,3.91,4.21,4.05,73.23
01/02/2024,$185.64,82488670,$149.93,47339420,$138.17,23711220,$370.87,25258630,$346.29,19042150,$48.17,411254200,$74.79,2955102,$102.36,23483050,$149.48,8879710,$152.36,3187634,$134.29,2500499,$130.66,2638194,$13.88,12487020,$117.59,4688408,5.55,5.54,5.46,5.41,5.24,4.8,4.33,4.09,3.93,3.95,3.95,4.25,4.08,72.16
12/29/2023,$192.53,42672150,$151.94,39823200,$139.69,18733020,$376.04,18730840,$353.96,14987090,$49.52,389293300,$76.50,2293493,$99.98,17746410,$149.16,7658638,$148.36,2507120,$133.14,2024084,$130.00,1964013,$13.80,9414379,$116.07,3643582,5.6,5.59,5.4,5.41,5.26,4.79,4.23,4.01,3.84,3.88,3.88,4.2,4.03,71.21
12/28/2023,$193.58,34049900,$153.38,27057000,$140.23,16045710,$375.28,14327010,$358.32,11798810,$49.52,246587500,$76.68,1546653,$100.19,16329250,$149.77,8147993,$146.88,2372470,$132.84,1827485,$130.09,1661194,$13.77,8742542,$116.50,3711359,5.57,5.55,5.45,5.42,5.28,4.82,4.26,4.02,3.83,3.84,3.84,4.14,3.98,69.09
12/27/2023,$193.15,48087680,$153.34,31434730,$140.37,19628620,$374.07,14905410,$357.83,13207930,$49.42,233648000,$77.26,2050387,$101.66,14558830,$151.91,5337244,$149.88,1712705,$134.70,1798972,$131.82,1358141,$13.79,7362618,$118.49,3441412,5.55,5.53,5.44,5.42,5.26,4.79,4.2,3.97,3.78,3.81,3.79,4.1,3.95,68.27
12/26/2023,$193.05,28919310,$153.41,25067220,$141.52,16780330,$374.66,12673050,$354.83,9898614,$49.28,244199500,$77.00,3001170,$102.14,16835140,$152.41,5165588,$152.08,1525456,$135.72,1542454,$133.19,1807112,$13.78,8329430,$119.02,2893651,5.53,5.52,5.45,5.44,5.28,4.83,4.26,4.05,3.89,3.91,3.89,4.2,4.04,70.95
12/22/2023,$193.60,37149570,$153.42,29514090,$141.49,26532200,$374.58,17107480,$353.39,11772780,$48.83,252506800,$75.71,4244001,$101.91,12927830,$151.05,6396080,$150.87,2121418,$134.06,1402176,$132.20,2279046,$13.76,10863440,$117.66,4299453,5.54,5.52,5.44,5.45,5.31,4.82,4.31,4.04,3.87,3.92,3.9,4.21,4.05,69
12/21/2023,$194.68,46482550,$153.84,36305730,$140.42,27488280,$373.54,17708010,$354.09,15289560,$48.99,300425400,$75.32,4381829,$101.73,19250930,$150.71,7264662,$152.66,2064789,$134.29,3235165,$131.92,2977065,$13.79,12442550,$116.83,4149328,5.54,5.53,5.42,5.45,5.31,4.84,4.33,4.06,3.87,3.91,3.89,4.19,4.03,68.98
12/20/2023,$194.83,52242820,$152.12,50322110,$138.34,49107180,$370.62,26316650,$349.28,16369850,$48.11,397894400,$72.42,4336856,$101.27,20988860,$150.25,9369987,$153.63,3166098,$134.07,3365745,$132.54,4492232,$13.72,12308410,$116.69,7767197,5.5,5.49,5.44,5.45,5.33,4.88,4.34,4.06,3.86,3.88,3.86,4.17,3.98,71.95
12/19/2023,$196.94,40714050,$153.79,43171290,$136.65,25476750,$373.26,20603660,$350.36,17729360,$49.60,464444500,$73.53,2684002,$102.99,18904660,$151.64,8738146,$153.77,2584131,$133.80,2873140,$133.60,3741345,$13.87,14894220,$116.49,6379264,5.51,5.51,5.43,5.45,5.35,4.93,4.41,4.15,3.94,3.96,3.93,4.23,4.03,72.73
12/18/2023,$195.89,55751860,$154.07,62512830,$135.80,32257970,$372.65,21802880,$344.62,18993850,$50.08,412587200,$73.37,4810275,$101.65,21610430,$149.68,11561720,$151.81,3307387,$131.30,2987703,$131.92,3621111,$13.85,16701110,$114.90,7000685,5.52,5.52,5.46,5.47,5.36,4.95,4.43,4.15,3.94,3.97,3.95,4.23,4.05,73.7
12/15/2023,$197.57,128538400,$149.97,110089300,$132.60,50847110,$370.73,78502320,$334.92,31776850,$48.89,479947600,$71.62,5539384,$100.90,55527020,$149.35,30850870,$148.38,12266880,$129.87,9648402,$128.57,9641837,$13.71,88401750,$114.54,30860370,5.54,5.54,5.44,5.47,5.33,4.95,4.44,4.13,3.91,3.94,3.91,4.19,4,75.66
12/14/2023,$198.11,66831570,$147.42,58400850,$131.94,38722410,$365.93,43277460,$333.17,19607340,$48.35,391231700,$72.43,7684324,$101.58,26165650,$149.93,14960480,$150.89,3559776,$130.11,4260304,$129.18,4415302,$13.76,19439000,$114.95,11490420,5.54,5.54,5.43,5.45,5.31,4.9,4.37,4.09,3.9,3.93,3.92,4.21,4.03,77.56
12/13/2023,$197.96,70404180,$148.84,52766200,$132.57,30104780,$374.37,30955530,$334.74,16353320,$48.09,447791900,$69.87,4234223,$98.92,19915440,$144.61,10641320,$146.66,3457513,$127.16,3054796,$124.80,4238393,$13.53,16577880,$111.85,8570114,5.52,5.52,5.44,5.45,5.33,4.94,4.46,4.18,4,4.04,4.04,4.36,4.19,76.09
12/12/2023,$194.71,52696900,$147.48,44944260,$132.52,29032830,$374.38,24838250,$334.22,18485460,$47.66,372386900,$69.99,3436413,$98.05,26083960,$142.50,9863867,$143.37,2930267,$125.22,3484854,$120.90,4041742,$13.25,12860420,$111.06,6888838,5.53,5.53,5.46,5.48,5.41,5.14,4.73,4.42,4.23,4.24,4.2,4.48,4.3,74.46
12/11/2023,$193.18,60943700,$145.89,50907290,$133.29,31138010,$371.30,27708760,$325.28,25802460,$46.63,509728100,$69.24,3945464,$99.62,22252250,$144.35,9849572,$143.85,3017797,$126.41,2976836,$123.48,3293457,$13.27,18194450,$112.16,7250110,5.55,5.54,5.47,5.48,5.4,5.14,4.71,4.42,4.25,4.27,4.23,4.51,4.32,74.83
12/08/2023,$195.71,53406360,$147.42,41905970,$134.99,32260110,$374.23,20154370,$332.75,14087350,$47.51,359223700,$68.70,3003413,$99.55,22074950,$144.31,10821740,$143.02,3092155,$125.32,4102731,$122.74,2176131,$13.30,17627720,$112.07,5713905,5.54,5.53,5.44,5.49,5.39,5.13,4.71,4.45,4.24,4.28,4.23,4.49,4.31,
12/07/2023,$194.27,47477660,$146.88,52352830,$136.93,56767100,$370.95,23118860,$326.59,15905080,$46.60,350822600,$68.59,5460703,$98.42,29990730,$142.42,14786740,$141.58,3606635,$124.62,3702197,$122.07,3277746,$13.33,14133920,$110.85,5816770,5.53,5.54,5.44,5.47,5.36,5.05,4.58,4.31,4.11,4.16,4.14,4.42,4.25,76.8
12/06/2023,$192.32,41089740,$144.52,39678960,$130.02,23576180,$368.80,21182070,$317.45,11294340,$45.50,380589600,$67.63,5260180,$99.11,31154790,$142.53,18079680,$143.18,4039855,$125.00,2952137,$122.73,3454113,$13.48,16251390,$110.52,7489627,5.54,5.5,5.45,5.47,5.38,5.07,4.6,4.33,4.12,4.16,4.12,4.4,4.22,78.35
12/05/2023,$193.42,66628400,$146.88,46822410,$130.99,27384780,$372.52,23065040,$318.29,16952130,$46.57,371717600,$69.29,4977393,$100.44,22250250,$142.86,9597632,$148.92,2761282,$127.70,3484550,$125.65,3128594,$13.76,10473480,$113.14,5821399,5.54,5.51,5.45,5.46,5.37,5.06,4.57,4.33,4.14,4.2,4.18,4.48,4.3,78.1
12/04/2023,$189.43,43389520,$144.84,48294240,$129.27,36669880,$369.14,32063310,$320.02,19037080,$45.51,437543400,$69.32,7444068,$102.43,21523940,$144.87,11842830,$151.39,3075239,$128.44,4842966,$126.46,2960032,$13.89,8740471,$114.53,4824795,5.55,5.53,5.46,5.47,5.41,5.1,4.64,4.4,4.23,4.3,4.28,4.61,4.43,76.47
12/01/2023,$191.24,45704820,$147.03,39951830,$131.86,31442260,$374.51,33040470,$324.82,15276380,$46.77,369317000,$71.93,14361160,$102.99,17845280,$144.81,11906550,$151.42,3124568,$129.70,4757297,$126.38,2516478,$13.89,11397460,$115.23,4675800,5.55,5.53,5.43,5.45,5.33,5.05,4.56,4.31,4.14,4.22,4.22,4.58,4.4,73.5
11/30/2023,$189.95,48794370,$146.09,65814020,$132.53,38988260,$378.91,30554420,$327.15,23146390,$46.77,526246600,$75.87,10519940,$102.74,29254690,$143.60,16275960,$149.19,5973467,$128.89,9147416,$125.36,4460737,$13.89,16928690,$115.57,10242740,5.56,5.54,5.45,5.49,5.38,5.16,4.73,4.48,4.31,4.38,4.37,4.72,4.54,77.15
11/29/2023,$189.37,43014220,$146.32,40610910,$134.99,23967220,$378.85,28963400,$332.20,16024500,$48.14,382004700,$75.06,5427845,$102.34,26802090,$143.91,16417140,$147.42,2936142,$122.22,6873919,$124.08,3180533,$13.68,12242400,$113.97,6065301,5.53,5.52,5.45,5.48,5.38,5.12,4.64,4.4,4.22,4.28,4.27,4.62,4.44,78.9
11/28/2023,$190.40,38415420,$147.03,42711680,$137.20,18730030,$382.70,20453110,$338.99,12637250,$47.82,401490900,$74.03,3126675,$103.90,20629510,$145.51,9746540,$149.99,2465065,$118.00,1926431,$125.24,2045460,$13.67,8347721,$114.98,3469209,5.53,5.53,5.47,5.45,5.42,5.21,4.73,4.49,4.29,4.36,4.34,4.7,4.52,78.86
11/27/2023,$189.79,40552610,$147.73,53762430,$136.41,23436530,$378.61,22179230,$334.70,15684450,$48.24,395661900,$74.46,3686196,$103.96,18013520,$144.36,9850831,$150.55,2178824,$118.33,2447213,$125.61,2454979,$13.67,10304660,$114.80,5289707,5.54,5.54,5.49,5.47,5.45,5.24,4.84,4.6,4.38,4.43,4.39,4.72,4.53,
11/24/2023,$189.97,24048340,$146.74,22378380,$136.69,12514320,$377.43,10176650,$338.23,5467488,$47.78,294644600,$74.41,1695892,$104.57,9480768,$144.90,3861030,$149.50,1264258,$118.63,1173601,$124.96,1204878,$13.72,5206660,$115.49,2159208,5.55,5.56,5.54,5.48,5.45,5.27,4.92,4.67,4.49,4.51,4.47,4.79,4.6,76.34
11/22/2023,$191.31,39630010,$146.71,45700000,$138.49,17820460,$377.85,23361180,$341.49,10715180,$48.72,900642300,$74.68,3522211,$104.01,18073240,$144.33,7217065,$149.21,2422667,$118.01,2211968,$125.36,2631263,$13.74,7590010,$114.85,4559075,5.54,5.55,5.54,5.47,5.42,5.26,4.89,4.62,4.44,4.46,4.42,4.73,4.55,77.96
11/21/2023,$190.64,38134490,$143.90,71225990,$136.97,22635270,$373.07,28423150,$336.98,12027860,$49.94,565746900,$73.62,3737309,$104.46,14988980,$144.04,6783311,$147.63,1926801,$117.41,2039391,$123.17,2369905,$13.70,13384890,$115.17,3720155,5.52,5.54,5.53,5.45,5.42,5.24,4.86,4.6,4.41,4.44,4.41,4.75,4.57,81.54
11/20/2023,$191.45,46538610,$146.13,41978770,$136.25,27850760,$377.44,52528960,$339.97,16976130,$50.41,416142600,$73.36,3241972,$104.50,17464020,$144.38,8064012,$148.99,2387198,$118.11,2877278,$124.73,2324620,$13.56,13481170,$115.39,4046639,5.53,5.55,5.54,5.46,5.43,5.25,4.89,4.62,4.44,4.46,4.42,4.74,4.57,81.19
11/17/2023,$189.69,50941400,$145.18,49678440,$135.31,37287690,$369.85,40325370,$335.04,14519210,$49.30,325896900,$73.60,4052671,$104.96,22991820,$144.46,11077900,$147.90,3453121,$116.37,3354387,$124.11,3132772,$13.52,15026000,$114.59,5799107,5.52,5.54,5.5,5.42,5.39,5.24,4.88,4.64,4.45,4.47,4.44,4.8,4.59,83.04
11/16/2023,$189.71,54412920,$142.83,49653510,$136.93,28013180,$376.17,27182320,$334.19,18932570,$49.48,339756200,$72.54,4044292,$102.46,22469070,$141.77,14031350,$145.10,3494230,$113.53,4559639,$121.92,3365841,$13.18,16412830,$111.99,6733326,5.53,5.55,5.51,5.46,5.38,5.23,4.83,4.59,4.43,4.47,4.45,4.82,4.63,81.05
11/15/2023,$188.01,53790500,$143.20,63875720,$134.62,23861520,$369.67,26860100,$332.71,14531180,$48.89,475497400,$72.94,5266956,$103.66,20137560,$145.56,10052080,$150.33,3226651,$115.49,3203544,$126.70,3239145,$13.36,9034093,$115.03,4733260,5.52,5.54,5.53,5.46,5.41,5.27,4.9,4.68,4.52,4.56,4.53,4.87,4.68,81.64
11/14/2023,$187.44,60108380,$145.80,56674550,$133.62,32395180,$370.27,27683860,$336.31,17179400,$49.66,416953900,$73.89,5171966,$104.29,18260520,$145.05,11224350,$150.67,2986441,$115.02,2407969,$126.08,2847491,$13.31,9906609,$115.54,5421704,5.52,5.55,5.52,5.45,5.41,5.24,4.8,4.56,4.42,4.45,4.44,4.8,4.61,83.03
11/13/2023,$184.80,43627520,$142.59,35680570,$132.09,18324750,$366.68,19986510,$329.19,16908950,$48.62,384135700,$73.77,3234680,$104.84,15308380,$144.00,8747672,$146.76,2400900,$114.15,1487894,$124.27,2831893,$13.19,12451660,$115.36,3225900,5.53,5.55,5.55,5.49,5.48,5.37,5.02,4.8,4.66,4.69,4.63,4.95,4.75,86.04
11/10/2023,$186.40,66177920,$143.56,49349940,$132.59,26927830,$369.67,28065160,$328.77,19116920,$48.34,422441600,$73.50,2560282,$103.75,17831340,$142.95,11990410,$145.13,2377760,$113.44,2429424,$122.67,2966380,$13.14,9618457,$115.61,4603092,5.53,5.55,5.53,5.47,5.46,5.38,5.04,4.8,4.65,4.68,4.61,4.93,4.73,83.8
11/09/2023,$182.41,53763540,$140.60,36235370,$130.24,23747770,$360.69,24847330,$320.55,16103070,$46.95,540496000,$72.24,3555690,$102.96,18380540,$141.94,10359500,$141.80,2297464,$110.63,1802213,$119.92,2553262,$13.02,11547330,$114.15,4306290,5.53,5.56,5.54,5.5,5.46,5.39,5.03,4.77,4.65,4.68,4.62,4.97,4.77,86.07
11/08/2023,$182.89,49340280,$142.08,44521660,$131.84,26425850,$363.20,26767830,$319.78,13609700,$46.57,346718900,$72.48,3526275,$102.93,19184070,$142.40,12654140,$143.50,2949816,$111.81,2898607,$121.58,3278182,$13.07,14730540,$114.45,5884491,5.52,5.54,5.54,5.49,5.46,5.34,4.93,4.65,4.51,4.54,4.49,4.82,4.64,84.58
11/07/2023,$181.82,70529970,$142.71,53553540,$130.97,29757280,$360.53,25833930,$318.82,14055610,$45.96,343165500,$71.61,5657491,$104.21,20272490,$144.41,15054580,$146.16,2843250,$113.86,2180700,$123.05,2641455,$13.31,13644160,$115.25,5490996,5.53,5.56,5.55,5.48,5.47,5.33,4.91,4.64,4.53,4.58,4.58,4.91,4.75,85.49
11/06/2023,$179.23,63841310,$139.74,44970420,$130.25,19052740,$356.53,23828300,$315.80,12887700,$45.75,400733400,$71.97,6350272,$105.87,19097270,$147.00,10634160,$149.92,2427680,$116.85,2484723,$125.82,2073056,$13.51,16901740,$118.47,4611040,5.53,5.56,5.56,5.49,5.47,5.33,4.93,4.72,4.6,4.66,4.67,5,4.84,89.12
11/03/2023,$176.65,79829250,$138.60,44059810,$129.10,26393110,$352.80,23637670,$314.60,16764320,$45.01,424609600,$69.51,3924642,$107.78,30555550,$147.61,13159990,$150.78,3275872,$116.79,2524985,$126.43,3297755,$13.66,16727690,$119.75,5935585,5.53,5.56,5.53,5.5,5.45,5.29,4.83,4.62,4.49,4.55,4.57,4.93,4.77,89.35
11/02/2023,$177.57,77334750,$138.07,52236690,$127.49,27124650,$348.32,24348070,$310.87,21631820,$43.51,409171900,$68.65,3747186,$109.11,25212690,$148.76,11099080,$155.77,3828353,$118.12,2566872,$128.96,3569486,$13.64,27661400,$122.02,9068754,5.52,5.56,5.54,5.53,5.5,5.38,4.98,4.78,4.65,4.68,4.67,4.99,4.82,88.35
11/01/2023,$173.97,56934910,$137.00,61529410,$126.45,30082440,$346.07,28158820,$311.85,20434580,$42.33,437592900,$68.67,3407637,$105.64,28984870,$143.98,10819560,$155.21,4023244,$116.09,3343079,$127.73,3741669,$13.15,19117140,$116.67,8350870,5.56,5.55,5.57,5.54,5.51,5.37,4.95,4.76,4.67,4.75,4.77,5.13,4.96,86.66
10/31/2023,$170.77,44846020,$133.09,51589380,$124.08,26292340,$338.11,20265280,$301.27,19434170,$40.78,517968700,$66.91,3114202,$105.85,22185150,$145.73,14261260,$151.25,4139714,$114.07,3618684,$127.00,3914769,$13.15,17451730,$118.80,4504952,5.56,5.57,5.59,5.61,5.54,5.44,5.07,4.9,4.82,4.89,4.88,5.21,5.04,86.65
10/30/2023,$170.29,51130960,$132.71,72485540,$124.46,28940080,$337.31,22828080,$302.66,28435050,$41.16,388028100,$66.43,3741991,$105.88,19379920,$146.09,13857150,$146.86,2949028,$112.44,3194635,$124.24,2925365,$13.15,15203850,$118.14,5830549,5.56,5.57,5.6,5.61,5.53,5.41,5.03,4.87,4.8,4.88,4.88,5.21,5.04,87.67
10/27/2023,$168.22,58499130,$127.74,125309300,$122.17,44566510,$329.81,29856520,$296.73,29596260,$40.50,416784400,$65.96,5273279,$105.55,23092020,$144.35,24524340,$146.00,3524323,$110.93,5214890,$123.56,3674533,$13.11,14927930,$117.80,5312460,5.57,5.57,5.59,5.6,5.55,5.39,4.99,4.84,4.76,4.83,4.84,5.19,5.03,82.87
10/26/2023,$166.89,70625260,$119.57,100419500,$122.28,57061140,$327.89,37828540,$288.35,66684140,$40.33,541001300,$64.51,4406117,$107.60,18768290,$154.75,10830420,$148.06,2929297,$110.10,3517855,$125.36,3992585,$13.57,17311370,$118.31,6066469,5.57,5.57,5.59,5.6,5.55,5.39,5.02,4.89,4.79,4.86,4.86,5.19,5.01,83.7
10/25/2023,$171.10,57156960,$121.39,74577540,$125.61,84366210,$340.67,55053830,$299.53,42192470,$41.78,398379200,$66.34,4581168,$108.59,22047320,$155.87,10502370,$147.35,2479483,$110.74,2581248,$126.86,3056167,$13.69,12853660,$120.41,5010668,5.56,5.57,5.59,5.61,5.57,5.43,5.08,4.98,4.89,4.98,4.95,5.27,5.09,85.89
10/24/2023,$173.44,43816640,$128.56,46477360,$138.81,44814320,$330.53,31153570,$312.55,19525490,$43.66,401463400,$66.95,4078472,$108.39,16786110,$156.65,17689940,$148.63,1759134,$111.93,2331660,$128.80,2913443,$13.75,13190330,$119.95,4664482,5.57,5.57,5.58,5.6,5.57,5.41,5.02,4.91,4.82,4.86,4.83,5.15,4.96,
10/23/2023,$173.00,55980110,$126.56,48259950,$136.50,26317930,$329.32,24374750,$314.01,17796790,$42.98,478530500,$65.54,2945050,$109.45,18184950,$160.68,16232380,$149.45,2422736,$113.05,2463535,$130.73,2748975,$13.78,17909160,$121.34,5969409,5.57,5.57,5.58,5.59,5.56,5.42,5.05,4.89,4.81,4.87,4.86,5.19,5.01,82.83
10/20/2023,$172.88,64244030,$125.17,56406410,$135.60,26335670,$326.67,25027720,$308.65,22312280,$41.39,477266100,$65.91,4617030,$111.08,22445270,$166.83,7458286,$150.86,2478896,$113.54,2667169,$131.18,3075851,$14.00,9847453,$124.06,5289405,5.56,5.56,5.58,5.61,5.54,5.41,5.07,4.93,4.86,4.93,4.93,5.27,5.09,82.3
10/19/2023,$175.46,59302860,$128.40,60961360,$137.75,26066010,$331.32,25052070,$312.81,18709160,$42.10,501233100,$67.03,4750767,$113.02,20972490,$169.10,6580157,$152.84,1906622,$115.19,2091534,$132.42,2998627,$14.03,11674920,$126.38,4491345,5.58,5.57,5.6,5.62,5.56,5.44,5.14,5.01,4.95,5,4.98,5.3,5.11,84.32
10/18/2023,$175.84,54764380,$128.13,42699480,$137.96,23375000,$330.11,23153600,$316.97,16851000,$42.20,627294300,$66.89,3434594,$112.95,23380270,$168.92,6893452,$153.99,2215720,$116.25,3249740,$134.03,3780419,$13.93,9161642,$126.59,4781897,5.57,5.56,5.61,5.62,5.58,5.47,5.19,5.03,4.92,4.95,4.91,5.2,5,89.26
10/17/2023,$177.15,57549350,$131.47,49344550,$139.72,23515780,$332.06,18338520,$324.00,16387800,$43.94,812332700,$67.90,4220108,$111.39,19775440,$167.59,7538316,$151.34,1991376,$113.91,2471913,$130.72,2277867,$13.84,10419400,$125.46,4213810,5.58,5.58,5.62,5.64,5.6,5.48,5.19,5.01,4.86,4.88,4.83,5.14,4.94,88.81
10/16/2023,$178.72,52516980,$132.55,42832920,$139.10,28501870,$332.64,22158050,$321.15,16536110,$46.10,375099200,$67.76,5387491,$109.95,18452000,$165.40,5445954,$150.75,2406882,$111.78,2750191,$129.20,2851978,$13.90,11653400,$125.31,3769643,5.57,5.58,5.61,5.63,5.58,5.42,5.09,4.87,4.72,4.74,4.71,5.06,4.87,90.77
10/13/2023,$178.85,51456080,$129.79,45824690,$137.36,23435600,$327.73,21085700,$314.69,21360790,$45.46,475426000,$68.04,4635966,$109.87,30290330,$164.06,8044677,$148.20,2568781,$110.60,3393245,$126.05,3826148,$13.83,11474010,$124.86,5592376,5.6,5.58,5.62,5.62,5.57,5.41,5.04,4.8,4.65,4.66,4.63,4.97,4.78,91.65
10/12/2023,$180.71,56743120,$132.33,55528580,$138.97,24765540,$331.16,19313100,$324.16,20530520,$46.95,481325000,$69.05,4301745,$106.47,31182960,$161.23,7396969,$147.59,2773972,$110.75,1976849,$126.23,3961728,$13.77,8023469,$121.11,3859459,5.61,5.59,5.63,5.63,5.58,5.43,5.06,4.82,4.69,4.73,4.7,5.05,4.86,93.67
10/11/2023,$179.80,47551100,$131.83,40741840,$140.55,25884300,$332.42,20063250,$327.82,22036300,$46.81,378136900,$70.34,5088644,$106.49,57939020,$161.10,12570720,$148.52,2825130,$112.13,2035924,$129.60,3012255,$13.76,9100717,$120.04,7300713,5.58,5.59,5.61,5.63,5.56,5.38,4.99,4.73,4.59,4.61,4.58,4.92,4.73,91.43
10/10/2023,$178.39,43698020,$129.48,42178620,$138.06,27786610,$328.39,20557090,$321.84,19037970,$45.80,368582100,$67.98,8039459,$110.45,13891950,$166.54,6512874,$148.91,2946415,$112.39,2662275,$130.21,3998884,$13.81,7935220,$120.39,5705550,5.6,5.61,5.61,5.63,5.57,5.37,4.96,4.74,4.62,4.66,4.66,5.03,4.85,89.68
10/09/2023,$178.99,42390770,$128.26,38773740,$138.42,19278070,$329.82,19891180,$318.36,22503660,$45.27,409674700,$67.18,6012462,$110.92,22369890,$166.72,8183490,$146.57,3353953,$111.21,2769837,$126.95,3798919,$13.69,10080420,$121.82,6532807,5.6,5.61,5.61,5.63,5.57,5.37,4.96,4.74,4.62,4.66,4.66,5.03,4.85,90
10/06/2023,$177.49,57266680,$127.96,46836700,$137.58,27597600,$327.26,25673630,$315.43,21803860,$45.76,434436000,$66.41,8053994,$107.17,25367470,$162.23,10190410,$143.18,3372115,$109.19,2625538,$126.53,2829540,$13.46,10007820,$115.33,4209663,5.59,5.6,5.63,5.64,5.59,5.43,5.08,4.87,4.75,4.79,4.78,5.13,4.95,89.56
10/05/2023,$174.91,48527920,$125.96,39660640,$135.07,19832620,$319.36,16965630,$304.79,19129960,$44.69,393483100,$66.19,7329844,$108.99,20128780,$163.90,8073048,$142.28,4003717,$109.48,3206047,$127.48,3399518,$13.36,10350320,$113.42,4070087,5.57,5.59,5.61,5.62,5.56,5.39,5.03,4.82,4.68,4.73,4.72,5.06,4.89,89.2
10/04/2023,$173.66,53020290,$127.00,44203870,$135.24,26752300,$318.96,20720140,$305.58,16880480,$44.04,361820900,$67.20,6075271,$111.50,19622230,$163.04,9664693,$141.89,5777650,$110.49,4464181,$128.67,4097008,$13.34,17627220,$113.33,7287593,5.56,5.58,5.61,5.62,5.57,5.42,5.05,4.85,4.72,4.75,4.73,5.05,4.87,91.16
10/03/2023,$172.40,49594610,$124.72,51564990,$132.43,22989400,$313.39,21033490,$300.94,17362250,$43.52,470849500,$67.24,4329670,$115.83,13297060,$166.93,6168626,$147.27,3734171,$115.63,2988368,$133.58,5762095,$13.55,16255510,$117.60,4162818,5.55,5.6,5.62,5.62,5.58,5.49,5.15,4.95,4.8,4.84,4.81,5.13,4.95,91.47
10/02/2023,$173.75,52164540,$129.46,48029740,$134.17,22288040,$321.80,20570010,$306.82,16265570,$44.78,433298200,$67.70,3902534,$115.63,14395000,$166.54,6839611,$150.02,3986903,$119.02,2445763,$138.09,4109678,$13.78,17022320,$117.10,4769473,5.56,5.6,5.62,5.62,5.58,5.49,5.12,4.88,4.72,4.73,4.69,5,4.81,90.83
09/29/2023,$171.21,51861080,$127.12,62411730,$130.86,30859790,$315.75,24147300,$300.21,25373700,$43.50,397829900,$68.90,6379819,$117.58,18813570,$168.62,7396096,$151.34,3331172,$120.15,2841901,$141.71,4302381,$14.03,14724220,$119.80,5308920,5.55,5.6,5.55,5.61,5.53,5.46,5.03,4.8,4.6,4.61,4.59,4.92,4.73,90.13
09/28/2023,$170.69,56294420,$125.98,54554970,$132.31,22513130,$313.64,19683560,$303.96,22167080,$43.09,424662800,$68.50,3375091,$119.47,16808120,$170.59,7151760,$154.43,2994709,$123.38,3294259,$147.18,3587272,$14.02,18305070,$122.72,3964642,5.56,5.61,5.56,5.61,5.53,5.46,5.04,4.83,4.62,4.63,4.59,4.9,4.71,88.59
09/27/2023,$170.43,66921810,$125.98,66553450,$130.54,22746450,$312.79,19410080,$297.74,36429840,$42.47,444935200,$67.95,5517393,$120.20,23976160,$171.04,9124395,$152.43,2709848,$120.80,2793805,$143.95,3643911,$13.95,17224730,$123.09,5364088,5.54,5.59,5.58,5.62,5.53,5.49,5.1,4.89,4.67,4.69,4.61,4.91,4.73,88.87
09/26/2023,$171.96,64588950,$125.98,73048210,$128.57,25718700,$312.14,26297570,$298.96,19417160,$41.91,402282100,$68.93,3214382,$116.41,11805430,$167.80,5659200,$151.02,3004875,$119.42,2350834,$141.58,4936809,$13.86,14293880,$120.14,5204548,5.54,5.58,5.58,5.61,5.53,5.45,5.04,4.84,4.62,4.62,4.56,4.86,4.7,87.3
09/25/2023,$176.08,46172740,$131.27,46017830,$131.11,20094640,$317.54,17835960,$300.83,18987010,$42.22,419091000,$70.03,3643708,$116.23,11316010,$168.71,5509956,$154.20,2123802,$120.26,2499087,$146.54,3241861,$14.01,19853270,$121.07,3291260,5.54,5.58,5.58,5.6,5.52,5.45,5.09,4.83,4.62,4.61,4.55,4.84,4.67,87.51
09/22/2023,$174.79,56725390,$129.12,59904350,$130.25,26397340,$317.01,21447890,$299.08,25369590,$41.61,479236300,$70.05,4495031,$114.94,13200210,$166.28,5965497,$153.46,2809267,$118.58,2427225,$145.27,4114807,$13.82,31389800,$119.16,3641227,5.52,5.58,5.56,5.61,5.52,5.46,5.1,4.8,4.57,4.53,4.44,4.7,4.53,86.87
09/21/2023,$173.93,63149120,$129.33,70343340,$130.44,31503910,$319.53,35560360,$295.73,21319580,$41.02,450736000,$68.44,3924650,$114.76,14409640,$165.19,7150432,$154.77,4152762,$119.94,2732189,$146.30,6814025,$13.71,13572660,$119.07,4470852,5.52,5.57,5.57,5.61,5.52,5.46,5.12,4.85,4.61,4.57,4.49,4.74,4.56,87.55
09/20/2023,$175.49,58436180,$135.29,46263720,$133.74,29927480,$320.77,21436530,$299.67,19379520,$42.24,367107700,$68.94,3091710,$116.40,11883210,$166.69,5942108,$152.67,2540202,$120.07,2491645,$142.97,3720415,$13.90,14834580,$121.17,3444949,5.53,5.57,5.56,5.61,5.51,5.47,5.12,4.82,4.52,4.46,4.35,4.57,4.4,86.74
09/19/2023,$179.07,51826940,$137.63,61482470,$138.04,20353650,$328.65,16514490,$305.07,15931620,$43.52,373064200,$69.90,3844194,$117.33,12569720,$167.20,6617029,$152.15,4508270,$120.22,2970167,$142.66,4568950,$13.82,9223734,$123.16,4193297,5.53,5.56,5.54,5.59,5.51,5.45,5.08,4.79,4.51,4.47,4.37,4.6,4.43,86.74
09/18/2023,$177.97,67257570,$139.98,42823480,$138.21,21861350,$329.06,16834210,$302.55,14234160,$43.97,500270800,$69.15,3527363,$117.64,14045310,$167.22,7027558,$156.34,3003576,$122.45,2237463,$146.28,4418418,$13.77,10298270,$124.48,4945258,5.53,5.56,5.55,5.6,5.51,5.44,5.05,4.74,4.46,4.41,4.32,4.57,4.4,85.52
09/15/2023,$175.01,109259500,$140.39,102909300,$137.40,38919610,$330.22,37679790,$300.31,28131140,$43.90,506830500,$69.29,6093460,$116.70,34568390,$166.50,17439740,$153.81,11636400,$121.03,9312919,$143.68,8067973,$13.59,10758870,$123.57,12440960,5.51,5.56,5.56,5.6,5.49,5.43,5.02,4.72,4.45,4.41,4.33,4.59,4.42,83.55
09/14/2023,$175.74,60895760,$144.72,64033610,$138.10,24750970,$338.70,20267050,$311.72,19343100,$45.58,370097200,$71.16,5116847,$118.52,15210700,$167.23,8822822,$156.19,3526417,$122.97,2526293,$145.95,3737702,$13.57,16086230,$124.50,4686211,5.52,5.57,5.55,5.59,5.5,5.42,5,4.68,4.42,4.38,4.29,4.57,4.39,81.64
09/13/2023,$174.21,84267930,$144.85,60465180,$136.71,20749500,$336.06,16544410,$305.06,13210920,$45.49,398355400,$70.45,2801459,$116.44,13472800,$166.20,5759464,$155.48,3177277,$123.17,2779402,$145.48,3185010,$13.54,9848055,$122.31,3879694,5.53,5.56,5.55,5.6,5.51,5.42,4.96,4.64,4.39,4.34,4.25,4.52,4.34,81.14
09/12/2023,$176.30,90370190,$141.23,42668450,$135.34,18405510,$331.77,17565480,$301.66,13480400,$44.87,349256300,$70.73,4782518,$117.49,20145760,$166.81,7521146,$155.83,2841342,$124.28,4229642,$146.26,4273891,$13.66,9695628,$123.08,4486691,5.52,5.56,5.56,5.58,5.53,5.42,4.98,4.66,4.41,4.36,4.27,4.54,4.35,80.65
09/11/2023,$179.36,58953050,$143.10,56764530,$136.92,20763350,$337.94,16583320,$307.56,19489330,$45.18,473965600,$72.16,7449202,$114.16,14383560,$163.76,7155050,$154.07,3803002,$122.34,3105436,$143.74,5554923,$13.60,10555640,$120.44,4294523,5.52,5.56,5.55,5.58,5.51,5.4,4.97,4.64,4.4,4.37,4.29,4.56,4.37,80.47
09/08/2023,$178.18,65602070,$138.23,38365930,$136.38,23584190,$334.27,19548170,$297.89,17572200,$45.57,473899900,$70.50,5550484,$115.61,14286480,$167.21,7435923,$155.31,4432247,$122.23,4711697,$142.06,5147053,$13.76,10202630,$122.72,4368399,5.52,5.56,5.55,5.6,5.49,5.42,4.98,4.68,4.39,4.35,4.26,4.52,4.33,79.52
09/07/2023,$177.56,112488800,$137.85,48498910,$135.26,18844340,$329.91,18381000,$298.67,33748740,$46.24,433329900,$68.98,7649325,$113.95,13248540,$166.64,7925879,$150.89,3641548,$118.75,3348859,$136.25,3691544,$13.70,14262100,$121.71,3504089,5.52,5.56,5.53,5.59,5.5,5.4,4.94,4.66,4.38,4.35,4.27,4.55,4.36,78.91
09/06/2023,$182.91,81755820,$135.36,41785510,$134.46,18684530,$332.88,17535770,$299.17,15418090,$47.06,468669600,$70.47,7585616,$114.51,13325540,$166.63,7195549,$147.89,2593758,$116.64,1764173,$134.03,3163409,$13.50,12650720,$123.07,4664053,5.52,5.55,5.55,5.6,5.52,5.44,5.01,4.73,4.44,4.39,4.3,4.56,4.37,80.25
09/05/2023,$189.70,45280030,$137.27,40636740,$135.77,19403110,$333.55,18553860,$300.15,14955990,$48.55,382652600,$68.10,9466373,$113.53,18304010,$166.46,9755844,$147.02,3080889,$116.74,2326951,$133.12,2997563,$13.78,11538450,$122.83,5785711,5.51,5.56,5.55,5.59,5.51,5.42,4.94,4.65,4.37,4.35,4.27,4.56,4.38,80.71
09/01/2023,$189.46,45766500,$138.12,40991540,$135.66,21543690,$328.66,14942020,$296.38,12842260,$48.51,463830300,$68.19,32070500,$113.52,14843480,$164.30,6663003,$145.96,3027739,$117.17,2787680,$133.58,2999619,$13.62,8994389,$122.14,6398268,5.51,5.55,5.53,5.58,5.47,5.36,4.87,4.57,4.29,4.27,4.18,4.48,4.29,80.43
08/31/2023,$187.87,60794470,$138.01,58781310,$136.17,30053800,$327.76,26410950,$295.89,17229870,$49.36,528569800,$56.24,7050346,$111.19,17479830,$161.10,7003681,$142.77,5114721,$114.16,3086357,$129.90,4154274,$13.47,9046206,$119.03,4395692,5.52,5.55,5.56,5.61,5.48,5.37,4.85,4.54,4.23,4.19,4.09,4.39,4.2,79.4
08/30/2023,$187.65,60813890,$135.07,36137020,$135.88,28315770,$328.79,15222110,$295.10,17717020,$49.26,735206000,$55.69,6340577,$110.88,11922060,$160.18,5534892,$143.14,2539327,$113.65,2113438,$131.45,3167882,$13.55,9250100,$118.70,2847501,5.55,5.53,5.56,5.6,5.51,5.39,4.9,4.57,4.27,4.22,4.12,4.42,4.23,81.06
08/29/2023,$184.12,53003950,$134.91,38646090,$134.57,43075560,$328.41,19284590,$297.99,20844520,$48.78,701397000,$56.50,4939372,$109.81,9665010,$159.96,5374765,$143.27,2673603,$112.69,1933180,$131.39,3041769,$13.52,13435850,$117.66,3213683,5.54,5.53,5.56,5.57,5.52,5.37,4.87,4.56,4.26,4.21,4.12,4.42,4.23,82.5
08/28/2023,$180.19,43820700,$133.14,34108410,$131.01,20543270,$323.70,14808480,$290.26,14239290,$46.84,685192200,$57.19,3252569,$109.16,10382120,$160.21,4386082,$143.03,2520439,$113.13,1702264,$131.60,2680112,$13.41,15743880,$117.52,2821634,5.56,5.53,5.58,5.6,5.56,5.44,4.98,4.69,4.38,4.32,4.2,4.48,4.29,83.17
08/25/2023,$178.61,51449590,$133.26,44147450,$129.88,26762890,$322.98,21684100,$285.50,23701440,$46.02,925340500,$56.21,2680980,$108.25,13579300,$159.12,5291847,$143.98,4481147,$113.89,2262140,$133.12,5167228,$13.16,12859170,$116.52,3710368,5.56,5.53,5.61,5.59,5.61,5.44,5.03,4.72,4.44,4.37,4.25,4.5,4.3,82.81
08/24/2023,$176.38,54945800,$131.84,43646250,$129.78,28500690,$319.97,23281430,$286.75,18360880,$47.16,1156044000,$56.71,3925955,$106.35,10818480,$157.94,5989609,$143.60,2888155,$112.39,1713642,$129.46,2764701,$12.94,9989202,$114.80,3538524,5.55,5.53,5.58,5.57,5.59,5.39,4.98,4.69,4.39,4.34,4.23,4.49,4.3,84.35
08/23/2023,$181.12,52722750,$135.52,42801040,$132.37,27819710,$327.00,21166380,$294.24,18287000,$47.12,779046100,$56.83,2643684,$107.15,11435550,$159.25,4975570,$143.25,3645632,$112.26,2027553,$129.37,4025780,$12.96,11893100,$115.81,3136727,5.54,5.53,5.57,5.56,5.55,5.35,4.95,4.64,4.36,4.3,4.19,4.46,4.27,82.94
08/22/2023,$177.23,42084250,$134.25,32935100,$129.08,22067520,$322.46,16102020,$287.60,12999910,$45.67,757206900,$55.80,2188497,$108.10,10520840,$159.04,6081658,$142.95,2330386,$112.94,2220777,$130.89,2563838,$12.97,9982744,$116.15,3195938,5.54,5.53,5.57,5.55,5.57,5.39,5.02,4.75,4.49,4.44,4.34,4.61,4.42,81.94
08/21/2023,$175.84,46311880,$134.68,41442480,$128.37,25248730,$321.88,24039960,$289.90,20181480,$46.97,692573400,$56.05,4076048,$108.71,11092380,$160.36,6802337,$142.85,3495318,$113.33,2662829,$131.16,3734002,$13.00,12568440,$117.21,3271628,5.55,5.53,5.57,5.55,5.58,5.37,4.97,4.7,4.46,4.42,4.34,4.64,4.45,82.76
08/18/2023,$174.49,61172150,$133.22,48497700,$127.46,30504770,$316.48,24755010,$283.25,35347930,$43.30,583767900,$54.93,2324635,$110.04,16223950,$160.90,5999190,$144.62,3154528,$114.24,4896486,$133.58,3012091,$13.00,10321890,$117.29,4267613,5.53,5.52,5.55,5.54,5.52,5.35,4.92,4.63,4.38,4.34,4.26,4.55,4.38,81.56
08/17/2023,$174.00,66062880,$133.98,48354090,$129.92,33446280,$316.88,21257160,$285.09,23950090,$43.34,452394800,$54.86,3966952,$108.40,16709540,$159.75,8270458,$142.49,3351405,$113.59,4704415,$132.02,3311057,$12.90,14856770,$116.73,4044801,5.55,5.52,5.56,5.54,5.53,5.36,4.94,4.67,4.42,4.38,4.3,4.58,4.41,79.5
08/16/2023,$176.57,46964860,$135.07,41675900,$128.70,25216070,$320.40,20698860,$294.29,18547740,$43.49,527450700,$55.22,1834689,$106.34,13695120,$158.63,7920458,$141.40,3623316,$113.27,3904400,$130.94,3502729,$12.77,19967040,$114.64,3767199,5.52,5.53,5.56,5.54,5.54,5.37,4.97,4.68,4.42,4.37,4.28,4.55,4.38,81.37
08/15/2023,$177.45,43622590,$137.67,42781520,$129.78,19770730,$321.86,16966290,$301.95,11623610,$43.94,676511500,$55.73,2279395,$108.16,14909580,$159.24,7876471,$142.62,5569512,$113.43,5087597,$131.14,4969614,$12.56,11578260,$115.51,4214904,5.53,5.52,5.56,5.51,5.55,5.36,4.92,4.64,4.36,4.31,4.21,4.49,4.32,81.8
08/14/2023,$179.46,43675630,$140.57,47148700,$131.33,24695610,$324.04,18836140,$306.19,15641920,$43.75,690285800,$56.76,2253876,$111.92,12973380,$164.03,6060083,$148.54,3440252,$114.67,3044005,$136.50,3410307,$12.72,10404530,$117.69,4252439,5.55,5.52,5.56,5.53,5.56,5.37,4.96,4.64,4.36,4.29,4.19,4.46,4.29,80.55
08/11/2023,$177.79,52036670,$138.41,42905830,$129.56,19591080,$321.01,24355490,$301.64,14046250,$40.86,533085300,$56.84,3118060,$111.83,14047040,$164.15,6682611,$149.75,4395957,$116.64,2558962,$139.06,3420638,$12.76,12956330,$117.81,3771611,5.54,5.51,5.54,5.54,5.52,5.36,4.89,4.56,4.31,4.26,4.16,4.45,4.27,80.17
08/10/2023,$177.97,54686850,$138.56,58928400,$129.69,20857750,$322.93,20113730,$305.74,14358900,$42.39,492705300,$56.00,3189129,$110.12,15837170,$160.83,8647064,$145.28,4137326,$114.67,2587861,$134.86,3738741,$13.07,16747960,$115.83,3589283,5.55,5.52,5.54,5.53,5.52,5.33,4.82,4.47,4.21,4.17,4.09,4.41,4.24,79.11
08/09/2023,$178.19,60378490,$137.85,50017350,$129.66,24912920,$322.23,22373270,$305.21,19955780,$42.55,586449100,$56.57,2754278,$109.56,19919600,$159.86,10531480,$144.05,4779251,$114.42,3864782,$133.95,3898036,$12.98,16491250,$116.44,4818826,5.51,5.52,5.55,5.34,5.54,5.35,4.79,4.41,4.12,4.07,4,4.33,4.18,79.76
08/08/2023,$179.80,67823000,$139.94,51710500,$131.40,23535180,$326.05,22327570,$312.64,15183530,$44.66,353843400,$57.58,8257969,$107.73,14065570,$159.65,6451267,$141.78,4232336,$112.68,2865139,$131.34,4119026,$12.88,14137680,$115.59,4281335,5.54,5.53,5.57,5.52,5.53,5.35,4.74,4.36,4.1,4.06,4.02,4.35,4.2,78.81
08/07/2023,$178.85,97576070,$142.22,71213110,$131.53,22746290,$330.11,17741530,$316.56,16236500,$45.42,322153500,$54.57,2738380,$107.20,12410830,$159.89,13927390,$140.00,4106494,$111.44,2982091,$129.29,3045800,$12.94,13785910,$114.48,3635136,5.54,5.51,5.56,5.53,5.53,5.3,4.76,4.44,4.16,4.13,4.09,4.42,4.27,77.06
08/04/2023,$181.99,115956800,$139.57,153128500,$128.11,26147160,$327.78,23741480,$310.73,17612760,$44.68,362666200,$53.24,2533645,$107.42,14279630,$159.31,10185370,$137.95,3483599,$110.48,2650599,$126.89,2665089,$12.75,19094620,$113.71,6928850,5.54,5.51,5.54,5.52,5.5,5.33,4.78,4.45,4.15,4.1,4.05,4.36,4.21,75.65
08/03/2023,$191.17,62243280,$128.91,91163740,$128.45,20159530,$326.66,18360350,$313.19,15215420,$44.52,325076600,$53.51,2615546,$107.12,16283110,$159.67,6682224,$136.22,3719515,$110.41,3512340,$125.60,3446500,$12.84,27379600,$114.99,7289530,5.54,5.52,5.54,5.53,5.52,5.37,4.9,4.58,4.3,4.26,4.2,4.49,4.32,75.4
08/02/2023,$192.58,50389330,$128.21,51027610,$128.38,26273260,$327.50,27761260,$314.31,20461090,$44.27,530141600,$52.95,2789083,$105.29,13489810,$159.73,7071269,$135.87,4479106,$108.99,4888063,$126.31,4190656,$13.14,14932340,$115.59,4577833,5.48,5.53,5.53,5.54,5.52,5.36,4.88,4.54,4.24,4.17,4.08,4.35,4.17,75.76
08/01/2023,$195.61,35281430,$131.69,42298930,$131.55,23276440,$336.34,18381250,$322.71,22889870,$46.51,239276000,$53.37,3681357,$106.62,14212940,$162.30,7534939,$134.94,3491881,$112.11,2695397,$128.77,3353219,$13.28,11395290,$117.38,3309684,5.49,5.54,5.54,5.57,5.54,5.38,4.92,4.57,4.24,4.15,4.05,4.3,4.11,74.17
07/31/2023,$196.45,38824110,$133.68,41901520,$132.72,28055530,$335.92,25446020,$318.60,25799600,$46.73,251055300,$52.92,3865564,$107.24,24200300,$163.66,13062490,$133.02,4066578,$111.55,3801275,$128.91,4360181,$13.29,11954600,$117.72,4126075,5.48,5.54,5.55,5.56,5.53,5.37,4.88,4.51,4.18,4.08,3.97,4.22,4.02,75.44
07/28/2023,$195.83,48291440,$132.21,46317380,$132.58,36591160,$338.37,28484870,$325.48,39220270,$46.75,331194200,$52.61,4748122,$104.16,17571680,$158.87,6546464,$131.83,2559231,$110.35,2141474,$129.07,2958961,$13.25,8160519,$115.93,3142166,5.47,5.54,5.52,5.57,5.54,5.37,4.87,4.52,4.18,4.08,3.96,4.22,4.03,76.86
07/27/2023,$193.22,47460180,$128.25,52610660,$129.40,44952070,$330.72,39635260,$311.71,64229170,$45.90,455975500,$53.71,2957525,$105.42,17677890,$159.66,6470137,$129.58,3027169,$108.89,2925876,$125.47,4422618,$13.14,8511831,$115.78,4568487,5.47,5.55,5.51,5.58,5.56,5.4,4.91,4.58,4.24,4.13,4.01,4.26,4.06,75.77
07/26/2023,$194.50,47471870,$128.15,53910090,$129.27,61682090,$337.77,58383700,$298.57,47256930,$45.45,364237300,$53.92,1931326,$105.09,15159620,$161.34,6056366,$130.35,2863703,$109.59,2687565,$126.18,3849501,$13.16,9701792,$116.83,4006263,5.46,5.53,5.51,5.57,5.55,5.37,4.82,4.47,4.09,3.99,3.86,4.12,3.94,74.87
07/25/2023,$193.62,37283200,$129.13,39236660,$122.21,52509550,$350.98,41637740,$294.47,19585580,$45.68,348080900,$54.37,2395580,$105.68,14116080,$162.56,6767564,$128.61,2994903,$107.71,2744836,$124.54,3398231,$13.21,9701622,$116.18,3664667,5.46,5.54,5.51,5.55,5.57,5.38,4.85,4.53,4.15,4.05,3.91,4.14,3.95,73.05
07/24/2023,$192.75,45505100,$128.80,45671540,$121.53,29723670,$345.11,26719210,$291.61,24949410,$44.61,383099700,$53.73,2937705,$105.52,15090860,$161.82,9722057,$128.39,3079649,$106.85,3691802,$125.71,4398075,$13.28,9769756,$114.72,3999564,5.44,5.54,5.51,5.55,5.55,5.38,4.81,4.48,4.13,4,3.86,4.11,3.92,73.91
07/21/2023,$191.94,71951680,$130.00,133307300,$120.02,71606470,$343.77,69405380,$294.26,42139260,$44.31,963768600,$53.56,2875677,$103.89,17121490,$158.69,8760132,$125.82,2587371,$105.73,2711753,$122.99,3556638,$13.15,8529568,$112.89,4957130,5.43,5.54,5.5,5.54,5.53,5.35,4.82,4.44,4.09,3.97,3.84,4.1,3.91,71.76
07/20/2023,$193.13,59581200,$129.96,59820580,$119.20,37906760,$346.87,33778400,$302.52,23836880,$45.52,537864500,$53.60,3414902,$103.41,15740200,$156.40,5866574,$124.25,3143068,$104.05,2520486,$120.73,3947242,$13.20,7327941,$111.69,6702271,5.44,5.53,5.49,5.54,5.52,5.35,4.8,4.43,4.08,3.98,3.85,4.1,3.91,71.78
07/19/2023,$195.10,80507320,$135.36,54531040,$122.03,37224030,$355.08,39732900,$316.01,21763690,$47.08,427501800,$54.30,3292656,$101.62,15556540,$154.69,5653115,$122.11,2883244,$102.46,3052143,$118.02,2797306,$13.18,5458444,$109.48,5408236,5.37,5.51,5.49,5.54,5.51,5.32,4.74,4.34,3.98,3.87,3.75,4.01,3.84,71.78
07/18/2023,$193.73,48353770,$132.83,54969130,$123.76,26226450,$359.49,64872710,$312.05,20764580,$47.49,570190400,$53.83,5677942,$100.92,24617800,$153.75,6798680,$119.43,2314149,$101.16,2367543,$115.42,2858729,$13.11,9132639,$108.75,4396928,5.37,5.5,5.49,5.53,5.51,5.32,4.74,4.35,4,3.9,3.8,4.08,3.91,69.71
07/17/2023,$193.99,50520160,$133.56,48450200,$124.65,25716220,$345.73,20363930,$310.62,25323130,$46.46,510488200,$54.70,4146549,$101.38,18055850,$153.44,4353317,$118.13,2117325,$99.04,3078258,$113.71,2968663,$12.97,9647526,$106.44,4082279,5.37,5.51,5.49,5.53,5.52,5.33,4.74,4.34,4.02,3.91,3.81,4.1,3.94,70.66
07/14/2023,$190.69,41616240,$134.68,54487090,$125.42,33283080,$345.24,28352730,$308.87,23054110,$45.47,772075300,$55.42,4227961,$100.94,28181920,$153.58,7065664,$118.41,2007451,$100.46,2865206,$113.48,2335397,$12.90,15183470,$107.09,4738178,5.37,5.49,5.49,5.53,5.52,5.34,4.74,4.35,4.04,3.94,3.83,4.11,3.93,69.85
07/13/2023,$190.54,41342340,$134.30,61170880,$124.54,44297920,$342.66,20567160,$313.41,30280970,$45.98,478203700,$55.64,5375814,$104.54,26826840,$157.51,8143855,$119.92,2374533,$102.58,2886437,$115.51,2966115,$13.03,14448620,$110.55,6054896,5.37,5.5,5.47,5.51,5.49,5.27,4.59,4.21,3.93,3.85,3.76,4.07,3.9,69.54
07/12/2023,$189.77,60750250,$130.80,54022850,$118.93,30404410,$337.20,29995260,$309.34,36677130,$43.90,481277000,$54.17,5882103,$106.49,13238240,$159.64,6463957,$119.96,2395668,$101.96,2374181,$115.04,3032903,$12.99,13100420,$109.31,6229243,5.36,5.49,5.47,5.52,5.53,5.35,4.72,4.36,4.07,3.97,3.86,4.14,3.96,67.68
07/11/2023,$188.08,46638120,$128.78,49951460,$117.14,23078780,$332.47,26698220,$298.29,27585920,$42.41,298244100,$55.74,4597127,$105.97,12581080,$158.12,5061517,$120.01,2652589,$101.52,3060825,$115.95,3683352,$12.95,13900190,$107.44,5648842,5.35,5.48,5.49,5.53,5.55,5.44,4.88,4.52,4.24,4.13,3.99,4.22,4.03,69.09
07/10/2023,$188.61,59922160,$127.13,61889290,$116.45,35315240,$331.83,32791450,$294.10,37058310,$42.18,353908100,$54.87,3238466,$104.69,14877620,$155.25,5167916,$117.84,2582577,$100.33,3785248,$112.61,4199291,$12.84,8525629,$104.35,6405872,5.34,5.47,5.48,5.53,5.54,5.38,4.85,4.54,4.25,4.14,4.01,4.24,4.05,68.91
07/07/2023,$190.68,46815000,$129.78,41992250,$119.48,21709550,$337.22,21214820,$290.53,25585980,$42.50,355881500,$53.53,5404221,$103.16,21929160,$154.22,6602217,$118.02,4147642,$99.44,5340880,$114.88,4587860,$12.75,8812697,$103.23,7393100,5.32,5.47,5.46,5.52,5.53,5.41,4.94,4.64,4.35,4.23,4.06,4.27,4.05,69.22
07/06/2023,$191.81,45156010,$128.36,40697850,$120.11,24778800,$341.27,28195530,$291.99,47733830,$42.10,304138800,$53.80,3596194,$102.92,17964880,$152.88,9206088,$113.34,3084863,$95.40,4693913,$113.46,4178251,$12.80,5949539,$100.34,6005673,5.32,5.47,5.46,5.52,5.54,5.44,4.99,4.68,4.37,4.22,4.05,4.23,4.01,72.55
07/05/2023,$191.33,46920260,$130.38,35895410,$121.75,27584810,$338.15,18172380,$294.37,33865460,$42.32,323617600,$54.21,2639962,$106.91,12491210,$156.31,6320294,$116.21,2777208,$96.13,3854909,$116.75,2753291,$12.84,7132589,$104.02,4155100,5.28,5.38,5.44,5.51,5.52,5.4,4.94,4.59,4.25,4.11,3.95,4.17,3.95,70.94
07/03/2023,$192.46,31346600,$130.22,27939570,$119.90,14442850,$337.99,12484240,$286.02,8608555,$42.41,197754100,$54.61,1828579,$107.46,7396992,$157.21,3272586,$117.54,1537197,$95.66,1348799,$117.43,1466093,$12.85,3776700,$104.23,2233953,5.27,5.4,5.44,5.52,5.53,5.43,4.94,4.56,4.19,4.03,3.86,4.08,3.87,71.81
06/30/2023,$193.97,85213220,$130.36,54350680,$119.70,29532240,$340.54,26832760,$286.98,19694870,$42.30,501147800,$54.11,5182432,$107.25,13544660,$157.35,6346777,$116.60,2654569,$95.38,2574225,$117.30,2975707,$12.70,10177140,$103.61,6999955,5.24,5.39,5.43,5.5,5.47,5.4,4.87,4.49,4.13,3.97,3.81,4.06,3.85,70.61
06/29/2023,$189.59,46347310,$127.90,40760960,$119.10,24090900,$335.05,16997040,$281.53,15395690,$40.82,380514300,$53.10,4033421,$106.70,11364440,$156.24,5633479,$116.34,2324891,$94.53,2254388,$116.61,2272785,$12.77,5660967,$103.06,4260450,5.25,5.4,5.46,5.51,5.5,5.41,4.87,4.49,4.14,3.99,3.85,4.11,3.92,68.22
06/28/2023,$189.25,51216800,$129.04,52149510,$120.18,27091450,$335.85,20259520,$285.29,16722120,$41.12,582639300,$51.77,2946842,$105.40,13084060,$154.92,5773828,$115.10,2514752,$93.40,2574060,$115.69,2506083,$12.74,7262947,$102.51,5462975,5.17,5.32,5.44,5.49,5.47,5.32,4.71,4.32,3.97,3.83,3.71,4,3.81,69.39
06/27/2023,$188.06,50730850,$129.18,46801010,$118.33,39535940,$334.57,24354110,$287.05,26108260,$41.88,462174700,$51.39,3496000,$104.55,13227490,$153.53,6581662,$113.98,2341864,$92.57,3763977,$115.35,3740683,$12.64,8095821,$100.79,3816967,5.17,5.31,5.44,5.44,5.46,5.33,4.74,4.38,4.02,3.9,3.77,4.03,3.84,67.08
06/26/2023,$185.27,48088660,$127.33,59989320,$118.34,33969900,$328.60,21520580,$278.47,24232650,$40.63,594321900,$51.32,3404548,$104.29,14283410,$154.01,7371817,$113.04,2352059,$91.52,2846011,$112.99,3152491,$12.60,9068375,$101.31,4361047,5.17,5.31,5.5,5.44,5.45,5.27,4.65,4.3,3.96,3.85,3.72,4.01,3.83,70.16
06/23/2023,$186.68,53117000,$129.33,71927780,$122.34,34913640,$335.02,23146900,$288.73,51092040,$42.21,358139800,$50.87,18291800,$102.40,17933600,$151.35,15172660,$111.64,3536104,$90.86,4192024,$111.30,5722529,$12.50,10915220,$100.46,7148968,5.17,5.3,5.41,5.44,5.41,5.25,4.71,4.32,3.99,3.88,3.74,4.01,3.82,71.28
06/22/2023,$187.00,51245330,$130.15,90354570,$123.15,26952250,$339.71,23556760,$284.88,17563060,$43.03,417737400,$51.28,6326781,$103.30,12458810,$152.64,7089588,$111.42,2911860,$90.81,3516093,$110.39,3122330,$12.67,9207063,$101.43,4967926,5.18,5.31,5.4,5.44,5.41,5.29,4.77,4.37,4.03,3.92,3.8,4.06,3.88,72.52
06/21/2023,$183.96,49515700,$124.83,52137670,$120.55,30306340,$333.56,25117800,$281.64,20556170,$43.05,551602900,$50.06,5943345,$103.87,13285740,$154.88,7328152,$112.00,2943570,$93.28,2902845,$111.62,3776246,$12.78,12131930,$103.70,6477538,5.16,5.27,5.4,5.44,5.41,5.25,4.68,4.29,3.95,3.84,3.72,3.99,3.81,71.71
06/20/2023,$185.01,49799090,$125.78,56930120,$123.10,26097490,$338.05,26375410,$284.33,20701590,$43.81,451153100,$49.33,4213507,$102.72,17519380,$153.68,10443230,$110.94,3816636,$93.48,3274828,$110.96,4058161,$12.75,8496166,$102.03,8590745,5.17,5.26,5.39,5.39,5.41,5.24,4.68,4.29,3.96,3.85,3.74,4.01,3.83,72.14
06/16/2023,$184.92,101256200,$125.49,84247100,$123.53,45535550,$342.33,46551990,$281.00,43127730,$42.69,655709400,$49.67,9363258,$105.13,43128870,$157.26,22875220,$113.29,10770600,$97.13,4965113,$114.21,9938997,$12.82,9323720,$104.92,9928380,5.18,5.27,5.34,5.38,5.35,5.24,4.7,4.32,3.99,3.88,3.77,4.05,3.86,70.09
06/15/2023,$186.01,65433170,$127.11,60458470,$125.09,35246270,$348.10,38899080,$281.83,25973460,$42.65,568622000,$50.20,3216611,$105.89,16224120,$158.28,7705434,$113.83,3240412,$97.02,2123043,$114.03,3873663,$12.84,8284210,$104.15,4614623,5.18,5.25,5.33,5.37,5.33,5.21,4.62,4.23,3.91,3.82,3.72,4.02,3.85,68.11
06/14/2023,$183.95,57462880,$126.42,52422460,$123.67,30592300,$337.34,26003790,$273.35,19175070,$43.00,740465000,$49.38,4013664,$105.16,16627680,$157.09,7721057,$111.64,3152402,$95.70,2297510,$111.83,3399708,$12.65,10268880,$102.67,4915283,5.18,5.25,5.36,5.37,5.36,5.27,4.74,4.37,4.06,3.95,3.83,4.09,3.9,69.45
06/13/2023,$183.31,54929130,$126.66,50564790,$123.83,22278310,$334.29,22951280,$271.32,16164020,$41.02,613208200,$48.80,2805666,$106.44,13533780,$158.51,7660771,$112.50,3174993,$96.88,2733415,$113.08,3710032,$12.67,7070906,$103.41,4904282,5.19,5.24,5.36,5.37,5.36,5.26,4.67,4.3,4.01,3.94,3.84,4.12,3.94,69.45
06/12/2023,$183.79,54755000,$126.57,51473380,$123.64,28338740,$331.85,24306750,$271.05,15471700,$39.48,389673400,$48.07,3596854,$106.42,14115160,$157.33,7162092,$112.37,3063778,$96.78,2884111,$113.08,4114018,$12.61,9902696,$102.82,6049836,5.24,5.31,5.4,5.43,5.38,5.18,4.55,4.16,3.89,3.82,3.73,4.04,3.87,72.35
06/09/2023,$180.96,48899970,$123.43,51396020,$122.23,23778320,$326.79,22528950,$264.95,16949790,$38.77,427717500,$47.61,3293572,$107.39,12252530,$158.86,6669832,$113.01,2699216,$98.76,3247747,$113.39,3143687,$12.74,10064180,$103.89,4086562,5.25,5.32,5.37,5.45,5.39,5.17,4.59,4.23,3.92,3.84,3.75,4.05,3.89,71.68
06/08/2023,$180.57,50214880,$124.25,62159270,$122.14,29389170,$325.26,23277710,$264.58,20899360,$38.51,417772400,$47.89,3976290,$108.19,13517920,$159.24,7142908,$112.43,3811942,$99.14,3653791,$112.44,5158750,$12.89,9435100,$104.54,5232512,5.25,5.29,5.38,5.42,5.39,5.12,4.52,4.17,3.87,3.8,3.73,4.05,3.89,74.37
06/07/2023,$177.82,61944620,$121.23,95663280,$122.50,52538990,$323.38,40717130,$263.60,26163630,$37.48,511997900,$47.66,4095959,$108.53,16027090,$159.83,9900022,$114.12,4090925,$101.05,3871062,$113.52,5141089,$12.90,10924040,$104.81,4827718,5.07,5.26,5.42,5.42,5.43,5.16,4.56,4.21,3.93,3.88,3.79,4.12,3.95,72.87
06/06/2023,$179.21,64848370,$126.61,45695210,$127.31,26638300,$333.68,20396220,$271.12,19419010,$38.65,388729100,$46.85,5466201,$106.15,12209770,$155.79,6176434,$109.03,2949632,$96.82,2888028,$109.27,3894949,$12.91,7428966,$101.94,3622436,5.15,5.26,5.44,5.44,5.44,5.2,4.51,4.15,3.85,3.78,3.7,4.02,3.87,71.81
06/05/2023,$179.58,121946500,$125.30,47950130,$126.01,32305530,$335.94,21307050,$271.39,20742950,$39.17,396093800,$45.48,5765686,$105.29,10628000,$155.51,6443842,$108.69,2744741,$96.02,2996096,$107.39,3946068,$12.89,5828837,$102.07,5154045,5.25,5.35,5.46,5.47,5.46,5.17,4.46,4.1,3.82,3.77,3.69,4.03,3.89,71.57
06/02/2023,$180.95,61996910,$124.25,61264410,$124.67,26980150,$335.40,25873770,$272.61,19416930,$39.33,482731200,$47.27,7914735,$105.76,14112040,$156.26,9464262,$108.91,3627588,$97.03,4658623,$109.27,4709591,$12.88,11102930,$102.35,4958494,5.28,5.39,5.5,5.52,5.5,5.22,4.5,4.13,3.84,3.78,3.69,4.03,3.88,71.82
06/01/2023,$180.09,68901810,$122.77,54375130,$123.72,30772680,$332.58,26773850,$272.61,25609510,$39.77,635873000,$45.46,14458270,$103.36,13551940,$152.16,9887729,$105.87,4180028,$93.05,3100970,$105.93,5241697,$12.60,7634906,$99.53,5857807,5.3,5.39,5.5,5.5,5.44,5.11,4.33,3.98,3.7,3.66,3.61,3.98,3.84,72.78
05/31/2023,$177.25,99625290,$120.58,72800790,$122.87,37325790,$328.39,45950550,$264.72,25473690,$37.83,1002580000,$44.81,9937448,$102.18,24926120,$150.62,13346440,$104.91,12831940,$91.61,4851674,$107.04,11087040,$12.40,8956394,$99.30,22757260,5.28,5.37,5.52,5.53,5.46,5.18,4.4,4.04,3.74,3.69,3.64,4.01,3.85,70.85
05/30/2023,$177.30,55964400,$121.66,64314810,$123.67,35076660,$331.21,29503070,$262.52,23816480,$40.11,923401100,$47.32,5464420,$104.04,11938030,$153.12,7814766,$107.79,4101954,$93.59,2943571,$111.66,3515336,$12.49,9932334,$101.20,6721927,5.31,5.31,5.55,5.54,5.52,5.22,4.46,4.1,3.81,3.75,3.69,4.06,3.9,71.07
05/26/2023,$175.43,54834980,$120.11,96779890,$124.61,35635940,$332.89,36630630,$262.04,25768660,$38.95,714396800,$48.51,4297112,$104.97,12370330,$154.08,7736203,$108.81,3479350,$94.91,2442781,$113.82,3087459,$12.65,8693305,$101.85,5709469,6.02,5.47,5.34,5.55,5.44,5.25,4.54,4.23,3.92,3.86,3.8,4.13,3.96,70.81
05/25/2023,$172.99,56058260,$115.00,66496680,$123.48,42316990,$325.92,43301740,$252.69,22371440,$37.98,1543911000,$48.08,4081727,$105.66,14316460,$154.56,7037671,$109.52,3897612,$95.14,3091753,$113.18,4426948,$12.73,8808905,$101.69,4952048,5.95,5.44,5.38,5.55,5.46,5.24,4.5,4.21,3.9,3.86,3.83,4.16,4.01,72.53
05/24/2023,$171.84,45143490,$116.75,63487940,$120.90,34182640,$313.85,23384890,$249.21,17724340,$30.54,721418500,$45.91,3230722,$107.59,16340290,$157.27,7063999,$110.54,3699126,$96.56,2780433,$114.79,4179174,$12.80,6537707,$103.98,5141870,5.73,5.22,5.37,5.52,5.42,5.12,4.31,4.04,3.75,3.76,3.73,4.1,3.97,73.68
05/23/2023,$171.56,50747260,$114.99,67576260,$122.56,34046250,$315.26,30797170,$246.74,17748120,$30.69,356253300,$46.35,4141058,$106.40,14394440,$156.85,10436210,$109.92,3982028,$95.64,3113670,$112.50,5606652,$12.76,11166340,$104.39,5415899,5.67,5.26,5.34,5.42,5.39,5.06,4.26,3.99,3.76,3.73,3.7,4.08,3.96,73.13
05/22/2023,$174.20,43570930,$115.01,70741120,$125.05,35253030,$321.18,24115660,$248.32,27738480,$31.18,371999700,$47.54,3805579,$104.97,12882000,$152.44,11660950,$110.63,3000281,$95.56,2398058,$112.79,3819493,$12.73,13233020,$103.73,5561913,5.69,5.35,5.4,5.5,5.43,5.07,4.29,3.98,3.77,3.74,3.72,4.09,3.97,71.32
05/19/2023,$175.16,55809480,$116.25,55056310,$122.76,41353450,$318.34,27546700,$245.64,21733580,$31.26,473907700,$47.75,5111045,$106.26,13359630,$155.23,8100946,$110.31,2325541,$94.94,3206527,$111.27,3708266,$12.76,6278986,$102.60,6068181,5.62,5.27,5.29,5.46,5.36,5.02,4.28,3.98,3.76,3.74,3.7,4.07,3.95,68.52
05/18/2023,$175.05,65496660,$118.15,73174090,$122.83,35234230,$318.52,27275990,$246.85,22943300,$31.68,748725000,$47.12,3923440,$105.77,12005610,$154.01,7477698,$110.98,3359306,$96.28,4404978,$111.55,4692252,$12.72,10004850,$100.74,5503403,5.59,5.22,5.31,5.43,5.38,5.02,4.24,3.94,3.69,3.67,3.65,4.02,3.91,68.62
05/17/2023,$172.69,57951600,$115.50,65655180,$120.84,33323590,$314.00,24315010,$242.49,21193080,$30.18,432535400,$45.85,2404596,$104.82,14064740,$155.71,6169555,$110.63,3730626,$94.79,3408562,$112.10,4231438,$12.53,9024509,$100.71,5013660,5.5,5.06,5.26,5.36,5.3,4.92,4.12,3.8,3.58,3.58,3.57,3.96,3.88,71.71
05/16/2023,$172.07,42110290,$113.40,71472910,$119.51,45035560,$311.74,26730350,$238.82,18163770,$29.21,449404900,$45.38,3910213,$102.52,14800200,$153.51,7009079,$106.75,4514762,$91.89,4390724,$109.64,4956126,$12.46,11534900,$98.07,4822389,5.58,4.98,5.23,5.24,5.26,4.88,4.06,3.74,3.52,3.53,3.54,3.96,3.87,75.65
05/15/2023,$172.07,37266660,$111.20,53011150,$116.51,36266770,$309.46,16336550,$238.86,20653230,$28.95,293925900,$44.93,2996359,$105.07,13715580,$157.20,5096748,$110.63,3937735,$94.22,3344012,$112.91,4611965,$12.51,13349470,$100.29,5838070,5.64,4.97,5.21,5.26,5.24,4.73,3.99,3.67,3.46,3.48,3.5,3.92,3.84,76.78
05/12/2023,$172.57,45533140,$110.26,49852670,$117.51,41102330,$308.97,19774700,$233.81,16161450,$28.34,274222300,$44.76,2397273,$105.78,12613250,$156.62,4898904,$109.88,3260415,$93.22,2776955,$110.52,3526776,$12.32,8373262,$99.43,5004431,5.79,4.87,5.25,5.27,5.16,4.75,3.98,3.65,3.45,3.45,3.46,3.87,3.78,74.77
05/11/2023,$173.75,49514680,$112.18,74924840,$116.57,78900030,$310.11,31680180,$235.79,20448990,$28.58,322149000,$44.70,3737472,$105.79,17165900,$156.22,6666132,$110.10,3579495,$93.40,3428605,$110.66,4411430,$12.34,7408575,$99.89,5671717,5.81,4.82,5.2,5.23,5.14,4.7,3.89,3.56,3.36,3.37,3.39,3.82,3.73,74.33
05/10/2023,$173.56,53724500,$110.19,78627620,$111.75,63153370,$312.31,30078040,$233.08,19119010,$28.89,369350000,$45.83,3062185,$107.74,14884790,$157.09,6161227,$111.72,5078448,$94.23,3323817,$111.01,6454130,$12.45,7074399,$100.47,5285881,5.5,4.99,5.24,5.24,5.13,4.7,3.9,3.55,3.37,3.4,3.43,3.88,3.8,77.05
05/09/2023,$171.77,45326870,$106.62,44089360,$107.35,36360140,$307.00,21340830,$233.37,16865590,$28.57,314869500,$45.98,3220612,$109.14,11370770,$159.12,5019809,$110.94,5638008,$93.98,3274214,$108.40,4146013,$12.50,12535950,$101.53,4896149,5.56,5.16,5.29,5.27,5.18,4.81,4.01,3.67,3.51,3.51,3.53,3.94,3.85,78.64
05/08/2023,$173.50,55962790,$105.83,49430910,$107.77,26511450,$308.65,21318610,$233.27,16400530,$29.15,344978900,$46.02,3888001,$109.11,11187750,$159.58,5028202,$108.71,4440937,$93.96,3352863,$107.38,3179997,$12.33,8989096,$100.90,5058854,5.51,5.17,5.31,5.26,5.14,4.79,4,3.7,3.49,3.5,3.52,3.92,3.84,77.86
05/05/2023,$173.57,113453200,$105.66,56951740,$105.57,26639250,$310.65,28197050,$232.78,27000480,$28.68,361494100,$45.39,3699659,$108.68,14968200,$160.21,5801986,$106.90,4351117,$93.44,2720782,$107.04,3872185,$12.36,13296880,$100.37,5566846,5.59,5.23,5.26,5.26,5.13,4.73,3.92,3.63,3.41,3.41,3.44,3.85,3.76,77.27
05/04/2023,$165.79,81235430,$104.00,45345520,$104.69,23419510,$305.41,22519910,$233.52,17889390,$27.56,321850400,$44.18,3549730,$106.04,17177150,$156.22,7500368,$105.06,7334114,$92.31,4619484,$104.31,5083917,$12.61,15437900,$97.36,6840031,5.76,5.24,5.26,5.23,5.04,4.59,3.75,3.47,3.29,3.32,3.37,3.8,3.73,79.18
05/03/2023,$167.45,65136020,$103.65,65051930,$105.41,21795410,$304.40,22360750,$237.03,34463860,$27.80,383387400,$45.16,5124861,$107.93,16212340,$156.83,7538057,$110.07,6635083,$95.95,6286041,$107.06,4871926,$12.66,15148100,$96.09,9085109,4.7,5.33,5.26,5.25,5.08,4.7,3.89,3.58,3.37,3.37,3.38,3.79,3.7,80.85
05/02/2023,$168.54,48425700,$103.63,73469350,$105.32,30997250,$305.41,26404430,$239.24,24350150,$28.21,402729600,$44.76,6777968,$110.10,24324100,$160.04,10701670,$116.97,5342436,$94.73,4207234,$110.78,4598310,$12.69,16880950,$98.64,8100082,4.56,5.33,5.24,5.19,5.06,4.74,3.97,3.67,3.46,3.44,3.44,3.82,3.72,80.93
05/01/2023,$169.59,52472940,$102.05,74728100,$107.20,26681680,$305.56,21294120,$243.18,29143910,$28.91,570328500,$43.82,4516203,$114.67,17354990,$167.24,6099800,$122.46,4173223,$98.40,2546587,$115.41,3054252,$12.91,12632080,$102.53,3644944,4.49,5.17,5.27,5.22,5.14,4.86,4.14,3.85,3.64,3.62,3.59,3.95,3.84,82.58
04/28/2023,$169.68,55275850,$105.45,130715900,$107.34,36139850,$307.26,36469610,$240.32,39554040,$27.75,292216100,$43.49,3792385,$118.34,24381950,$168.58,10036290,$122.00,5342330,$99.00,2710485,$114.67,4042843,$12.88,10366140,$102.89,6638223,4.35,5.14,5.1,5.2,5.06,4.8,4.04,3.75,3.51,3.49,3.44,3.8,3.67,82.16
04/27/2023,$168.41,64902330,$109.82,149961200,$107.59,50089190,$304.83,46462640,$238.56,71196530,$27.23,377161200,$42.80,2988541,$116.83,16279190,$166.95,6417225,$121.43,4610790,$97.74,3132762,$114.64,7742723,$12.79,10035600,$101.23,4196680,4.27,5.13,5.18,5.21,5.05,4.78,4.07,3.82,3.6,3.57,3.53,3.88,3.76,83.26
04/26/2023,$163.76,45498800,$104.98,73803790,$103.71,53347560,$295.37,64599180,$209.40,41992730,$26.96,406336800,$41.67,2501488,$115.45,15566090,$165.98,5927431,$122.53,3425211,$99.27,2716070,$116.64,5711833,$12.48,6977685,$100.47,4295136,3.91,5.07,5.16,5.17,5,4.64,3.9,3.65,3.46,3.45,3.43,3.81,3.7,81.54
04/25/2023,$163.77,48714060,$102.57,65026820,$103.85,46664100,$275.42,45772240,$207.55,19198180,$26.24,378527200,$41.71,2395956,$116.52,12179830,$168.99,5807244,$123.15,2884934,$99.32,2738676,$117.85,4058270,$12.53,8784925,$102.09,5355812,4.11,5.05,5.12,5.11,4.98,4.6,3.86,3.62,3.43,3.42,3.4,3.77,3.65,79.79
04/24/2023,$165.33,41949580,$106.21,69575610,$105.97,23542830,$281.77,26611010,$212.79,15750920,$27.04,339281900,$42.68,2814398,$118.20,15831310,$171.48,7177576,$126.51,4208145,$100.69,2897956,$120.00,5268600,$12.69,8279211,$103.65,5215951,3.54,5.09,5.2,5.15,5.06,4.76,4.12,3.84,3.6,3.56,3.52,3.85,3.73,
04/21/2023,$165.02,58337340,$106.96,86774190,$105.41,25800080,$285.76,21676390,$212.89,17717170,$27.12,345102800,$43.11,4905007,$116.01,14315330,$169.12,7179013,$123.53,3256262,$100.15,3111024,$119.63,6644645,$12.77,5665675,$102.26,5279044,3.36,4.98,5.14,5.19,5.07,4.78,4.17,3.89,3.66,3.62,3.57,3.9,3.78,80.7
04/20/2023,$166.65,52456380,$103.81,57696870,$105.29,27820790,$286.11,23244360,$213.07,16475440,$27.10,427713300,$42.92,4489175,$115.64,17038750,$169.85,5851104,$125.69,3061131,$101.25,3784393,$122.95,3966550,$12.67,6181584,$103.78,5351734,3.4,5.04,5.12,5.17,5.06,4.77,4.14,3.87,3.63,3.59,3.54,3.87,3.75,80.69
04/19/2023,$167.63,47720170,$104.30,58398890,$104.18,20905680,$288.45,17150270,$215.70,15898080,$27.93,358660400,$43.83,7267044,$116.57,10682610,$170.68,5506770,$126.39,3835562,$103.06,3676839,$124.40,4409216,$12.68,8829077,$105.26,4717450,3.95,5.03,5.16,5.22,5.1,4.84,4.24,3.97,3.71,3.66,3.6,3.9,3.79,80.7
04/18/2023,$166.47,49923010,$102.30,39790520,$104.50,26596450,$288.37,20161850,$217.89,12280980,$27.67,604811500,$45.50,9277745,$116.94,17436140,$170.52,8045627,$129.06,2960612,$104.31,2932417,$127.11,3827964,$12.91,6471937,$104.95,7745310,3.89,5.04,5.2,5.19,5.09,4.81,4.19,3.92,3.69,3.63,3.58,3.91,3.79,80.4
04/17/2023,$165.23,41516220,$102.74,39919460,$105.97,37571220,$288.80,23836220,$218.86,15481870,$27.00,321471300,$43.93,6329647,$114.70,13260350,$170.92,7005985,$129.30,2875349,$103.92,3326842,$128.30,3525909,$12.88,7517815,$105.61,6278847,4.09,5.04,5.21,5.24,5.07,4.8,4.18,3.92,3.69,3.64,3.6,3.92,3.81,75.68
04/14/2023,$165.21,49386480,$102.51,51450520,$108.87,26578000,$286.14,20987920,$221.49,21591210,$26.76,395660100,$43.28,7116928,$116.05,11530830,$172.44,4930721,$130.78,2402720,$106.26,2111466,$131.86,2463365,$12.84,4999355,$108.50,5052162,4.29,4.98,5.14,5.16,5.03,4.77,4.08,3.83,3.6,3.56,3.52,3.85,3.74,74.32
04/13/2023,$165.56,68445650,$102.40,67925140,$107.43,24843580,$289.84,24222680,$220.35,23310360,$26.46,353615300,$42.65,4411866,$115.77,12399650,$172.09,6856568,$130.48,2495423,$106.27,2765358,$133.13,3223081,$12.76,6068837,$109.04,7160126,4.08,4.96,5.1,5.1,4.95,4.66,3.96,3.7,3.51,3.48,3.45,3.8,3.69,72.95
04/12/2023,$160.10,50133060,$97.83,56735010,$104.64,24370270,$283.49,27403430,$214.00,18972170,$26.50,446259000,$41.87,3519191,$115.23,10919020,$169.82,6157875,$130.22,2411924,$106.03,3192466,$133.72,2968706,$12.62,5286305,$107.53,8108154,4.27,4.89,5.02,5.1,4.98,4.64,3.95,3.68,3.46,3.43,3.41,3.75,3.64,73.12
04/11/2023,$160.80,47644220,$99.92,60417850,$105.35,26311800,$282.83,27276590,$213.85,16710100,$27.17,314378200,$41.60,2897808,$115.35,11758460,$169.22,5469592,$132.19,2582925,$106.46,2484051,$136.71,2476263,$12.56,9861158,$106.75,4812163,4.27,4.89,5.04,5.06,4.99,4.67,4.03,3.76,3.54,3.48,3.43,3.75,3.62,72.87
04/10/2023,$162.03,47716880,$102.17,37261190,$106.44,27067360,$289.39,23102990,$214.75,16106070,$27.58,395278600,$41.43,3470222,$114.54,13006550,$168.29,5923503,$131.24,2765901,$104.96,2887785,$135.10,2369600,$12.51,6674797,$105.95,4374681,4.53,4.89,5.08,5.08,4.98,4.65,4,3.75,3.52,3.47,3.41,3.74,3.62,69.22
04/06/2023,$164.66,45390120,$102.06,43808020,$108.42,48711480,$291.60,29770330,$216.10,26104410,$27.04,397654300,$40.23,2186483,$115.05,15777960,$167.65,5803168,$128.68,3280091,$102.84,3808311,$132.59,3170466,$12.51,9591856,$106.26,5087830,4.57,4.85,4.91,4.98,4.93,4.51,3.82,3.59,3.37,3.34,3.3,3.66,3.54,70.71
04/05/2023,$163.76,51511740,$101.10,45175390,$104.47,28290500,$284.34,22064770,$211.48,19396630,$26.88,515014700,$40.80,3046654,$116.99,16479470,$169.88,6478114,$132.71,6391331,$104.43,6353422,$135.09,8034228,$12.76,7046421,$107.75,5806765,4.62,4.77,4.86,4.9,4.82,4.43,3.79,3.55,3.36,3.34,3.3,3.67,3.56,69.4
04/04/2023,$165.63,46278300,$103.95,48662500,$104.72,24420080,$287.18,25824300,$214.72,21026370,$27.45,368591500,$40.87,3749333,$115.02,16365490,$169.04,7521448,$125.82,5256801,$98.28,4202315,$127.43,8945015,$12.75,9375545,$106.30,5425514,4.66,4.8,4.88,4.9,4.8,4.5,3.84,3.6,3.39,3.38,3.35,3.72,3.6,67.56
04/03/2023,$166.17,56976190,$102.41,41135730,$104.36,25035400,$287.23,24883340,$213.07,17924610,$27.97,398715600,$40.97,4756258,$116.13,28087680,$169.95,12868170,$135.64,4745657,$102.91,4212311,$138.53,6276124,$12.82,14849850,$108.42,12394310,4.7,4.79,4.9,4.98,4.88,4.6,3.97,3.73,3.52,3.48,3.43,3.78,3.64,66.61
03/31/2023,$164.90,68749790,$103.29,56750320,$103.73,36863370,$288.30,32765980,$211.94,25440270,$27.78,433932800,$40.21,3915755,$109.66,14417960,$163.16,7041436,$134.83,3143368,$101.38,3920648,$139.60,3330602,$12.47,7379214,$99.21,7708836,4.74,4.79,4.85,4.97,4.94,4.64,4.06,3.81,3.6,3.55,3.48,3.81,3.67,68.15
03/30/2023,$162.36,49501690,$102.00,53633400,$100.89,33086180,$284.05,25053410,$207.84,22608300,$27.38,364515700,$39.86,4139649,$109.49,11578170,$162.39,6322353,$133.94,2936187,$99.99,2336727,$137.02,3254678,$12.44,8488263,$99.25,5461125,4.74,4.77,4.97,4.94,4.92,4.63,4.1,3.87,3.66,3.61,3.55,3.88,3.74,67.38
03/29/2023,$160.77,51305690,$100.25,49783280,$101.39,28779570,$280.51,25087030,$205.35,18851140,$26.98,393693900,$39.12,3746590,$108.96,14219120,$160.86,7569727,$134.08,4418774,$100.28,3053583,$136.95,4453867,$12.20,9686957,$99.75,7596324,4.34,4.5,4.8,4.91,4.92,4.59,4.08,3.87,3.67,3.62,3.57,3.91,3.78,71.18
03/28/2023,$157.65,45992150,$97.24,38720050,$101.03,32057870,$275.23,21878650,$200.68,19127300,$26.41,356103800,$38.31,3981934,$107.12,11047590,$159.49,5605382,$131.57,3913210,$98.78,3350655,$136.02,4099683,$12.05,9275266,$97.93,3791999,4.24,4.39,4.8,4.86,4.9,4.55,4.02,3.84,3.63,3.6,3.55,3.9,3.77,74.68
03/27/2023,$158.28,52390270,$98.04,46721300,$102.46,31120860,$276.38,26840210,$202.84,18527180,$26.53,361025700,$37.99,3018936,$105.80,14805910,$157.65,7006768,$128.91,4107355,$96.23,3475259,$131.88,4003945,$11.84,12296820,$97.48,6049698,4.22,4.47,4.91,4.9,4.86,4.51,3.94,3.79,3.59,3.57,3.53,3.9,3.77,76.55
03/24/2023,$160.25,59256340,$98.13,56144800,$105.44,30411040,$280.57,28199960,$206.01,27733040,$26.78,455414100,$37.38,4261601,$103.53,13405810,$156.06,6601923,$124.70,3856137,$93.73,3719072,$129.26,4362297,$11.70,11420550,$95.43,8386765,4.28,4.48,4.74,4.78,4.76,4.32,3.76,3.58,3.41,3.4,3.38,3.77,3.64,75.6
03/23/2023,$158.93,67622060,$98.71,57559310,$105.60,40797770,$277.66,36610880,$204.28,27389670,$27.19,564888800,$37.82,3215967,$103.41,14385870,$154.52,7859437,$126.15,3236283,$93.54,2856274,$130.38,3793722,$11.68,12791990,$96.42,5866448,4.26,4.48,4.73,4.84,4.8,4.38,3.76,3.57,3.39,3.39,3.38,3.78,3.66,76.56
03/22/2023,$157.83,75701810,$98.70,57475370,$103.37,43427420,$272.29,34873330,$199.81,28477760,$26.47,797295100,$38.08,3286304,$104.59,14952670,$156.07,6314994,$126.98,3225956,$94.69,3012552,$131.77,3909974,$11.76,11738870,$98.37,5635491,4.16,4.56,4.79,4.91,4.95,4.56,3.96,3.76,3.54,3.53,3.48,3.83,3.68,77.45
03/21/2023,$159.28,73938290,$100.61,58597280,$104.92,42110280,$273.78,34558700,$202.16,31826950,$26.20,547407800,$39.15,3619390,$107.04,31592310,$159.31,9753541,$128.29,4607878,$95.55,7228894,$132.19,6393185,$12.11,9857048,$99.71,6770198,4.07,4.5,4.78,4.89,4.96,4.68,4.17,3.98,3.73,3.68,3.59,3.9,3.73,80.39
03/20/2023,$157.40,73641420,$97.71,62388910,$101.22,32960440,$272.23,43466650,$197.81,25186320,$25.90,432747200,$38.55,5994133,$102.45,32042110,$154.58,8461413,$126.25,4830744,$95.55,4692905,$128.91,5343766,$11.84,12118830,$96.16,7932903,4.34,4.56,4.81,4.84,4.8,4.34,3.92,3.77,3.56,3.55,3.47,3.83,3.65,79.62
03/17/2023,$155.00,98944630,$98.95,87300240,$101.62,61028550,$279.43,69527370,$195.61,50141100,$25.73,848546600,$37.22,13488370,$99.84,43199470,$152.34,33161770,$123.66,13118670,$94.72,10256820,$126.37,13800930,$11.99,22859780,$94.39,17056190,4.31,4.51,4.52,4.79,4.71,4.26,3.81,3.68,3.44,3.45,3.39,3.76,3.6,78.05
03/16/2023,$155.85,76254420,$100.04,84558930,$100.32,65567660,$276.20,54832140,$204.93,50819660,$25.54,584946300,$38.05,5952214,$101.03,27476130,$154.29,12852170,$125.16,6170646,$95.05,5801948,$127.17,7040750,$12.25,21768090,$96.40,10112610,4.22,4.66,4.74,4.92,4.94,4.49,4.14,3.99,3.72,3.67,3.56,3.87,3.71,77.57
03/15/2023,$152.99,77167870,$96.20,70731790,$96.11,50622050,$265.44,46028050,$197.75,42123550,$24.23,524485700,$37.51,5072606,$101.62,25733780,$153.80,14063140,$122.69,6669090,$93.65,6810328,$124.33,8770720,$11.94,28747370,$95.24,10661240,4.23,4.56,4.75,4.85,4.73,4.19,3.93,3.83,3.59,3.57,3.51,3.82,3.7,76.88
03/14/2023,$152.59,73695890,$94.88,60912670,$93.97,36050210,$260.79,33620290,$194.02,41642630,$24.06,474910100,$37.55,4433854,$106.94,18263510,$160.76,10035190,$127.78,4528122,$97.95,3521193,$131.62,4717274,$12.34,11223210,$101.36,7090814,4.47,4.77,4.88,4.95,4.93,4.45,4.2,4.05,3.78,3.74,3.64,3.91,3.77,75.57
03/13/2023,$150.47,84457120,$92.43,72397050,$91.11,37335570,$253.92,33339720,$180.90,24727970,$22.97,421890300,$36.57,5580849,$106.54,20745630,$158.71,10106130,$123.78,4107674,$95.52,6037714,$128.11,5199221,$12.26,27275250,$100.68,8789731,4.62,4.81,4.87,4.87,4.81,4.3,4.03,3.88,3.68,3.65,3.55,3.85,3.7,76.19
03/10/2023,$148.50,68572400,$90.73,69827490,$90.63,35941050,$248.59,28333930,$179.51,25665030,$22.97,474865700,$36.72,3661893,$107.78,15795670,$159.67,7385803,$128.55,3746735,$101.22,4367161,$132.16,3856020,$12.60,17618130,$104.22,5313088,4.81,4.91,5.01,5.08,5.17,4.9,4.6,4.31,3.96,3.86,3.7,3.9,3.7,75.26
03/09/2023,$150.59,53833580,$92.25,56218710,$92.32,28813530,$252.32,26653390,$181.69,26582750,$23.44,501257000,$37.80,2731224,$109.13,12961240,$160.51,6214745,$128.38,3370852,$101.14,5194922,$132.28,4913020,$12.90,8986622,$105.81,5191573,4.83,4.96,5.05,5.19,5.32,5.18,4.9,4.56,4.22,4.1,3.93,4.09,3.88,73.95
03/08/2023,$152.87,47204790,$93.92,44899130,$94.25,34103270,$253.70,17340220,$184.97,19432410,$24.18,513573400,$38.77,3010007,$109.98,13509820,$162.99,5435819,$127.87,3516743,$99.31,3876430,$132.77,5029789,$13.16,12026290,$107.23,4576832,4.77,4.88,5.06,5.21,5.34,5.25,5.05,4.71,4.34,4.19,3.98,4.11,3.88,76.28
03/07/2023,$151.60,56182030,$93.55,49100670,$93.86,27835480,$254.15,21473180,$184.51,36701500,$23.29,515153900,$38.00,4812983,$111.61,11525290,$164.03,7392967,$130.21,3592557,$101.79,3119897,$136.96,3577673,$13.13,11204680,$107.65,4973233,4.8,4.88,5.04,5.12,5.32,5.22,5,4.66,4.31,4.17,3.97,4.11,3.88,76.28
03/06/2023,$153.83,87558030,$93.75,52112360,$95.13,32639310,$256.87,24109850,$184.90,33209390,$23.55,437429200,$39.07,5330225,$113.81,14347410,$166.17,7703600,$131.92,3271530,$103.98,4000193,$139.69,3413871,$13.20,9810377,$109.56,6201092,4.75,4.79,4.93,5.02,5.22,5.05,4.89,4.61,4.27,4.16,3.98,4.14,3.92,76.31
03/03/2023,$151.03,70732300,$94.90,55759610,$93.65,35160110,$255.29,30760140,$185.25,45877690,$23.89,412393300,$39.79,7775747,$112.81,13006710,$164.96,6007546,$133.50,3651780,$106.02,3755760,$141.17,3703897,$13.05,13324040,$108.64,7075136,4.75,4.79,4.91,5.01,5.18,5.03,4.86,4.6,4.26,4.15,3.97,4.12,3.9,78.45
03/02/2023,$145.91,52279760,$92.13,55574820,$92.00,32226230,$251.11,24833650,$174.53,17360710,$23.31,390074700,$40.17,9094204,$111.40,10343080,$162.56,5582097,$129.63,3054078,$105.81,4644015,$139.23,3473421,$12.95,10556650,$108.33,5459001,4.75,4.8,4.91,5.02,5.18,5.04,4.89,4.63,4.32,4.24,4.08,4.24,4.03,78.57
03/01/2023,$145.31,55478990,$92.17,52299520,$90.36,31111230,$246.27,27565260,$173.42,30998380,$22.70,460025600,$40.44,7083437,$110.89,13199960,$162.05,7470391,$129.19,4295291,$107.24,4581106,$139.29,5042214,$12.79,12046550,$106.25,6064687,4.67,4.82,4.9,5.02,5.2,5.06,4.89,4.61,4.27,4.17,4.01,4.17,3.97,79.08
02/28/2023,$147.41,50547000,$94.23,43959290,$90.06,30142040,$249.42,22490950,$174.94,46051120,$23.22,455962800,$40.64,7672583,$109.91,18107030,$160.77,10854230,$123.60,5774574,$102.56,4104526,$131.73,5428040,$12.66,10127260,$103.35,8771764,4.65,4.81,4.88,5,5.17,5.02,4.81,4.51,4.18,4.07,3.92,4.1,3.93,80.14
02/27/2023,$147.92,44998470,$93.76,47470320,$89.87,27502300,$250.16,21190040,$169.54,19277000,$23.50,452993700,$41.00,5148218,$110.55,11710450,$162.82,6386760,$126.58,3057628,$103.65,2699527,$135.05,2901945,$12.76,11867730,$105.86,7429338,4.67,4.83,4.89,5.02,5.18,5.03,4.78,4.49,4.17,4.08,3.92,4.11,3.93,79.74
02/24/2023,$146.71,55469610,$93.50,57053810,$89.13,36585090,$249.22,24990910,$170.39,19791330,$23.29,589715900,$41.61,3712849,$110.75,14351040,$162.41,5330180,$124.92,3218737,$102.00,3005771,$132.75,3012958,$12.86,11848480,$105.25,5617868,4.68,4.83,4.86,5.02,5.06,5.05,4.78,4.52,4.19,4.1,3.95,4.11,3.93,78.04
02/23/2023,$149.40,48394250,$95.82,48466990,$90.89,41206380,$254.77,29219100,$172.04,20017780,$23.66,1117995000,$42.03,3414212,$110.74,11289400,$161.93,6445523,$125.52,2893662,$100.35,2737977,$132.43,2620472,$13.01,12273590,$105.43,6095809,4.66,4.83,4.84,5,5.05,5.03,4.66,4.4,4.09,4.02,3.88,4.04,3.88,78.47
02/22/2023,$148.91,51011310,$95.79,59534090,$91.65,30884020,$251.51,22491060,$171.12,22433160,$20.75,513184300,$41.81,2240581,$109.73,13973840,$160.35,6205935,$122.78,3142874,$99.47,2087817,$130.69,3245372,$13.00,13906160,$104.08,7929502,4.62,4.81,4.84,5,5.08,5.07,4.66,4.43,4.13,4.07,3.93,4.09,3.94,77.17
02/21/2023,$148.48,58867230,$94.58,56580360,$91.79,33629260,$252.67,28397440,$172.08,34592580,$20.66,410014600,$41.89,3973160,$111.17,14469430,$161.00,7259738,$123.07,3988081,$99.65,2569243,$132.20,3343519,$12.74,12948670,$105.31,7200780,4.63,4.83,4.86,4.98,5.07,5.07,4.67,4.44,4.16,4.08,3.95,4.12,3.98,74.11
02/17/2023,$152.55,59144120,$97.20,60029410,$94.35,34284120,$258.06,30000060,$172.88,24171260,$21.39,465887600,$42.48,2728395,$111.28,20758330,$162.85,9612107,$122.50,3275855,$99.54,3537586,$129.61,3380213,$12.87,13445270,$104.12,11294540,4.64,4.81,4.84,4.95,4.99,5,4.6,4.33,4.03,3.95,3.82,4.01,3.88,75.87
02/16/2023,$153.71,68167940,$98.15,56339170,$95.51,42462620,$262.15,29603620,$172.44,25827470,$22.00,412026300,$42.72,2961076,$115.73,11360600,$166.57,6727542,$126.51,2595050,$104.92,2876507,$133.97,2589829,$13.05,17515400,$108.36,6531921,4.66,4.8,4.84,4.95,4.98,4.99,4.62,4.35,4.06,3.98,3.86,4.05,3.92,76.34
02/15/2023,$155.33,65669250,$101.16,48053880,$96.94,50298480,$269.32,28962160,$177.16,25337970,$22.76,421188300,$42.80,2139952,$116.07,13673360,$169.01,8888908,$127.11,3049842,$106.65,2627471,$136.37,3978195,$13.14,9984205,$111.65,7205062,4.64,4.79,4.79,4.94,4.97,4.96,4.62,4.35,4.04,3.94,3.81,3.97,3.85,78.95
02/14/2023,$153.20,61707570,$99.70,56202900,$94.68,54726120,$272.17,37047920,$179.48,24034630,$22.97,675473500,$43.03,2277181,$116.42,12078990,$172.32,8077335,$128.64,3174489,$107.95,2267541,$139.69,3030268,$13.09,10596480,$113.55,7308073,4.63,4.78,4.8,4.91,4.98,4.99,4.6,4.32,4,3.9,3.77,3.94,3.81,77.97
02/13/2023,$153.85,62199010,$99.54,52841460,$94.61,50076120,$271.32,44630920,$179.43,31463220,$21.79,474918600,$43.40,3705241,$117.80,14536240,$171.01,9442889,$127.81,3499762,$108.26,2608803,$139.80,3072456,$12.95,9203186,$112.31,6018245,4.66,4.78,4.81,4.9,4.99,4.91,4.52,4.22,3.93,3.84,3.72,3.92,3.79,79.73
02/10/2023,$151.01,57450710,$97.61,52740130,$94.57,54980700,$263.10,25818490,$174.15,33433570,$21.27,550736800,$42.72,3964177,$119.17,24918620,$171.97,11602390,$126.79,3467618,$107.38,3003312,$140.73,4815438,$12.84,9734623,$115.06,10779150,4.66,4.77,4.79,4.89,4.89,4.89,4.5,4.19,3.93,3.86,3.74,3.96,3.83,80.64
02/09/2023,$150.87,56007140,$98.24,64622490,$95.01,119455000,$263.62,42375100,$177.92,37118810,$22.34,523875800,$42.04,2878379,$114.35,17439310,$168.44,10123360,$120.74,2788541,$102.11,2897444,$132.62,3822410,$12.76,9458057,$109.93,5768446,4.66,4.77,4.77,4.87,4.9,4.88,4.48,4.15,3.87,3.79,3.67,3.9,3.75,79.78
02/08/2023,$151.92,64120080,$100.05,75878300,$99.37,94743520,$266.73,54686050,$183.43,36139070,$22.21,559651200,$41.84,2643279,$113.92,18459680,$170.00,9784725,$121.56,3005452,$102.74,3683762,$134.12,4991051,$12.78,15961410,$110.79,6713232,4.64,4.69,4.72,4.85,4.88,4.87,4.45,4.08,3.82,3.75,3.63,3.86,3.7,79.86
02/07/2023,$154.65,83322550,$102.11,119501300,$107.64,49010230,$267.56,50841370,$191.62,47080660,$22.17,664149600,$41.99,3268817,$114.92,16013310,$174.09,10256500,$122.23,5361908,$102.28,3628394,$134.52,3591355,$12.85,12692880,$112.02,7370606,4.62,4.68,4.71,4.8,4.89,4.88,4.47,4.11,3.85,3.78,3.67,3.87,3.72,81.62
02/06/2023,$151.73,69858310,$102.18,81945200,$102.90,31999560,$256.77,22518000,$186.06,42483810,$21.09,452197100,$40.96,4299348,$111.73,13855210,$169.64,7659492,$116.41,4190064,$98.08,2666327,$128.09,4401832,$12.98,16139450,$107.49,11516340,4.61,4.67,4.71,4.81,4.89,4.85,4.44,4.1,3.81,3.73,3.63,3.82,3.67,81.27
02/03/2023,$154.50,154357300,$103.39,144374800,$104.78,65309260,$258.35,29077260,$186.53,76809700,$21.10,429366000,$42.24,2936717,$111.92,20226610,$169.45,8404871,$118.20,3255123,$98.81,3525128,$131.73,3027312,$13.28,18015740,$108.11,13504190,4.61,4.67,4.7,4.8,4.82,4.79,4.3,3.96,3.67,3.61,3.53,3.77,3.63,80.31
02/02/2023,$150.82,118339000,$112.91,158154200,$107.74,69883760,$264.60,39940440,$188.77,150475700,$21.71,564275800,$42.42,4623225,$111.15,24562120,$169.01,10463350,$119.90,6275745,$98.98,4668651,$133.05,4171067,$13.28,16323480,$111.30,11531290,4.62,4.65,4.66,4.75,4.76,4.64,4.09,3.75,3.49,3.44,3.4,3.67,3.55,79.53
02/01/2023,$145.43,77663630,$105.15,80450120,$100.43,35531100,$252.75,31259910,$153.12,55661020,$20.94,660477000,$41.23,3476465,$114.74,19464870,$171.36,11526400,$122.97,5189881,$97.99,4467782,$136.23,4159196,$13.07,24295600,$117.70,7282283,4.59,4.63,4.66,4.77,4.79,4.66,4.09,3.75,3.48,3.43,3.39,3.67,3.55,80.25
01/31/2023,$144.29,65874460,$103.13,66527250,$98.84,29870670,$247.81,26541070,$148.97,29842110,$19.54,498016600,$40.62,2562550,$116.01,27861850,$174.02,14481280,$128.52,5408672,$100.27,7890068,$140.03,5427278,$13.28,13143390,$121.87,5200119,4.58,4.64,4.7,4.74,4.8,4.68,4.21,3.9,3.63,3.59,3.52,3.78,3.65,80.25
01/30/2023,$143.00,64015270,$100.55,70691860,$96.94,27226200,$242.71,25867370,$147.06,28040100,$19.16,488611200,$40.01,2444028,$113.56,18672050,$174.20,11476040,$129.14,4152328,$106.42,3109975,$140.19,2991348,$13.10,34494700,$120.53,5246251,4.6,4.64,4.72,4.76,4.82,4.71,4.25,3.96,3.68,3.62,3.55,3.79,3.66,79.9
01/27/2023,$145.93,70555840,$102.24,87775610,$99.37,33879750,$248.16,26498940,$151.74,35771870,$20.37,542142000,$40.31,2677282,$115.61,15179210,$179.45,19654690,$132.85,3400601,$108.73,2506688,$143.21,3638503,$13.36,16136270,$123.61,4857454,4.61,4.64,4.73,4.76,4.81,4.68,4.19,3.9,3.62,3.58,3.52,3.77,3.64,78.32
01/26/2023,$143.96,54105070,$99.22,68523560,$97.52,30113970,$248.00,33454490,$147.30,25482080,$19.80,489535400,$40.99,1645296,$117.76,21019680,$187.79,14307820,$135.35,4005337,$111.49,2723551,$149.96,4708086,$13.50,24145910,$124.65,5807356,4.61,4.65,4.71,4.76,4.79,4.68,4.17,3.88,3.58,3.54,3.49,3.75,3.62,77.46
01/25/2023,$141.86,65799350,$97.18,94261570,$95.22,42329950,$240.61,66526640,$141.50,26622020,$19.32,449537100,$40.52,2705810,$113.21,11914730,$179.08,6727512,$129.81,3671645,$108.85,2889143,$143.35,2955948,$13.15,11125110,$120.37,3984733,4.67,4.65,4.72,4.75,4.79,4.67,4.11,3.84,3.54,3.51,3.46,3.74,3.62,75.11
01/24/2023,$142.53,66435140,$96.32,66929450,$97.70,33078510,$242.04,40234440,$143.14,21970190,$19.27,496204100,$40.59,1903050,$113.81,13583030,$180.83,5988995,$130.21,3782202,$107.01,2360475,$145.03,3142401,$13.07,10545370,$118.81,4216908,4.7,4.67,4.72,4.75,4.84,4.7,4.12,3.86,3.58,3.52,3.46,3.73,3.62,74.69
01/23/2023,$141.11,81760310,$97.52,76501100,$99.79,40005060,$242.58,31933950,$143.27,27470090,$19.19,655162600,$41.04,2745210,$112.76,16584420,$180.66,8381315,$126.88,3963352,$106.94,3070063,$143.08,3908311,$13.01,17524090,$120.13,3963235,4.69,4.65,4.73,4.76,4.82,4.7,4.21,3.88,3.61,3.56,3.52,3.8,3.69,73.77
01/20/2023,$137.87,80223630,$97.25,67481540,$98.02,63191080,$240.22,35389810,$139.37,28688630,$17.84,564967100,$40.26,2908047,$113.35,16515610,$180.90,10477910,$125.72,2882014,$106.96,2986434,$142.73,3709802,$12.76,10182940,$121.80,5101417,4.69,4.64,4.72,4.75,4.8,4.68,4.14,3.83,3.56,3.51,3.48,3.77,3.66,73.61
01/19/2023,$135.27,58280410,$93.68,69002660,$93.05,37000400,$231.93,28623030,$136.15,28625230,$16.77,452931600,$39.46,3341651,$111.32,12928020,$179.00,5907163,$123.23,2475569,$104.38,2696925,$138.47,3224866,$12.60,11364370,$119.64,5049200,4.69,4.66,4.71,4.74,4.79,4.65,4.09,3.76,3.48,3.43,3.39,3.69,3.57,72.82
01/18/2023,$135.21,69672800,$95.46,79570370,$91.12,29116690,$235.81,30028690,$133.02,20215490,$17.38,439623600,$40.02,2757552,$110.61,16399690,$177.23,8899185,$121.31,3709344,$102.71,2908164,$135.52,3564358,$12.51,13843090,$118.55,5138681,4.59,4.62,4.69,4.74,4.79,4.63,4.06,3.72,3.43,3.4,3.37,3.65,3.54,76.87
01/17/2023,$135.94,63646630,$96.05,72755000,$91.29,32602420,$240.35,29831260,$135.36,21147590,$17.70,511102200,$40.03,2691621,$112.93,16542200,$180.49,10697750,$121.77,3746939,$102.51,2600814,$137.61,2781060,$12.62,14703230,$120.24,5228472,4.6,4.63,4.71,4.74,4.82,4.67,4.18,3.86,3.6,3.57,3.53,3.81,3.64,76.87
01/13/2023,$134.76,57809720,$98.12,85549430,$92.12,26329210,$239.23,21333270,$136.98,22423840,$16.90,447287100,$40.18,3383656,$113.15,12011360,$177.56,5726331,$121.93,2780709,$103.03,2133215,$136.13,2603965,$12.67,5837525,$121.47,4360209,4.58,4.59,4.67,4.73,4.77,4.69,4.22,3.88,3.6,3.55,3.49,3.79,3.61,78.43
01/12/2023,$133.41,71379650,$95.27,85254780,$91.13,30258140,$238.51,27269490,$136.71,30757730,$16.51,551409100,$39.93,4410091,$113.22,15357320,$177.08,6891351,$121.01,3091314,$102.86,2231790,$135.32,3269557,$12.64,10386840,$120.16,5072452,4.57,4.59,4.66,4.74,4.76,4.66,4.12,3.79,3.53,3.48,3.43,3.73,3.56,78.89
01/11/2023,$133.49,69458950,$95.09,103126200,$91.52,26861970,$235.77,28669330,$132.89,25423050,$16.00,353284900,$40.77,5620313,$111.37,16710370,$175.20,6962580,$117.60,2977033,$101.42,3551134,$133.60,4172549,$12.53,8658836,$118.24,4569918,4.42,4.62,4.72,4.82,4.84,4.73,4.2,3.9,3.66,3.61,3.54,3.84,3.67,79.45
01/10/2023,$130.73,63896160,$89.87,67756600,$88.42,30467760,$228.85,27033880,$132.99,28684430,$15.91,384101300,$42.49,2780326,$110.09,15104600,$176.04,8307049,$116.50,2752352,$101.57,3259164,$132.01,3518096,$12.39,8750431,$118.08,4042752,4.41,4.62,4.73,4.77,4.85,4.74,4.24,3.94,3.72,3.67,3.61,3.91,3.74,79.45
01/09/2023,$130.15,70790810,$87.36,65266060,$88.02,29003900,$227.12,27369780,$129.47,26649150,$15.63,504230600,$42.28,2966450,$108.47,17964590,$175.18,8385636,$115.76,3716831,$102.01,4707383,$128.58,4438557,$12.31,12347110,$117.36,5403382,4.37,4.58,4.7,4.74,4.83,4.69,4.19,3.93,3.66,3.6,3.53,3.83,3.66,79.57
01/06/2023,$129.62,87754720,$86.08,83303360,$87.34,41381500,$224.93,43613570,$130.02,27584500,$14.86,405043600,$42.42,3179732,$110.53,16348130,$176.56,7191222,$116.82,3102813,$105.70,3101312,$127.56,4818820,$12.15,11341440,$118.23,4442319,4.32,4.55,4.67,4.74,4.79,4.71,4.24,3.96,3.69,3.63,3.55,3.84,3.67,77.68
01/05/2023,$125.02,80962710,$83.12,67930830,$86.20,27194380,$222.31,39585620,$126.94,25447100,$14.27,389168100,$40.87,2483742,$109.21,15946560,$175.24,6088214,$115.73,4093558,$103.02,3348430,$126.59,4974643,$11.93,12246170,$116.77,5177715,4.3,4.55,4.66,4.75,4.81,4.78,4.45,4.18,3.9,3.82,3.71,3.96,3.78,78.17
01/04/2023,$126.36,89113630,$85.14,68885120,$88.08,34854780,$229.10,50623390,$127.37,32397090,$14.75,431323600,$40.94,2790006,$106.82,18058400,$172.14,7684494,$110.58,3664596,$100.68,2959185,$119.62,3283770,$11.66,12865240,$113.34,4837794,4.2,4.42,4.55,4.69,4.77,4.71,4.36,4.11,3.85,3.79,3.69,3.97,3.81,75.92
01/03/2023,$125.07,112117500,$85.82,76706040,$89.12,28131220,$239.58,25740040,$124.74,35528530,$14.32,401276600,$40.90,2679283,$106.51,15146170,$173.99,7565431,$110.92,4363887,$101.03,2877150,$120.04,3671585,$11.62,12534990,$113.12,5424363,4.17,4.42,4.53,4.7,4.77,4.72,4.4,4.18,3.94,3.89,3.79,4.06,3.88,75.05
12/30/2022,$129.93,77034210,$84.00,62401190,$88.23,23986300,$239.82,21938470,$120.34,19583830,$14.61,310489800,$40.22,1582438,$110.30,11799640,$179.49,5005094,$116.39,2370808,$104.08,2088915,$126.86,2043533,$11.87,7244212,$118.00,4220531,4.12,4.41,4.42,4.69,4.76,4.73,4.41,4.22,3.99,3.96,3.88,4.14,3.97,75.89
12/29/2022,$129.61,75703710,$84.18,54995900,$88.45,23333540,$241.01,19770690,$120.26,22366190,$14.60,354923200,$39.82,1582784,$109.20,10534030,$178.32,4142090,$116.18,2054071,$104.11,1827314,$126.32,2456773,$11.86,8616971,$116.39,2921561,4.04,4.39,4.45,4.66,4.73,4.71,4.34,4.16,3.94,3.91,3.83,4.09,3.92,77.14
12/28/2022,$126.04,85438390,$81.82,58228580,$86.02,19523180,$234.53,17457100,$115.62,19612470,$14.04,351066500,$38.76,1822909,$108.38,10702080,$176.98,4494350,$114.52,2650566,$102.15,1910695,$125.35,3856285,$11.67,9936281,$115.31,3856401,3.86,4.33,4.46,4.66,4.75,4.71,4.31,4.18,3.97,3.97,3.88,4.13,3.98,75.44
12/27/2022,$130.03,69007830,$83.04,57284040,$87.39,20097350,$236.96,16688650,$116.88,21392310,$14.12,464902300,$39.41,1832561,$110.19,11962060,$179.63,5167962,$116.82,2420033,$104.58,2474864,$126.41,3484446,$11.90,12203610,$118.47,3849439,3.87,4.32,4.46,4.66,4.76,4.75,4.32,4.17,3.94,3.93,3.84,4.1,3.93,72.96
12/23/2022,$131.86,63814890,$85.25,57433660,$89.23,23003040,$238.73,21206980,$118.04,17796630,$15.21,349325600,$39.12,1466543,$108.68,11539450,$177.40,6079120,$115.12,2388039,$103.94,2216304,$124.37,3270406,$11.96,17927370,$117.05,5001719,3.8,4.2,4.34,4.59,4.67,4.66,4.31,4.09,3.86,3.83,3.75,3.99,3.82,71.3
12/22/2022,$132.23,77852110,$83.79,81431310,$87.76,27658290,$238.19,28651660,$117.12,23618120,$15.34,565045300,$39.14,2285887,$105.88,13215500,$172.08,5756793,$111.65,2700327,$100.53,2287727,$119.62,3037881,$11.81,17559410,$112.90,5295900,3.8,4.2,4.35,4.57,4.66,4.64,4.24,4.02,3.79,3.77,3.67,3.91,3.73,71.93
12/21/2022,$135.45,85927990,$86.77,59267160,$89.58,24745640,$244.43,23690610,$119.76,20392800,$16.50,325025400,$39.12,2864114,$108.06,13565370,$174.70,5479426,$114.55,3226056,$103.35,2471941,$122.68,3040126,$11.95,18758810,$116.28,5433018,3.9,4.23,4.33,4.57,4.67,4.6,4.21,4,3.78,3.77,3.68,3.93,3.74,74.21
12/20/2022,$132.30,77432820,$85.19,74348300,$89.02,23453840,$241.80,25150800,$117.09,28742500,$16.09,403259800,$38.95,1893357,$106.69,14680000,$172.67,6199128,$113.01,3520727,$102.64,2442301,$121.88,3156260,$11.68,16339780,$112.65,5538726,3.89,4.23,4.35,4.55,4.7,4.64,4.25,4.03,3.79,3.78,3.69,3.94,3.74,76.83
12/19/2022,$132.37,79592610,$84.92,83531460,$88.44,29493030,$240.45,29696440,$114.48,29769880,$16.25,354038800,$39.00,2648649,$105.17,13611120,$169.88,7131563,$111.07,3408890,$100.61,2451214,$119.71,3260773,$11.56,15059320,$110.44,4991437,3.95,4.24,4.37,4.57,4.71,4.64,4.25,3.99,3.7,3.67,3.57,3.82,3.62,79.86
12/16/2022,$134.51,160156900,$87.86,146144100,$90.26,58011850,$244.69,86101990,$119.43,67064000,$16.57,478231900,$39.25,4646060,$104.70,54596620,$168.72,23876040,$109.75,14691260,$100.64,7235170,$119.37,6945904,$11.66,20090930,$110.44,17422570,3.94,4.22,4.31,4.54,4.68,4.61,4.17,3.91,3.61,3.58,3.48,3.73,3.53,81.06
12/15/2022,$136.50,98931910,$88.45,84802880,$90.86,40107030,$249.01,35568090,$116.15,34530970,$16.95,478542100,$39.38,4463554,$105.44,15367890,$171.04,7273274,$110.87,4255915,$101.47,2445464,$119.92,3234506,$11.66,14768420,$112.55,6401004,3.95,4.24,4.34,4.56,4.7,4.65,4.23,3.96,3.62,3.56,3.44,3.69,3.48,80.48
12/14/2022,$143.21,82291180,$91.58,70298010,$95.07,28733600,$257.22,35410930,$121.59,36922040,$17.67,496888100,$41.68,3367885,$106.46,17597330,$172.33,7045514,$110.94,4257790,$101.28,2646772,$119.73,3607828,$11.79,14450210,$112.87,5926992,3.91,4.14,4.33,4.58,4.68,4.64,4.23,3.94,3.64,3.59,3.49,3.74,3.52,77.96
12/13/2022,$145.47,93886160,$92.49,100212000,$95.63,40593660,$256.92,42196880,$120.15,44701050,$18.07,656588800,$42.85,2816461,$107.25,24305350,$173.53,7838780,$111.12,4260294,$102.13,2984029,$120.53,3828781,$11.91,16687830,$113.41,6285220,3.89,4.16,4.35,4.58,4.7,4.64,4.22,3.96,3.66,3.6,3.51,3.74,3.53,77.1
12/12/2022,$144.49,70462650,$90.55,61999760,$93.31,29009010,$252.51,30665070,$114.71,24747060,$17.54,457327800,$42.87,3319745,$106.09,20413170,$169.75,9364900,$111.21,5812632,$102.07,3692377,$120.66,5807324,$11.70,16470450,$111.78,5636529,3.86,4.18,4.38,4.6,4.78,4.75,4.39,4.1,3.8,3.73,3.61,3.84,3.57,76.45
12/09/2022,$142.16,76097010,$89.09,67398510,$92.83,28225450,$245.42,20609740,$115.90,26033350,$17.00,465338200,$41.83,1835156,$103.54,21298190,$168.00,10754280,$106.83,5379930,$98.00,3210060,$114.65,4975060,$11.42,19643720,$110.02,6385654,3.81,4.13,4.31,4.54,4.72,4.72,4.33,4.07,3.75,3.69,3.57,3.82,3.56,76.45
12/08/2022,$142.65,62128340,$90.35,73305890,$93.71,32213290,$247.40,22611760,$115.33,30619420,$17.17,515455500,$42.23,3438584,$104.42,21128760,$173.54,8076601,$108.85,4547387,$100.90,2899713,$116.90,4984321,$11.70,16872040,$112.60,7720368,3.75,4.11,4.28,4.53,4.71,4.71,4.31,4.04,3.71,3.63,3.48,3.71,3.44,77.93
12/07/2022,$140.94,69721090,$88.46,68086880,$94.94,31045450,$244.37,20481520,$113.93,29461140,$16.12,372387600,$41.92,2905988,$103.65,20061730,$172.52,6936345,$109.00,5190248,$103.01,2817139,$120.19,4990411,$11.91,11626310,$114.88,6099116,3.79,4.1,4.29,4.53,4.72,4.67,4.26,3.97,3.62,3.54,3.42,3.66,3.42,80.83
12/06/2022,$142.91,64727190,$88.25,75503630,$96.98,24910660,$245.12,22463730,$114.12,43689180,$15.99,352694300,$42.47,2844578,$103.88,21196980,$172.01,8764989,$109.29,5049361,$103.08,3627009,$118.86,4494794,$11.94,15234110,$115.61,6498386,3.87,4.19,4.37,4.54,4.74,4.73,4.34,4.07,3.73,3.64,3.51,3.77,3.52,79.74
12/05/2022,$146.63,68826440,$91.01,71535530,$99.48,24405090,$250.20,23435290,$122.43,35474880,$16.61,352255200,$43.07,2304252,$106.85,19287750,$176.56,8162195,$112.45,4945647,$104.15,3015204,$120.96,5081170,$12.18,14456700,$119.37,5478737,3.93,4.25,4.36,4.56,4.73,4.77,4.41,4.13,3.8,3.72,3.6,3.84,3.62,80.07
12/02/2022,$147.81,65447450,$94.13,72496390,$100.44,21480700,$255.02,21528520,$123.49,39950460,$16.88,371388600,$44.54,2517994,$109.86,15248390,$181.03,6852304,$118.23,3889225,$106.66,2675983,$127.07,5487993,$12.53,10036520,$122.18,4879727,3.91,4.25,4.34,4.52,4.65,4.69,4.28,3.99,3.67,3.61,3.51,3.79,3.56,81.69
12/01/2022,$148.31,71250420,$95.50,68487970,$100.99,28687100,$254.69,26041520,$120.44,36551370,$17.14,470976600,$44.90,2331442,$110.80,14398310,$182.49,5217378,$120.23,3243598,$108.04,3214314,$132.03,4563399,$12.44,10953150,$123.06,5285124,4.04,4.24,4.33,4.52,4.65,4.66,4.25,3.98,3.68,3.62,3.53,3.85,3.64,85.62
11/30/2022,$148.03,111380900,$96.54,102805800,$100.99,43647480,$255.14,47594240,$118.10,43348560,$16.92,565298200,$44.79,6805667,$111.34,23158060,$183.31,10936710,$121.81,7568560,$108.44,3987279,$133.62,8274270,$12.54,17082520,$123.51,8484461,4.07,4.25,4.37,4.55,4.7,4.74,4.38,4.13,3.82,3.76,3.68,4,3.8,86.87
11/29/2022,$141.17,83763800,$92.42,65567290,$95.19,20061720,$240.33,17956310,$109.46,23899240,$15.64,298384500,$43.52,3448805,$110.54,14453170,$181.03,6985359,$123.47,2921495,$108.97,3854134,$135.20,4075754,$12.41,12513730,$124.25,4909898,4.08,4.26,4.38,4.51,4.72,4.78,4.48,4.24,3.92,3.85,3.75,4.02,3.81,85.85
11/28/2022,$144.22,69346520,$93.95,75062320,$96.05,26252430,$241.76,24810270,$108.78,23332820,$15.83,304152000,$43.58,2959955,$109.81,23017670,$178.36,9367156,$121.92,3414724,$107.82,3601223,$134.84,3393929,$12.15,11183710,$123.84,5649277,4.11,4.29,4.41,4.52,4.72,4.76,4.46,4.22,3.88,3.8,3.69,3.97,3.74,89.14
11/25/2022,$148.11,35195860,$93.41,35088610,$97.46,9701441,$247.49,9200772,$111.41,12007570,$16.27,167934300,$44.63,2034711,$113.21,7136013,$183.70,2796407,$125.20,1588506,$110.78,1409419,$138.40,998236,$12.36,4024179,$126.81,2547757,4.16,4.33,4.41,4.52,4.67,4.76,4.42,4.2,3.85,3.78,3.68,3.97,3.74,86.52
11/23/2022,$151.07,58301400,$94.13,59414680,$98.46,18868090,$247.58,19508460,$112.24,21343080,$16.52,427240900,$44.61,4938485,$113.61,11546690,$184.24,5831218,$125.60,3941363,$110.71,2662261,$139.21,2878324,$12.43,8746366,$126.74,7482609,4.12,4.29,4.4,4.5,4.67,4.75,4.46,4.23,3.88,3.81,3.71,3.97,3.74,88.8
11/22/2022,$150.18,51804130,$93.20,62191960,$97.05,23438480,$245.03,19665700,$111.44,29028960,$16.04,472866100,$43.85,12566150,$114.18,17719090,$185.89,9017994,$126.60,4314031,$112.29,3494145,$141.98,3134360,$12.49,16312950,$129.98,5604173,3.97,4.26,4.4,4.49,4.68,4.79,4.47,4.27,3.93,3.86,3.76,4.05,3.83,91.8
11/21/2022,$148.01,58724070,$92.46,84330270,$95.60,21647390,$242.05,26394700,$109.86,24351070,$15.32,404739300,$41.07,7317528,$110.97,20972980,$181.24,8432869,$120.31,5107356,$109.03,3047236,$135.96,3927479,$12.16,16642430,$125.49,6573237,3.97,4.24,4.41,4.47,4.65,4.75,4.48,4.32,3.97,3.94,3.83,4.14,3.91,92.58
11/18/2022,$151.29,74829570,$94.14,72428190,$97.43,28342300,$241.22,27613520,$112.05,33357710,$15.41,492071700,$42.04,3992255,$112.08,15415030,$182.99,7661469,$121.18,3783502,$108.99,3696427,$137.62,3388274,$12.17,13870600,$128.59,5727237,3.93,4.23,4.34,4.46,4.61,4.74,4.51,4.28,3.99,3.92,3.82,4.13,3.92,88.14
11/17/2022,$150.72,80389400,$94.85,82617870,$98.36,26052600,$241.68,23123540,$111.45,35093820,$15.68,710893600,$41.76,2382283,$113.06,12435740,$184.09,6553224,$120.40,3202198,$109.73,2445969,$137.91,2900030,$11.95,12749600,$131.19,5737002,3.93,4.2,4.32,4.44,4.57,4.68,4.43,4.22,3.93,3.87,3.77,4.1,3.89,90.06
11/16/2022,$148.79,64218270,$97.12,87958830,$98.85,29105150,$241.73,24093270,$113.23,33287770,$15.91,649546800,$41.18,2679940,$112.91,13590970,$184.99,7941075,$119.86,2758644,$107.68,3021877,$135.53,4649672,$12.11,13903900,$129.24,7365573,3.81,4.15,4.32,4.43,4.54,4.62,4.35,4.13,3.83,3.77,3.67,4.03,3.85,88.36
11/15/2022,$150.04,89868330,$98.94,111336300,$98.44,41640820,$241.97,31390120,$117.08,50670500,$16.67,545875500,$42.35,2967423,$114.13,19373750,$188.05,7747319,$120.00,3580655,$111.11,3785692,$140.71,4765766,$12.04,18907910,$134.09,8300574,3.77,4.1,4.31,4.4,4.54,4.6,4.37,4.17,3.93,3.88,3.8,4.2,3.98,86.54
11/14/2022,$148.28,73374110,$98.49,99533070,$95.70,30179540,$241.55,31123340,$114.22,53394970,$16.30,527852500,$42.25,2741701,$113.37,20858290,$186.55,9722363,$120.53,2801038,$110.26,3977366,$136.80,4593674,$12.03,12506660,$133.03,6163372,3.72,4.05,4.34,4.38,4.55,4.63,4.4,4.24,4,3.95,3.88,4.28,4.07,87.85
11/11/2022,$149.70,93979670,$100.79,111590500,$96.41,33090480,$247.11,34620250,$113.02,59961740,$16.33,655487500,$42.68,2524199,$113.95,20518850,$186.46,8428326,$121.23,3390221,$111.30,5586863,$133.96,4438213,$12.20,16960800,$133.96,8662041,3.72,4.05,4.34,4.38,4.55,4.63,4.4,4.24,4,3.95,3.88,4.28,4.07,89.06
11/10/2022,$146.87,118854000,$96.63,173414900,$93.94,51620140,$242.98,46268020,$111.87,80670960,$15.75,700819300,$41.72,3582249,$110.50,20146730,$181.30,6981533,$119.18,2875487,$106.24,3457335,$132.45,2916284,$12.32,13359440,$129.46,7543858,3.71,4,4.28,4.36,4.52,4.59,4.34,4.17,3.95,3.89,3.82,4.24,4.03,89.39
11/09/2022,$134.87,74917790,$86.14,90796250,$87.32,31769100,$224.51,27852910,$101.47,107677300,$13.78,454413700,$39.33,2106542,$108.90,19522760,$177.93,8021724,$115.86,2882369,$104.09,4702312,$128.00,4125891,$11.97,13683770,$125.26,7069481,3.65,4.05,4.29,4.4,4.59,4.75,4.61,4.49,4.27,4.2,4.12,4.5,4.31,86.93
11/08/2022,$139.50,89908480,$89.98,88703370,$88.90,30429030,$228.87,28192550,$96.47,52088320,$14.60,595292000,$40.42,2523887,$114.00,14661030,$185.34,6308242,$119.10,2108841,$105.11,2488599,$132.25,3736876,$12.27,14898170,$134.44,5039770,3.66,4.04,4.28,4.39,4.6,4.77,4.67,4.55,4.31,4.22,4.14,4.47,4.28,86.12
11/07/2022,$138.92,83374630,$90.53,77495730,$88.49,34078910,$227.87,33497980,$96.72,81987300,$14.30,410061000,$39.87,2497915,$113.64,16008040,$185.61,7577990,$119.50,4505804,$105.43,3226657,$131.78,3767934,$12.39,12876770,$134.94,6882396,3.78,4.04,4.29,4.39,4.62,4.8,4.72,4.63,4.39,4.31,4.22,4.55,4.34,85.47
11/04/2022,$138.38,140814800,$90.98,129101300,$86.58,51124900,$221.39,36789060,$90.79,55638060,$14.16,612575900,$39.00,2816412,$112.31,17541460,$183.42,7491859,$117.65,2748583,$103.48,3059218,$128.72,3203978,$12.30,17958220,$132.32,10663700,3.73,4,4.21,4.36,4.55,4.76,4.66,4.58,4.33,4.26,4.17,4.49,4.27,86.02
11/03/2022,$138.88,97918520,$89.30,136683300,$83.43,61288020,$214.25,36633920,$88.91,60664010,$13.42,500064900,$37.35,2385273,$111.10,17103670,$181.13,6607761,$118.20,3042142,$103.12,3073692,$129.71,3218890,$12.19,23641020,$133.82,13209060,3.75,4.04,4.25,4.38,4.57,4.78,4.71,4.63,4.36,4.26,4.14,4.42,4.18,86
11/02/2022,$145.03,93604620,$92.12,135761800,$86.97,57038280,$220.10,38407010,$90.54,71821060,$13.22,672627800,$37.67,2865666,$109.61,20661780,$178.50,8095097,$114.73,4001439,$103.24,3683020,$125.83,4057301,$12.36,31958750,$126.51,7681864,3.7,4.01,4.22,4.38,4.57,4.76,4.61,4.54,4.3,4.2,4.1,4.41,4.15,83.29
11/01/2022,$150.65,80379350,$96.79,153370000,$90.47,47161350,$228.17,30592270,$95.20,110189600,$13.54,432816900,$39.15,2227383,$111.91,22213140,$182.22,9185616,$119.20,5767338,$107.38,5810757,$130.00,3973984,$12.75,20265830,$127.78,5875587,3.72,4,4.23,4.35,4.58,4.75,4.54,4.48,4.27,4.18,4.07,4.37,4.14,86
10/31/2022,$153.34,97943170,$102.44,99251400,$94.51,31675040,$232.13,28357270,$93.16,121361400,$13.50,486341000,$38.40,2578877,$110.81,26401840,$180.90,13281030,$113.62,3158527,$104.29,3581559,$125.55,4265069,$12.77,25431070,$126.09,7121033,3.73,4,4.22,4.33,4.57,4.66,4.51,4.45,4.27,4.18,4.1,4.44,4.22,86.1
10/28/2022,$155.74,164762400,$103.41,223133400,$96.29,43697290,$235.87,40647720,$99.20,95928310,$13.83,521039900,$39.16,3062272,$110.70,28169440,$179.98,10773910,$113.57,2552826,$104.20,3561146,$125.98,3505129,$12.53,18076770,$127.17,7293389,3.75,3.95,4.18,4.3,4.51,4.55,4.41,4.38,4.19,4.1,4.02,4.38,4.15,89.59
10/27/2022,$144.80,109180200,$110.96,129605400,$92.22,60710860,$226.75,40424650,$97.94,232316600,$13.18,583113100,$37.76,3395825,$107.55,18214020,$177.90,9177445,$113.65,2518706,$103.56,3394346,$128.27,3488577,$12.44,20488390,$126.64,8948517,3.76,3.95,4.13,4.27,4.44,4.5,4.3,4.29,4.09,4.01,3.96,4.32,4.12,87.83
10/26/2022,$149.35,88436170,$115.66,69002460,$94.93,88279040,$231.32,82684850,$129.82,89294680,$12.90,535533300,$37.79,2339668,$107.14,17390410,$177.09,6867398,$113.12,2477731,$102.26,3172547,$126.74,3307876,$12.28,28935460,$126.57,8141443,3.54,3.85,4.11,4.27,4.47,4.54,4.39,4.41,4.2,4.12,4.04,4.38,4.19,89.75
10/25/2022,$152.34,74732290,$120.60,50934610,$104.48,40611380,$250.66,34775510,$137.51,38433220,$13.26,505482300,$37.74,2434329,$105.88,15719810,$174.93,7280616,$111.44,3139158,$100.22,2627265,$126.80,4396353,$12.04,15099700,$123.94,7000792,3.56,3.81,4.14,4.32,4.5,4.6,4.42,4.45,4.25,4.17,4.1,4.45,4.26,91.6
10/24/2022,$149.45,75981920,$119.82,49531520,$102.52,27176420,$247.25,24911210,$129.72,63563450,$12.60,517457400,$37.28,2346568,$106.60,17024240,$173.13,7007718,$111.46,2691269,$100.40,1996080,$129.22,4595984,$12.07,14129370,$125.14,5734912,3.57,3.83,4.16,4.33,4.52,4.61,4.5,4.52,4.36,4.31,4.25,4.59,4.4,93.07
10/21/2022,$147.27,86548610,$119.32,55660490,$101.13,32458720,$242.12,26299730,$130.01,46348650,$12.47,609494400,$36.85,2964701,$105.86,22814150,$173.19,7971263,$111.38,3074863,$100.44,3260090,$127.74,3401944,$12.09,17774800,$124.49,5886227,3.55,3.78,4.09,4.31,4.43,4.58,4.49,4.52,4.34,4.28,4.21,4.54,4.33,88.9
10/20/2022,$143.39,64521990,$115.25,48795100,$99.97,25323200,$236.15,21811020,$131.53,26356280,$12.19,652397600,$34.86,2122346,$103.93,17649030,$168.96,8871544,$109.34,2733116,$97.74,3033556,$124.44,4177617,$11.89,17149980,$121.81,6456075,3.58,3.83,4.09,4.33,4.48,4.66,4.62,4.66,4.45,4.36,4.24,4.47,4.24,88.22
10/19/2022,$143.86,61758340,$115.07,47198120,$99.63,23811060,$236.48,19985700,$133.23,30691050,$12.05,523130600,$34.49,2225809,$103.79,20921700,$168.00,9766782,$108.87,3627215,$97.95,3343521,$123.96,4692945,$11.88,16280310,$121.11,5500398,3.31,3.72,4.07,4.32,4.45,4.6,4.55,4.56,4.35,4.26,4.14,4.38,4.15,86.87
10/18/2022,$143.75,99136610,$116.36,65607450,$100.77,24060670,$238.50,26329590,$132.80,25444980,$11.97,659362100,$34.56,2468792,$100.80,14065440,$162.72,5631214,$108.16,2755271,$96.11,2756488,$117.70,4929378,$11.79,21788560,$117.89,6826198,3.25,3.7,4.04,4.32,4.39,4.5,4.43,4.43,4.21,4.12,4.01,4.27,4.04,84.05
10/17/2022,$142.41,85250940,$113.79,62781990,$99.97,28419190,$237.53,28142270,$134.04,29612250,$11.89,580774200,$34.47,3412404,$100.62,14283230,$161.31,5890355,$105.37,2340667,$95.46,3667635,$115.50,3712404,$11.70,13013530,$118.36,6666960,3.3,3.66,3.97,4.32,4.38,4.5,4.45,4.45,4.24,4.15,4.02,4.29,4.04,79.91
10/14/2022,$138.38,88597970,$106.90,67737340,$96.56,25410670,$228.56,30198590,$126.76,23559410,$11.23,713432000,$34.26,2288227,$99.19,15229630,$160.14,7330891,$104.10,3055695,$94.10,3905281,$114.12,3738269,$11.47,12276900,$117.96,7647416,3.3,3.61,3.81,4.32,4.31,4.5,4.48,4.47,4.25,4.15,4,4.26,3.99,81.78
10/13/2022,$142.99,113224000,$112.53,86868100,$99.06,34574550,$234.24,42551820,$130.29,34325720,$11.96,850103000,$34.99,3036299,$101.87,22019140,$165.28,10227530,$109.07,3243894,$96.90,3690032,$120.86,4495623,$11.71,21835790,$122.74,7999109,3.35,3.6,3.79,4.32,4.3,4.46,4.47,4.44,4.21,4.11,3.97,4.25,3.97,82.61
10/12/2022,$138.34,70433740,$112.90,45728660,$97.56,21876360,$225.75,21903940,$127.50,34605250,$11.50,492590200,$33.77,2873300,$98.43,12635770,$157.64,4942040,$104.96,3051947,$92.94,2838819,$115.20,4252330,$11.50,10115960,$116.30,6221624,3.07,3.45,3.7,4.32,4.16,4.28,4.28,4.29,4.12,4.03,3.91,4.18,3.9,78.91
10/11/2022,$138.98,77033670,$112.21,56432230,$97.18,26507100,$225.41,30473950,$128.54,38481400,$11.59,667481600,$33.87,3090675,$98.00,17804130,$157.17,7533526,$103.43,3213516,$90.34,2939553,$109.69,2874879,$11.53,16136770,$115.58,7602529,3.07,3.43,3.67,4.32,4.17,4.28,4.3,4.31,4.14,4.06,3.93,4.19,3.92,77.17
10/10/2022,$140.42,74899000,$113.67,42339680,$97.86,18225090,$229.25,29743610,$133.79,24023980,$11.67,698699300,$34.48,3266594,$98.84,16786090,$157.14,5904458,$106.06,2751454,$91.11,2785974,$110.86,3494714,$11.34,12909200,$116.80,5883230,3.07,3.43,3.67,4.32,4.17,4.28,4.3,4.31,4.14,4.06,3.93,4.19,3.92,79.07
10/07/2022,$140.09,85925560,$114.56,54677980,$98.68,27502770,$234.24,37769600,$133.45,33214770,$12.08,672478200,$34.60,5614999,$101.03,24507650,$160.03,9972528,$106.84,3114945,$92.50,3283474,$113.78,4557800,$11.54,15249870,$118.51,9373513,3.03,3.34,3.45,4.32,4.09,4.24,4.3,4.33,4.14,4.03,3.89,4.13,3.86,84.02
10/06/2022,$145.43,68402170,$120.30,42253760,$101.42,22323990,$246.79,20239890,$139.07,36231060,$13.13,644156900,$37.48,2757720,$102.06,29124720,$161.42,9498285,$107.86,2396886,$93.36,3237499,$119.22,2857988,$11.55,17048780,$117.65,6388906,3.05,3.34,3.46,4.32,4.04,4.19,4.23,4.24,4.05,3.95,3.83,4.08,3.81,83.38
10/05/2022,$146.40,79470970,$120.95,48217540,$101.43,22176900,$249.20,20347140,$138.98,27979350,$13.21,507130700,$37.86,2512436,$99.12,34857700,$158.53,10633060,$107.58,4493415,$92.61,5443391,$118.09,4207242,$11.85,21369810,$115.93,10072970,2.89,3.22,3.46,4.32,4,4.14,4.15,4.17,3.96,3.87,3.76,4.05,3.78,84.69
10/04/2022,$146.10,87830060,$121.09,62812560,$101.64,28850770,$248.88,34888420,$140.28,34670730,$13.17,584181700,$37.46,2670362,$95.27,22133710,$157.63,9520192,$107.72,5011092,$90.36,5402354,$117.58,4324775,$11.73,19275380,$115.62,7582876,2.91,3.23,3.45,4.32,3.98,4.15,4.1,4.08,3.84,3.73,3.62,3.95,3.7,86.15
10/03/2022,$142.45,114311700,$115.88,50941850,$98.64,27982030,$240.74,28880360,$138.61,27723060,$12.51,547478500,$35.88,4119719,$91.92,23881330,$151.73,9597434,$102.79,3777772,$84.58,3892029,$112.31,3970428,$11.34,24832980,$109.97,7701872,2.87,3.26,3.46,4.32,3.97,4.01,4.12,4.12,3.9,3.79,3.67,4,3.73,85.57
09/30/2022,$138.20,124925300,$113.00,59479590,$95.65,32941490,$232.90,35694830,$135.68,33166390,$12.14,565638400,$34.17,3041538,$87.31,21357560,$143.67,9402735,$99.33,5011684,$80.72,3259539,$106.85,3718455,$11.03,18930100,$102.34,7171985,2.79,3.2,3.33,4.32,3.92,4.05,4.22,4.25,4.06,3.97,3.83,4.08,3.79,85.72
09/29/2022,$142.48,128138200,$114.80,58969710,$97.42,31047220,$237.50,27484230,$136.41,38985410,$12.22,532763100,$34.19,4703523,$88.68,17896010,$144.77,8197558,$98.70,2767749,$80.63,3118025,$107.24,3152869,$10.97,20039510,$103.66,5929783,2.78,3.2,3.36,4.32,3.87,3.98,4.16,4.19,3.98,3.89,3.76,4,3.71,88.88
09/28/2022,$149.84,146691400,$118.01,55763750,$100.05,32466320,$241.07,29029680,$141.61,32658480,$12.74,542413900,$35.29,2908424,$88.86,19543320,$145.78,8279791,$100.09,5233450,$81.40,5401123,$108.80,4073925,$11.11,24024860,$103.00,9207531,2.63,3.14,3.4,4.32,3.87,3.99,4.07,4.12,3.92,3.83,3.72,3.98,3.7,87.84
09/27/2022,$151.76,84442740,$114.41,60094690,$97.50,30072780,$236.41,27018730,$134.40,30826470,$12.41,553854100,$34.72,3306660,$85.74,17307290,$141.02,10121030,$92.85,3748643,$76.22,4147818,$101.17,3256421,$10.49,27815280,$98.76,8778984,2.71,3.14,3.35,4.32,3.91,4.16,4.3,4.39,4.21,4.14,3.97,4.15,3.87,88.18
09/26/2022,$150.77,93339410,$115.15,62723270,$98.17,27072660,$237.45,27694190,$136.37,30497020,$12.23,547342700,$34.70,3611495,$83.98,22043360,$140.96,9443962,$89.54,5627391,$74.16,4717533,$97.89,4691737,$10.22,42175350,$99.20,8719008,2.73,3.14,3.39,4.32,3.95,4.17,4.27,4.37,4.15,4.06,3.88,4.01,3.72,87.27
09/23/2022,$150.43,96029910,$113.78,65126670,$98.74,31625440,$237.92,34176050,$140.41,31710690,$12.52,663309300,$35.52,2881442,$85.75,27738820,$144.77,13919660,$91.45,8267956,$75.99,5632447,$100.57,5809056,$10.54,60092600,$100.59,10157270,2.67,3.07,3.24,4.32,3.85,4.15,4.2,4.21,3.96,3.85,3.69,3.87,3.61,84.04
09/22/2022,$152.74,86652540,$117.31,55229190,$100.14,34298620,$240.98,31061160,$142.82,34418520,$12.56,759162200,$36.28,2568503,$90.57,16139390,$154.89,6981135,$95.98,3163051,$82.27,2963939,$107.59,3026755,$11.32,30876760,$110.06,4971638,2.73,3.09,3.29,4.32,3.87,4.08,4.11,4.12,3.91,3.84,3.7,3.9,3.65,82.5
09/21/2022,$153.72,101696800,$118.54,58498890,$99.28,31487270,$238.95,28625560,$142.12,38338610,$13.26,807679400,$36.78,2533292,$90.95,17332420,$155.01,6876977,$94.67,4218801,$81.27,2872297,$105.53,4301266,$11.86,20251920,$111.09,5818006,2.59,3.06,3.31,4.32,3.86,4.08,4.02,3.98,3.74,3.65,3.51,3.73,3.5,87.35
09/20/2022,$156.90,107689800,$122.19,47698430,$101.14,26517120,$242.45,26660300,$146.09,23217350,$13.18,524817800,$36.95,2601783,$92.44,14712520,$156.28,8955194,$97.20,3929977,$83.22,3482761,$107.42,4195946,$11.93,16587280,$112.07,5655402,2.57,3.05,3.35,4.32,3.86,4.03,3.96,3.94,3.75,3.69,3.57,3.83,3.59,87.35
09/19/2022,$154.48,81474250,$124.66,47279730,$103.07,23036810,$244.52,26826930,$148.02,22169480,$13.38,569685300,$37.82,2780439,$93.20,15342110,$156.90,6813836,$96.30,4201980,$81.93,3124482,$104.67,3491617,$11.90,16794460,$112.87,6600643,2.62,3.02,3.37,4.32,3.87,4.05,3.95,3.9,3.69,3.62,3.49,3.77,3.52,87.29
09/16/2022,$150.70,162278800,$123.53,115667800,$102.80,42797170,$244.74,39791770,$146.29,40122820,$13.20,670751400,$37.96,5918452,$93.21,37874710,$156.45,43741590,$95.65,18821740,$80.73,6839916,$104.46,10339920,$11.81,21456960,$113.13,14608190,2.68,3.01,3.2,4.32,3.77,3.96,3.85,3.81,3.62,3.56,3.45,3.79,3.52,87.09
09/15/2022,$152.37,90481110,$126.28,52887200,$102.91,34188280,$245.38,31530950,$149.55,34606350,$12.93,523625200,$37.65,3472014,$94.83,21092270,$160.62,9664953,$96.14,6584987,$81.87,5077630,$105.16,6351636,$12.03,16698380,$115.56,9997473,2.76,3.03,3.22,4.32,3.78,4,3.87,3.85,3.66,3.59,3.45,3.75,3.48,90.09
09/14/2022,$155.31,87965410,$128.55,45316770,$105.00,26395130,$252.22,23912950,$151.47,43064200,$13.13,588506500,$38.13,3267796,$97.67,22655680,$163.27,11160780,$98.32,5021478,$86.00,3872132,$109.59,5043611,$12.01,14789570,$117.71,9457897,2.54,2.95,3.24,4.32,3.76,3.95,3.78,3.79,3.6,3.52,3.41,3.73,3.47,92.08
09/13/2022,$153.84,122656600,$126.82,72694010,$104.32,38172870,$251.99,33353320,$153.13,44444060,$13.13,714955600,$38.30,3918873,$95.33,18229120,$159.41,10308250,$97.65,4777370,$86.16,3004016,$111.33,2936945,$11.68,17883260,$112.33,6977448,2.55,2.95,3.28,4.32,3.75,3.92,3.75,3.75,3.58,3.53,3.42,3.75,3.51,97.4
09/12/2022,$163.43,104956000,$136.45,53826860,$110.86,22966750,$266.65,18747690,$168.96,23220410,$14.51,484159200,$40.30,2611648,$97.61,16118940,$162.50,8920774,$99.94,3233882,$89.56,2454498,$114.25,2516381,$12.12,17444520,$114.39,6208604,2.62,2.93,3.17,4.32,3.56,3.7,3.58,3.6,3.47,3.45,3.37,3.76,3.53,93.63
09/09/2022,$157.37,68081010,$133.27,49422260,$110.65,23213590,$264.46,22093190,$169.15,22129800,$14.39,487128400,$39.79,3104949,$96.50,17161440,$159.97,8262324,$100.01,3572850,$88.03,2476899,$113.32,2595471,$11.91,13895080,$111.97,6085960,2.57,2.88,3.08,4.32,3.52,3.67,3.56,3.61,3.45,3.42,3.33,3.71,3.47,93.33
09/08/2022,$154.46,84923850,$129.82,43988510,$108.38,24238290,$258.52,20319910,$162.06,22530790,$13.99,624873100,$38.50,3894691,$94.91,18759210,$155.95,9232512,$98.45,4040095,$85.93,2477370,$111.93,2714159,$11.58,14308520,$108.32,7147237,2.57,2.86,3.06,4.32,3.44,3.6,3.48,3.54,3.39,3.37,3.29,3.69,3.45,95.52
09/07/2022,$155.96,87449570,$129.48,47834490,$109.45,23166970,$258.09,24126700,$160.39,16831180,$13.71,512657500,$37.98,3571537,$94.14,16274660,$155.11,9442085,$98.34,4176235,$86.32,2633167,$112.62,3052773,$11.47,21644000,$106.76,6890850,2.3,2.8,3.07,4.32,3.42,3.6,3.45,3.5,3.37,3.35,3.27,3.67,3.42,96.46
09/06/2022,$154.53,73714840,$126.11,43888590,$106.81,25068280,$253.25,21328240,$158.54,19339780,$13.47,535751200,$37.29,3994627,$94.95,19201530,$157.12,8550015,$98.46,4122882,$86.76,2556417,$112.78,2637582,$11.54,11850570,$108.63,7270939,2.44,2.82,3.04,4.32,3.4,3.61,3.5,3.55,3.43,3.41,3.33,3.74,3.49,93.42
09/02/2022,$155.81,76957770,$127.51,57429830,$107.85,24160710,$256.06,22855380,$160.32,22634190,$13.65,743157500,$37.79,3422546,$95.59,18206810,$157.85,7526632,$99.13,4207513,$88.46,2641561,$113.82,3772561,$11.75,16334700,$110.26,6096743,2.49,2.79,2.94,4.32,3.33,3.47,3.4,3.44,3.3,3.29,3.2,3.61,3.35,93.2
09/01/2022,$157.96,74229900,$127.82,56636150,$109.74,28360930,$260.40,23263430,$165.36,30145680,$13.94,1178865000,$37.65,4298399,$93.87,16422990,$155.54,8244374,$96.76,7519985,$86.33,4004399,$110.64,4500671,$11.73,21758970,$107.53,6717327,2.53,2.8,2.97,4.32,3.34,3.51,3.51,3.54,3.39,3.36,3.26,3.64,3.37,90.85
08/31/2022,$157.22,87991090,$126.77,53648700,$108.22,28626970,$261.47,24791830,$162.93,40952980,$15.09,573709900,$38.29,6819921,$95.59,18340880,$158.06,13582720,$100.75,6636190,$89.46,2841663,$117.12,4688049,$11.71,25671780,$109.45,6775742,2.4,2.72,2.96,4.32,3.32,3.5,3.45,3.46,3.3,3.25,3.15,3.53,3.27,89.23
08/30/2022,$158.91,77906200,$128.73,49202990,$108.94,27513260,$262.97,22767070,$157.16,19567950,$15.47,530180700,$39.69,4619685,$96.31,17086840,$160.62,8814325,$101.50,6281671,$90.15,2836369,$118.03,4032732,$11.81,19559280,$110.50,7746894,2.43,2.73,2.97,4.32,3.31,3.48,3.46,3.47,3.27,3.22,3.11,3.49,3.23,92.24
08/29/2022,$161.38,73313950,$129.79,48101640,$109.42,21191160,$265.23,20338540,$159.17,20052660,$15.80,496131900,$40.59,6315198,$100.12,23059210,$164.63,8462554,$105.00,4563252,$93.20,2576596,$123.42,3335964,$12.30,14395420,$113.42,6479677,2.45,2.75,2.97,4.32,3.32,3.43,3.42,3.45,3.27,3.21,3.12,3.5,3.25,94.86
08/26/2022,$163.62,78960980,$130.75,53322660,$110.34,37245700,$268.09,27549310,$161.78,24023630,$16.26,769127400,$41.43,12423830,$97.87,15531370,$163.41,7765789,$104.34,3545268,$92.18,2750003,$121.88,3077325,$12.14,15343270,$112.12,6508841,2.39,2.69,2.89,4.32,3.26,3.36,3.37,3.4,3.2,3.14,3.04,3.44,3.21,97.02
08/25/2022,$170.03,51218210,$137.28,37496280,$116.65,16956790,$278.85,16583410,$168.78,15550510,$17.91,770691300,$47.90,3798354,$99.09,15305730,$164.62,8050712,$105.97,2869338,$93.81,2766027,$123.36,4014746,$12.36,14705060,$112.08,5240955,2.42,2.7,2.88,4.32,3.25,3.33,3.35,3.37,3.15,3.11,3.03,3.47,3.25,94.68
08/24/2022,$167.53,53841520,$133.80,38626980,$113.69,17734620,$275.79,18137020,$163.26,20891480,$17.22,522660700,$46.62,1981411,$98.58,17050310,$163.19,9468086,$104.78,3601416,$92.37,3200709,$122.12,3423826,$12.29,23594210,$110.52,6286120,2.29,2.62,2.82,4.32,3.28,3.35,3.36,3.4,3.2,3.2,3.11,3.55,3.32,93.18
08/23/2022,$167.23,54147080,$133.62,36252100,$113.86,15870370,$276.44,17527410,$161.11,18111780,$17.18,369985800,$46.94,2737691,$98.00,23764740,$161.99,10354810,$103.49,3550387,$91.41,3128049,$122.11,3179355,$12.18,17502030,$108.45,8252951,2.28,2.6,2.8,4.32,3.21,3.29,3.29,3.35,3.18,3.14,3.05,3.49,3.26,93.52
08/22/2022,$167.57,69026810,$133.22,50461500,$114.24,21456650,$277.75,25061070,$163.05,19499710,$17.03,409592700,$46.84,2883205,$94.01,16019930,$156.90,9146956,$100.42,5836951,$88.23,2694601,$119.13,2774196,$11.82,14532230,$105.24,6701726,2.27,2.6,2.82,4.32,3.23,3.32,3.32,3.36,3.17,3.12,3.03,3.48,3.24,91.77
08/19/2022,$171.52,70346300,$138.23,47792840,$117.21,21809530,$286.15,20570030,$167.96,26240800,$17.85,441588300,$47.67,2123038,$94.08,16128560,$157.69,6834151,$100.45,3237572,$88.44,3167509,$118.55,2667491,$11.81,10692840,$105.14,7067070,2.23,2.6,2.74,4.32,3.16,3.26,3.25,3.28,3.11,3.06,2.98,3.44,3.22,91.29
08/18/2022,$174.15,62290080,$142.30,37458740,$120.17,17987660,$290.17,17186190,$174.66,18844450,$18.77,415446600,$48.94,2147355,$94.38,17770370,$159.02,6477525,$100.79,3837632,$88.69,5465987,$118.79,4531926,$11.93,12801480,$104.88,5966657,2.23,2.56,2.71,4.32,3.12,3.24,3.22,3.23,3.02,2.97,2.88,3.35,3.14,93.25
08/17/2022,$174.55,79542040,$142.10,48149780,$119.55,22846960,$291.32,18253360,$174.85,20118130,$18.34,446799100,$47.83,2086928,$92.20,13678050,$157.70,6741052,$98.62,3652176,$89.87,3064022,$117.75,4093895,$11.62,15980560,$101.36,5346541,2.22,2.51,2.68,4.32,3.15,3.27,3.28,3.27,3.04,2.99,2.89,3.37,3.15,97.14
08/16/2022,$173.03,56377050,$144.78,59102860,$121.70,19041230,$292.71,18102880,$179.47,21156710,$18.88,451239600,$48.59,2257213,$91.46,14038210,$156.41,7218400,$96.65,3697653,$89.36,3420056,$113.31,3353089,$11.80,13712610,$100.10,6924364,2.26,2.51,2.7,4.32,3.12,3.26,3.25,3.19,2.95,2.9,2.82,3.31,3.11,96.59
08/15/2022,$173.19,54091690,$143.18,39014580,$122.08,19494830,$293.47,18085650,$180.89,15878670,$19.03,457665600,$48.30,2258463,$92.32,20755230,$156.81,8975241,$95.79,3352269,$89.16,3082716,$111.95,3822595,$11.58,12673360,$100.77,6585945,2.27,2.53,2.72,4.32,3.13,3.23,3.2,3.14,2.91,2.86,2.79,3.31,3.1,101.31
08/12/2022,$172.10,68039380,$143.55,47643480,$121.68,19096270,$291.91,22619680,$180.50,21274050,$18.71,478094200,$48.22,1987275,$94.00,15058220,$159.85,7244736,$97.47,3605180,$90.00,2795622,$115.19,2413259,$11.67,13982010,$102.75,6684131,2.23,2.5,2.63,4.32,3.13,3.26,3.25,3.18,2.97,2.92,2.84,3.34,3.12,99.11
08/11/2022,$168.49,57149160,$140.64,44867340,$118.84,24293650,$287.02,20065940,$177.49,24079060,$17.94,509326600,$47.60,2342620,$93.19,18797870,$159.62,7888554,$96.71,4476182,$88.33,2803166,$114.09,3752253,$11.49,17937480,$100.36,6481603,2.24,2.51,2.62,4.32,3.08,3.25,3.23,3.16,2.98,2.94,2.87,3.38,3.15,100.03
08/10/2022,$169.24,70170540,$142.69,54773820,$119.70,30930350,$289.16,24687850,$178.34,30262130,$18.10,597422500,$47.23,1967260,$91.45,18302000,$155.82,6145793,$95.18,4373805,$85.63,2191630,$111.76,4384969,$11.27,15566440,$95.98,5625750,2.24,2.43,2.65,4.32,3.13,3.26,3.23,3.13,2.93,2.86,2.78,3.27,3.04,97.74
08/09/2022,$164.92,63135500,$137.83,40434720,$116.63,19086470,$282.30,23405240,$168.53,18655060,$17.09,668262700,$45.09,2767515,$90.59,19083430,$155.41,5842157,$93.35,4302880,$85.53,2062364,$110.67,3535809,$10.97,15500610,$95.51,7477881,2.23,2.43,2.67,4.32,3.16,3.33,3.28,3.2,2.97,2.89,2.8,3.24,3.01,99.83
08/08/2022,$164.87,60362340,$139.41,52303480,$117.30,19169480,$280.32,18757820,$170.25,27299110,$17.79,983783200,$45.45,2821441,$88.95,14467150,$153.41,5971746,$90.39,4418803,$83.80,1680224,$106.39,2959626,$10.89,12976020,$93.63,4788154,2.23,2.43,2.65,4.32,3.15,3.3,3.21,3.14,2.91,2.85,2.77,3.22,3,97.71
08/05/2022,$165.35,56696990,$140.80,50686870,$117.47,19159520,$282.91,16774610,$167.11,25832700,$18.99,386068300,$45.41,3221430,$88.45,17408030,$153.64,7170150,$90.22,3833275,$83.76,1796206,$104.99,3680514,$10.82,15612740,$92.85,5848042,2.21,2.39,2.58,4.32,3.1,3.29,3.24,3.18,2.97,2.91,2.83,3.27,3.06,98.44
08/04/2022,$165.81,55474140,$142.57,70585020,$118.19,21602930,$283.65,18098670,$170.57,23938210,$19.22,409652300,$44.20,3152146,$87.19,31821470,$151.14,10640040,$90.17,4368805,$82.65,2989681,$104.33,5451764,$11.11,24491680,$89.88,7810483,2.19,2.36,2.5,4.32,2.98,3.11,3.03,2.95,2.76,2.73,2.68,3.15,2.97,104.45
08/03/2022,$166.13,82507490,$139.52,71827780,$118.08,28499010,$282.47,23518870,$168.80,31717530,$18.89,418145600,$44.45,3057267,$91.02,23580810,$155.36,8751360,$92.68,6162042,$85.51,3539718,$107.81,5096158,$11.25,21529740,$91.32,6783271,2.2,2.29,2.52,4.32,3,3.14,3.1,3.04,2.86,2.81,2.73,3.17,2.96,106.12
08/02/2022,$160.01,59907030,$134.16,61922430,$115.13,20236030,$274.82,22754180,$160.19,27374520,$18.53,489526900,$44.26,2242209,$94.07,16722500,$159.14,5928321,$93.62,6764616,$87.54,2455903,$112.99,4282630,$11.27,17781990,$94.71,4653034,2.22,2.33,2.56,4.32,3,3.09,3.06,3.02,2.85,2.82,2.75,3.22,3,104.48
08/01/2022,$161.51,67829380,$135.39,76846910,$114.86,26034290,$278.01,21539580,$159.93,40596700,$18.44,476469000,$45.42,1807431,$94.48,20793150,$160.51,8017771,$90.32,4470934,$87.49,2910902,$110.65,3960743,$11.32,20548400,$95.10,5598924,2.22,2.33,2.56,4.32,2.96,2.98,2.9,2.82,2.66,2.64,2.6,3.12,2.92,99.59
07/29/2022,$162.51,101786900,$134.95,148892900,$116.32,37223390,$280.74,32152750,$159.10,42065400,$18.16,435460400,$45.06,2121352,$96.93,29825830,$163.78,17143670,$91.66,6740908,$89.00,4750396,$110.77,6066745,$11.31,20429940,$97.43,7394770,2.22,2.28,2.41,4.32,2.91,2.98,2.89,2.83,2.7,2.7,2.67,3.2,3,97.79
07/28/2022,$157.35,81378730,$122.28,82245540,$114.22,32816570,$276.41,33459330,$160.72,73214330,$17.98,474646300,$44.50,1625706,$92.64,20353090,$150.39,6574257,$89.59,3800817,$88.01,3257055,$109.51,6920523,$11.18,23983850,$94.06,4656115,2.2,2.3,2.42,4.32,2.9,2.93,2.85,2.81,2.69,2.69,2.68,3.23,3.02,98.44
07/27/2022,$156.79,78620690,$120.97,61582020,$113.06,59858500,$268.74,45994050,$169.58,43846560,$17.79,569776200,$44.29,1889015,$91.57,18046960,$149.26,6223030,$89.98,3051795,$88.34,2277253,$111.50,4220462,$10.95,21002050,$93.27,6237834,2.14,2.3,2.44,4.32,2.93,3,2.96,2.93,2.82,2.83,2.78,3.26,3.03,97.69
07/26/2022,$151.60,55138690,$114.81,67075060,$105.02,47990960,$251.90,39347960,$159.15,28468420,$16.53,397864900,$43.43,2309291,$89.63,15141200,$147.32,6112846,$87.96,3338719,$85.95,1869994,$107.63,2853083,$10.65,14743260,$91.09,7127158,2.17,2.35,2.55,4.32,3.01,3.06,3.02,3.01,2.89,2.88,2.81,3.27,3.03,106.09
07/25/2022,$152.95,53623950,$121.14,50221260,$107.51,34690890,$258.83,21056000,$166.65,26166330,$17.02,480747500,$43.85,2262274,$89.98,17536370,$148.48,6210859,$88.80,3206611,$87.24,2756621,$109.32,3740243,$10.60,23949320,$92.05,5815080,2.14,2.31,2.62,4.32,3.06,3.07,3,2.98,2.89,2.89,2.81,3.28,3.04,106.78
07/22/2022,$154.09,66675410,$122.42,51463800,$107.90,48901180,$260.36,21881290,$169.27,42583920,$17.32,536670900,$43.34,3365352,$87.08,15479480,$144.19,5889480,$85.65,3950018,$84.53,2706668,$104.02,3855275,$10.25,9608275,$88.13,6243528,2.15,2.29,2.49,4.32,2.97,3.01,2.98,2.93,2.87,2.85,2.77,3.23,3,104.62
07/21/2022,$155.35,65086640,$124.63,60239890,$114.34,32676170,$264.84,22404680,$183.17,27195820,$18.05,557049300,$44.65,2177610,$87.75,21375670,$145.40,6724233,$86.45,4713675,$85.21,3628248,$104.15,4933822,$10.36,12550180,$88.93,8016664,2.15,2.3,2.48,4.32,3,3.11,3.1,3.07,3,2.99,2.91,3.33,3.08,100.31
07/20/2022,$153.04,64823410,$122.77,71268320,$113.90,35600430,$262.27,22788280,$183.09,24784270,$17.81,760537800,$44.17,2559019,$89.24,16584410,$146.52,7856587,$88.79,3131956,$86.85,3590906,$109.28,2720617,$10.47,13093460,$90.71,7720461,1.92,2.29,2.51,4.32,3.04,3.18,3.25,3.25,3.18,3.15,3.04,3.43,3.17,101.55
07/19/2022,$151.00,82982370,$118.21,60990040,$113.81,36530950,$259.53,25012560,$175.78,25933680,$16.99,702366100,$44.04,2321489,$88.27,18248900,$144.61,9152131,$87.85,4302550,$85.41,2767356,$108.74,2933521,$10.43,13781100,$88.48,6674814,1.93,2.29,2.52,4.32,3.06,3.18,3.23,3.22,3.14,3.11,3.01,3.42,3.17,101.55
07/18/2022,$147.07,81420870,$113.76,59115420,$109.03,43164590,$254.25,20975030,$167.23,23574340,$16.10,670517500,$42.90,2182993,$86.10,19395810,$139.58,7943901,$85.23,4032372,$82.75,2709757,$106.31,3145181,$10.09,19074200,$85.07,7057624,1.96,2.28,2.5,4.32,3.02,3.13,3.15,3.15,3.06,3.05,2.96,3.39,3.14,110.3
07/15/2022,$150.17,76259930,$113.55,84317820,$111.78,46769120,$256.72,29774050,$164.70,23342810,$15.76,385935500,$43.46,2208756,$84.54,17243750,$137.65,7051940,$84.42,4706345,$81.64,2792219,$104.59,2791874,$9.82,12932750,$82.89,5898990,1.98,2.26,2.37,4.32,2.94,3.12,3.13,3.14,3.05,3.03,2.93,3.34,3.1,107.76
07/14/2022,$148.47,78140740,$110.63,51163140,$110.37,37003040,$254.08,25102820,$158.05,23765170,$15.37,456234800,$42.70,3574901,$83.14,26343030,$135.94,10150200,$80.68,4935756,$78.55,4199050,$100.78,5118144,$9.66,22623990,$81.61,8890151,1.99,2.32,2.4,4.32,2.93,3.16,3.15,3.16,3.06,3.05,2.96,3.36,3.11,111.65
07/13/2022,$145.49,71185560,$110.40,61353810,$111.35,43722020,$252.72,29497420,$163.49,16555140,$15.16,521918300,$43.14,3584694,$84.84,19928600,$137.99,9414621,$81.94,4485931,$79.65,3591348,$102.39,3118791,$9.86,23086650,$83.11,5535252,1.78,2.2,2.39,4.32,2.96,3.21,3.13,3.14,3.02,3,2.91,3.35,3.08,113.66
07/12/2022,$145.86,77588760,$109.22,54280260,$114.02,29959700,$253.67,35868450,$163.27,16639660,$15.08,458483100,$43.05,4518224,$84.50,21013010,$138.92,8653904,$82.75,4458195,$80.51,2565244,$104.86,3152460,$9.68,18188030,$83.45,5573054,1.63,2.01,2.22,4.32,2.78,3.07,3.03,3.07,3.01,3.01,2.96,3.37,3.13,111.44
07/11/2022,$144.87,63305110,$111.75,53540020,$115.68,31243700,$264.51,19519110,$162.88,21905130,$15.15,438388700,$42.48,2401096,$85.64,15608350,$141.51,7058086,$83.63,4050712,$81.76,2448252,$107.79,2942503,$9.73,19484430,$85.55,4689352,1.58,1.95,2.18,4.32,2.79,2.97,3.07,3.09,3.05,3.06,2.99,3.43,3.18,109.07
07/08/2022,$147.04,64547800,$115.54,45719690,$119.35,38238160,$267.66,19658750,$170.88,19249240,$15.84,467971800,$42.92,3314991,$86.08,17673820,$142.77,7915513,$83.27,3825503,$82.01,2219375,$107.03,3675210,$9.95,17091560,$86.46,5615501,1.57,1.92,1.98,4.32,2.68,2.96,3.12,3.14,3.13,3.16,3.09,3.53,3.27,105.75
07/07/2022,$146.35,66253710,$116.33,57872320,$118.78,40935880,$268.40,20859870,$172.19,24083370,$15.86,492902800,$42.94,2983497,$85.94,23817360,$143.52,12741790,$83.43,6299939,$82.54,3711308,$106.34,4351377,$9.87,25204900,$86.35,8072413,1.55,1.9,1.95,4.32,2.64,2.87,3.03,3.05,3.05,3.07,3.01,3.45,3.2,106.22
07/06/2022,$142.92,74064250,$114.33,66958880,$114.57,37431380,$266.21,23824420,$169.77,23085920,$15.13,529065900,$42.20,3685448,$83.28,33375730,$140.78,12421180,$79.31,8348482,$79.53,4624352,$101.71,5496182,$9.54,39122880,$83.34,12130930,1.36,1.7,1.9,4.32,2.62,2.82,2.97,2.99,2.96,2.99,2.93,3.42,3.14,110.49
07/05/2022,$141.56,73429640,$113.50,76684410,$113.26,39399640,$262.85,22971630,$168.19,28664800,$14.96,652207600,$43.14,3849786,$84.81,34601330,$142.66,11518340,$81.74,7247742,$80.39,5208565,$103.59,5316800,$9.88,32246040,$84.64,13488000,1.33,1.71,1.9,4.32,2.59,2.77,2.82,2.82,2.82,2.87,2.82,3.31,3.05,110.49
07/01/2022,$138.93,71051550,$109.56,73021170,$108.74,35475660,$259.58,22837690,$160.03,31423930,$14.52,577610100,$42.74,6384352,$87.55,26327860,$146.51,7684648,$84.48,5971928,$84.37,4093267,$107.98,4355371,$10.02,24090160,$90.98,6004979,1.27,1.68,1.73,4.32,2.52,2.79,2.84,2.85,2.88,2.92,2.88,3.35,3.11,117.56
06/30/2022,$136.72,98964470,$106.21,97679400,$108.96,43169060,$256.83,31730870,$161.25,35250610,$15.16,686070000,$46.21,3977058,$85.64,39948070,$144.78,10684990,$82.21,6762749,$81.99,4829111,$106.28,6085063,$9.98,34151900,$89.81,12749010,1.28,1.68,1.72,4.32,2.51,2.8,2.92,2.99,3.01,3.04,2.98,3.38,3.14,115.32
06/29/2022,$139.23,66242410,$108.92,66375340,$111.70,24716820,$260.26,20069840,$163.94,28595240,$15.54,482352300,$47.39,3346368,$88.12,25400940,$146.98,9082908,$84.48,5066261,$84.58,4246324,$108.85,5579247,$10.18,22968170,$91.46,7990081,1.12,1.53,1.78,4.32,2.55,2.88,3.06,3.13,3.15,3.17,3.1,3.46,3.22,118.92
06/28/2022,$137.44,67315330,$107.40,75172030,$112.01,35880960,$256.48,27380250,$160.68,27788730,$15.98,461859400,$48.94,3150280,$91.50,33123000,$149.94,9188157,$88.69,5305844,$88.85,3791882,$116.25,8610932,$10.34,27731780,$95.22,8904586,1.12,1.59,1.79,4.32,2.55,2.88,3.1,3.21,3.25,3.27,3.2,3.55,3.3,120.92
06/27/2022,$141.66,70207910,$113.22,62133240,$115.83,36420760,$264.89,24615110,$169.49,29174560,$16.87,427967900,$50.24,3329814,$89.03,25478680,$147.57,9242394,$87.94,5225428,$87.20,3796203,$112.24,8892259,$10.14,20641860,$92.23,8986106,1.16,1.57,1.79,4.32,2.56,2.89,3.08,3.21,3.24,3.27,3.2,3.56,3.31,120.73
06/24/2022,$141.66,89116840,$116.46,69867620,$117.98,41163680,$267.70,33923230,$170.16,68736010,$17.13,472152800,$50.25,9204565,$86.90,26638990,$144.77,11108280,$85.68,20112530,$84.20,5269760,$103.93,15070030,$10.10,22881620,$90.91,12282390,1.19,1.6,1.73,4.32,2.51,2.83,3.04,3.13,3.18,3.19,3.13,3.51,3.26,121.52
06/23/2022,$138.27,72433770,$112.44,64345300,$112.24,28361920,$258.86,25861450,$158.75,40499200,$16.23,463679600,$49.04,3013985,$85.21,35757210,$142.43,15713650,$84.63,9130045,$84.39,6160645,$104.53,10350240,$9.79,32070480,$87.89,13554890,1.12,1.54,1.65,4.32,2.44,2.78,3.01,3.12,3.14,3.16,3.09,3.45,3.21,121.94
06/22/2022,$135.35,73409230,$108.95,60040130,$111.49,30774140,$253.13,25961220,$155.85,47596820,$16.36,437997400,$48.61,3736911,$87.86,29769630,$147.87,13746270,$89.06,9820325,$90.51,5181745,$113.13,8295345,$10.00,22684800,$93.06,11287460,0.98,1.42,1.61,4.32,2.4,2.79,3.06,3.2,3.22,3.24,3.16,3.49,3.25,119.55
06/21/2022,$135.87,81000490,$108.68,70901250,$111.54,47415800,$253.74,29928300,$157.05,50724900,$16.57,483088900,$49.23,5271453,$91.48,35951460,$154.59,13771960,$91.36,11309250,$95.98,5764941,$116.47,8833485,$10.38,20053670,$99.28,10454860,1.08,1.48,1.7,4.32,2.46,2.92,3.21,3.35,3.38,3.39,3.31,3.63,3.39,118.41
06/17/2022,$131.56,134520300,$106.22,99772150,$107.14,51376520,$247.65,43084780,$163.74,31374220,$15.88,630334000,$47.59,5094863,$86.12,64610190,$148.38,35575070,$87.29,26759320,$90.51,14918000,$112.44,15530910,$9.83,48506100,$93.74,24455110,1.15,1.5,1.63,4.32,2.25,2.86,3.17,3.35,3.34,3.34,3.25,3.55,3.3,116.88
06/16/2022,$130.06,107961500,$103.66,82186300,$106.03,51684960,$244.97,33169160,$160.87,26944140,$15.60,545748700,$45.89,2830846,$91.39,35696750,$155.48,18125950,$91.98,14308200,$96.50,6847784,$118.74,10800560,$10.13,32999250,$102.42,11848360,1.19,1.47,1.59,4.32,2.24,2.88,3.14,3.33,3.35,3.36,3.28,3.59,3.35,115.26
06/15/2022,$135.43,91532970,$107.67,85011060,$109.76,39698180,$251.76,33111730,$169.35,30008250,$16.53,563935700,$47.91,2515384,$94.89,29620780,$164.26,11565260,$98.90,13175830,$102.38,4747321,$128.30,8490716,$10.72,23739790,$109.33,7681383,1.21,1.56,1.74,4.32,2.32,2.93,3.2,3.35,3.38,3.39,3.33,3.64,3.39,114.38
06/14/2022,$132.76,84784330,$102.31,69728760,$106.72,33706260,$244.49,28651490,$163.73,27244270,$15.84,469679500,$47.35,2352425,$96.10,31264020,$167.55,10269310,$102.67,8432770,$104.13,4522751,$133.75,5183534,$10.82,19715550,$111.49,7737670,1.19,1.55,1.83,4.32,2.43,3.15,3.45,3.6,3.61,3.6,3.49,3.72,3.45,114.38
06/13/2022,$131.88,122207100,$103.67,99277740,$106.39,47251920,$242.26,46135790,$164.26,31749300,$15.65,604153400,$47.25,2612668,$95.85,33421050,$167.33,14614910,$102.17,8749089,$101.44,4227454,$131.61,6435937,$11.06,31972610,$111.76,9516863,1.13,1.45,1.73,4.32,2.25,2.89,3.4,3.56,3.56,3.53,3.43,3.68,3.42,114.96
06/10/2022,$137.13,91566640,$109.65,87412250,$111.16,41481840,$252.99,31445840,$175.57,27478350,$16.97,465649700,$49.16,2548139,$100.46,30958350,$175.40,9531887,$108.34,7421503,$106.31,3015314,$140.51,4771161,$11.64,19799390,$116.83,7299647,1.1,1.25,1.39,4.32,1.98,2.58,3.06,3.21,3.25,3.24,3.15,3.45,3.2,116.19
06/09/2022,$142.64,69472980,$116.15,67029840,$114.84,25797960,$264.79,26439730,$184.00,23501580,$18.05,395573800,$50.35,3142981,$102.33,26634340,$177.52,9767334,$111.36,6594863,$108.27,2947271,$143.41,4332439,$12.04,10911410,$118.56,6653439,1.05,1.17,1.3,4.32,1.81,2.35,2.83,2.99,3.07,3.08,3.04,3.4,3.18,112.88
06/08/2022,$147.96,53950200,$121.18,64926590,$117.19,26107740,$270.41,17372340,$196.64,22267150,$18.65,363252500,$50.33,2511213,$104.59,31613160,$181.13,8715219,$112.87,6385388,$110.25,3611255,$143.77,5828241,$12.26,17199390,$121.86,7010902,0.89,1.1,1.28,4.32,1.77,2.29,2.78,2.94,3.03,3.06,3.03,3.4,3.18,112.55
06/07/2022,$148.71,67808150,$123.00,85156710,$117.15,31590460,$272.50,22860680,$195.65,18828690,$18.93,388914100,$51.15,2451883,$103.37,37810230,$180.20,9668277,$113.65,7723904,$109.92,3477600,$145.08,5637709,$12.31,23965940,$122.71,8559028,0.87,1.08,1.26,4.32,1.75,2.26,2.75,2.91,2.99,3.02,2.98,3.35,3.13,110.32
06/06/2022,$146.14,71598380,$124.79,135269000,$116.82,33541540,$268.75,22400340,$194.25,30574240,$18.79,422406200,$50.04,2722880,$98.84,20682050,$176.83,6734222,$109.39,7557254,$106.02,3046037,$138.69,4451162,$11.86,10042400,$117.38,5608362,0.88,1.07,1.26,4.32,1.74,2.23,2.73,2.94,3.03,3.07,3.04,3.41,3.19,112.63
06/03/2022,$145.38,88570290,$122.35,97603320,$114.54,26135460,$270.02,28058960,$190.78,19464990,$18.72,598778700,$51.02,2722020,$99.09,21038160,$177.60,8435276,$105.62,5665396,$104.46,2940164,$135.42,4860393,$11.85,10491670,$118.12,5387105,0.87,1.05,1.21,4.32,1.68,2.18,2.66,2.87,2.95,2.99,2.96,3.33,3.11,112.21
06/02/2022,$151.21,72348060,$125.51,100560680,$117.62,37992280,$274.58,44008210,$198.86,31951580,$19.59,648655800,$51.28,3750023,$97.67,19089110,$176.00,7441942,$104.27,5154189,$103.00,3031652,$133.62,4476110,$12.01,17013340,$114.96,5042665,0.85,1.05,1.17,4.32,1.64,2.15,2.65,2.83,2.92,2.95,2.92,3.3,3.09,109.67
06/01/2022,$148.71,74286640,$121.68,127528980,$113.89,36605520,$272.42,25292170,$188.64,36623500,$18.32,544513900,$50.67,5584453,$97.84,25815370,$176.32,8824083,$103.91,5366601,$103.18,4086093,$132.55,3974008,$11.94,17661200,$115.75,7246645,0.77,0.9,1.15,4.32,1.63,2.16,2.66,2.84,2.94,2.98,2.94,3.31,3.09,112.31
05/31/2022,$148.84,103718400,$120.21,144634160,$113.76,50012260,$271.87,37827700,$193.64,26131100,$18.67,664099500,$49.94,13254190,$96.00,44888130,$174.66,20547570,$101.79,11267090,$100.81,5541811,$129.60,6325340,$11.66,23104630,$112.36,17278540,0.73,0.89,1.16,4.32,1.64,2.08,2.53,2.71,2.81,2.87,2.85,3.28,3.07,114.07
05/27/2022,$149.64,90978500,$115.15,93660160,$112.32,37914120,$273.24,26910810,$195.13,22562730,$18.81,738379400,$49.58,15886600,$97.59,25588790,$178.28,10512290,$102.10,5987384,$101.73,3621395,$131.81,4518938,$11.65,19410950,$114.60,6788667,0.69,0.91,1.08,4.32,1.54,2.01,2.47,2.64,2.71,2.76,2.74,3.16,2.97,106.15
05/26/2022,$143.78,90601550,$111.08,93002600,$107.79,37947220,$265.90,25002110,$191.63,23056460,$17.85,996574500,$43.93,6899943,$96.64,24314830,$176.59,11213900,$99.48,4520599,$98.68,3262709,$128.12,4887390,$11.57,16410270,$113.15,6159020,0.71,0.9,1.07,4.32,1.52,1.99,2.46,2.63,2.7,2.75,2.75,3.18,2.99,105.5
05/25/2022,$140.52,92482700,$106.78,93120100,$105.81,40257340,$262.52,28547950,$183.83,28030190,$16.98,781131900,$43.30,6045438,$96.30,29947850,$175.41,10174490,$99.02,5486162,$99.08,3422128,$127.34,5677219,$11.44,15887820,$111.20,6706998,0.58,0.88,1.06,4.32,1.52,2.01,2.48,2.63,2.71,2.76,2.75,3.14,2.97,99.74
05/24/2022,$140.36,104132700,$104.10,102934680,$105.97,76779780,$259.62,29043900,$181.28,50406270,$16.15,588550000,$40.88,6600560,$94.40,24293330,$172.64,9782746,$97.30,3941342,$96.77,3076311,$124.21,3677628,$11.17,13274610,$109.48,6859109,0.55,0.88,1.06,4.32,1.53,2.02,2.5,2.66,2.76,2.8,2.76,3.16,2.98,103.08
05/23/2022,$143.11,117726300,$107.56,107797360,$111.49,37184940,$260.65,33175380,$196.23,25059160,$16.90,639888700,$41.22,8960992,$93.89,27239330,$171.72,10216370,$96.91,5440225,$95.08,4220538,$123.96,5266164,$11.27,21490090,$109.02,8646902,0.55,0.9,1.07,4.32,1.57,2.09,2.65,2.8,2.88,2.9,2.86,3.26,3.08,109.72
05/20/2022,$137.59,137426100,$107.59,99500640,$108.91,48962960,$252.56,39199280,$193.54,31465570,$16.69,739105300,$40.05,9450912,$91.86,28795030,$167.82,9615014,$96.56,5892868,$93.79,3838918,$122.98,5095658,$11.11,17380530,$105.02,6717710,0.63,0.87,1.03,4.32,1.51,2.07,2.6,2.73,2.8,2.82,2.78,3.17,2.99,108.17
05/19/2022,$137.35,136095600,$107.32,88142540,$110.38,34144400,$253.14,32692290,$191.29,24446940,$17.12,621309600,$41.10,7072875,$91.14,24387370,$166.86,10958660,$95.76,7399932,$95.33,4660644,$124.26,5401672,$11.06,20477890,$104.61,6784087,0.65,0.91,1.05,4.32,1.52,2.11,2.63,2.78,2.84,2.87,2.84,3.24,3.05,107.84
05/18/2022,$140.82,109742900,$107.11,108379180,$111.90,35125980,$254.08,31355990,$192.24,23959970,$16.94,545161100,$43.31,4560594,$90.65,25451240,$168.06,13107480,$96.21,6277719,$95.52,4002610,$124.68,5436895,$11.23,21879070,$104.48,8956954,0.56,0.85,1.03,4.32,1.56,2.16,2.68,2.84,2.89,2.91,2.89,3.24,3.07,102.53
05/17/2022,$149.24,78336250,$115.37,76447740,$116.47,23053160,$266.82,28828800,$202.62,24872730,$18.18,585829700,$46.61,4664788,$92.11,23120660,$174.03,12827570,$97.55,5576321,$97.72,3747194,$128.06,5185010,$11.73,19188320,$107.02,6577545,0.61,0.85,1.06,4.32,1.57,2.16,2.71,2.89,2.96,3,2.98,3.36,3.17,105.18
05/16/2022,$145.54,86643780,$110.81,74565740,$114.45,25990440,$261.50,32550930,$200.04,27112600,$17.26,521446000,$45.03,5127731,$90.95,26101220,$173.01,13296290,$96.47,5703539,$97.08,4561899,$127.78,4599131,$11.34,18540110,$105.50,7990622,0.64,0.85,1.07,4.32,1.54,2.07,2.58,2.75,2.83,2.89,2.88,3.3,3.09,104.59
05/13/2022,$147.11,113990900,$113.06,93684560,$116.05,35038480,$261.12,34925090,$198.62,24549840,$17.71,670436500,$45.09,4100566,$88.86,25798440,$167.87,9229903,$95.88,5834858,$94.60,3328982,$124.70,3800670,$11.05,18985540,$102.91,6549927,0.67,0.79,1.03,4.32,1.47,2.04,2.61,2.79,2.89,2.95,2.93,3.32,3.1,105.47
05/12/2022,$142.56,182602000,$106.93,132025140,$112.84,53836180,$255.35,51033800,$191.24,38262230,$16.18,708728400,$43.74,5832856,$86.30,29491520,$164.71,8936447,$92.74,6985519,$91.19,3910836,$120.41,3800118,$10.66,19676470,$99.60,7244408,0.61,0.77,0.96,4.32,1.44,1.96,2.56,2.73,2.81,2.86,2.84,3.22,3,101.96
05/11/2022,$146.50,142689800,$105.37,109703640,$113.60,37534740,$260.55,48975900,$188.74,31153380,$16.63,670167000,$44.41,4552374,$86.79,33020630,$163.16,9105510,$91.96,6411017,$91.20,2981776,$120.42,5003816,$10.73,19531070,$99.04,6651649,0.59,0.77,0.91,4.32,1.43,1.99,2.66,2.81,2.89,2.94,2.91,3.25,3.05,102.62
05/10/2022,$154.51,115366700,$108.86,105433820,$114.40,39900380,$269.50,39336420,$197.65,34452490,$17.60,761474300,$45.50,5163114,$85.02,34483210,$160.78,11635990,$91.72,6186548,$89.57,4186095,$120.97,7048782,$10.69,31845950,$98.00,7845924,0.57,0.75,0.89,4.32,1.44,2.01,2.62,2.81,2.91,2.99,2.99,3.31,3.12,99.6
05/09/2022,$152.06,131577900,$108.79,128124380,$112.51,40802860,$264.58,47725950,$196.21,36303200,$16.95,644454500,$45.19,4320643,$84.46,45851630,$159.25,14110670,$90.86,6756748,$89.48,5173001,$118.45,8179467,$10.83,44115310,$97.20,9750874,0.51,0.73,0.92,4.32,1.43,1.99,2.61,2.81,2.95,3.04,3.05,3.38,3.19,102.86
05/06/2022,$157.28,116124600,$114.77,124259900,$115.75,39709580,$274.73,37780320,$203.77,34747160,$18.68,633296700,$45.58,5542918,$91.69,29619350,$170.69,10418070,$95.92,4572192,$96.36,4093630,$129.18,4400077,$11.63,29950830,$107.69,9213091,0.48,0.72,0.85,4.32,1.41,2.08,2.72,2.94,3.06,3.13,3.12,3.43,3.23,103.89
05/05/2022,$156.77,130525300,$116.41,144391220,$116.51,45840580,$277.35,43260390,$208.28,41129190,$18.84,626331400,$47.26,3265295,$90.31,41013420,$166.26,9807618,$94.10,5020677,$94.52,5448472,$125.83,5800958,$11.88,36272080,$102.86,10592980,0.49,0.71,0.85,4.32,1.37,2.08,2.71,2.91,3.01,3.07,3.05,3.35,3.15,102.56
05/04/2022,$166.02,108256500,$125.93,110745360,$122.26,49915280,$289.98,33599320,$223.41,41375880,$20.33,648854600,$48.81,4166639,$91.70,46188370,$167.59,9183248,$96.35,5416278,$96.17,5874760,$128.23,8342132,$12.08,32645150,$103.86,7989800,0.49,0.74,0.89,4.32,1.44,2.07,2.66,2.85,2.93,2.97,2.93,3.21,3.01,102.54
05/03/2022,$159.48,88966530,$124.25,79133360,$117.33,24967360,$281.78,25978610,$212.03,41556270,$19.60,475750800,$47.85,2943597,$88.19,33908100,$162.49,8827214,$92.65,5831571,$90.79,4291951,$121.40,5823689,$11.74,26734700,$98.93,5748014,0.48,0.77,0.91,4.32,1.45,2.16,2.78,2.95,3.01,3.03,2.97,3.21,3.03,108.24
05/02/2022,$157.96,123055300,$124.50,148788980,$116.58,35533020,$284.47,35151110,$211.13,49915290,$19.53,572048700,$47.50,3573327,$86.41,36335200,$159.75,11559040,$89.12,5088222,$89.18,4280420,$116.60,6708010,$11.28,23733310,$95.92,6980671,0.41,0.71,0.9,4.32,1.49,2.1,2.73,2.93,3.01,3.04,2.99,3.26,3.07,108.24
04/29/2022,$157.65,131747600,$124.28,272661800,$114.11,42676000,$277.52,37073920,$200.47,49193430,$18.55,500434900,$47.01,4124023,$85.25,34656460,$156.67,14713220,$87.26,5081932,$86.76,6279911,$111.48,5963426,$11.08,16502550,$95.52,8777670,0.37,0.73,0.85,4.32,1.41,2.1,2.7,2.87,2.92,2.94,2.89,3.14,2.96,106.84
04/28/2022,$163.64,130216800,$144.60,117316940,$118.52,48884640,$289.63,33646570,$205.73,100890600,$19.78,570326700,$48.12,2605049,$87.20,33683760,$161.79,9366444,$89.69,5160459,$87.21,4230647,$115.53,6427737,$11.40,21923160,$97.55,9521302,0.37,0.71,0.82,4.32,1.38,2.04,2.63,2.8,2.86,2.88,2.85,3.1,2.92,104.26
04/27/2022,$156.57,88063190,$138.17,71336300,$114.29,91820580,$283.22,63477690,$174.95,71062890,$18.42,499460200,$46.55,3404382,$84.64,32773020,$156.24,10396640,$87.25,5220083,$83.01,4482569,$109.51,5539728,$11.25,17959710,$93.06,6765809,0.37,0.63,0.82,4.32,1.39,1.97,2.58,2.75,2.81,2.84,2.82,3.08,2.91,100.52
04/26/2022,$156.80,95623240,$139.39,77529160,$118.65,73054880,$270.22,46518450,$180.95,31747430,$18.79,653142500,$46.51,4114559,$82.29,28941490,$156.53,9810595,$85.47,5208434,$81.88,4847004,$105.14,6731757,$11.27,28817160,$91.32,5970304,0.38,0.61,0.83,4.32,1.4,1.99,2.54,2.72,2.79,2.8,2.77,3.03,2.86,94.22
04/25/2022,$162.88,96046380,$146.07,61874980,$123.07,46128260,$280.72,35678850,$186.99,29281060,$19.90,641565600,$47.27,6537244,$82.26,37698260,$157.49,15449850,$84.26,4915571,$81.02,5577452,$100.88,6651216,$11.11,41343890,$91.66,11913390,0.4,0.61,0.91,4.32,1.42,2.03,2.63,2.79,2.84,2.85,2.81,3.06,2.88,98.35
04/22/2022,$161.79,84882420,$144.35,73078580,$119.64,56883720,$274.03,29405800,$184.11,36426770,$19.52,624713400,$46.87,4111890,$85.13,23591600,$160.95,12160120,$87.08,4052170,$83.62,3458606,$103.05,3767670,$11.28,16661980,$96.01,6483855,0.46,0.64,0.83,4.32,1.34,2.06,2.72,2.88,2.94,2.95,2.9,3.14,2.95,96.05
04/21/2022,$166.42,87227770,$148.30,63969320,$124.81,36445160,$280.81,29454590,$188.07,49954080,$20.18,656209400,$48.21,3098816,$87.03,29010860,$164.58,14594790,$88.74,5588175,$85.95,4574045,$104.91,3977474,$11.65,25065920,$98.67,6290572,0.5,0.65,0.83,4.32,1.32,2.01,2.68,2.87,2.96,2.96,2.9,3.12,2.94,96.39
04/20/2022,$167.23,67929810,$154.00,59630020,$128.04,31695460,$286.36,22906670,$200.42,43036530,$21.48,468974400,$49.00,3040095,$87.96,20689410,$172.53,7494950,$90.98,4808958,$88.87,2816570,$108.07,3289945,$11.89,16122630,$102.67,6059151,0.35,0.56,0.82,4.32,1.29,1.93,2.6,2.79,2.87,2.88,2.85,3.08,2.9,101.98
04/19/2022,$167.40,67723830,$158.12,54926420,$130.01,26489760,$285.30,22297720,$217.31,20089870,$22.20,512780600,$47.99,4394142,$87.76,20382630,$171.83,6970194,$90.44,3868903,$89.55,5120868,$107.74,5141828,$11.72,14221520,$101.56,5331654,0.37,0.58,0.81,4.32,1.28,1.94,2.61,2.81,2.91,2.95,2.93,3.19,3.01,103.29
04/18/2022,$165.07,69023940,$152.79,46513520,$127.68,20808660,$280.52,20778000,$210.77,16580790,$21.78,525700600,$47.44,3565235,$88.55,19032300,$173.89,7639045,$90.11,5281272,$87.16,3679643,$110.35,4813254,$11.62,21848050,$103.47,4867040,0.38,0.6,0.81,4.32,1.27,1.84,2.46,2.68,2.79,2.85,2.85,3.12,2.95,99.32
04/14/2022,$165.29,75329380,$151.71,51598140,$126.73,31597980,$279.83,28221610,$210.18,18379460,$21.26,569096900,$46.94,3678232,$87.83,24566440,$171.59,9421052,$87.20,4080464,$82.85,3014970,$104.86,3794052,$11.53,12533000,$101.37,6337804,0.37,0.57,0.79,4.32,1.25,1.84,2.47,2.67,2.79,2.84,2.83,3.09,2.92,107.81
04/13/2022,$170.40,70618930,$155.54,53390880,$129.89,27927240,$287.62,21907180,$214.99,19231820,$22.20,516943400,$47.31,3200265,$86.81,19306830,$171.67,7330690,$87.59,3342274,$83.14,2659557,$103.94,3899946,$11.56,19471110,$100.23,7365086,0.26,0.52,0.75,4.32,1.2,1.78,2.37,2.57,2.66,2.71,2.7,2.97,2.81,104.25
04/12/2022,$167.66,79265180,$150.79,55177440,$127.71,32710700,$282.06,30966720,$214.14,20128830,$21.50,662258100,$47.10,3970197,$85.60,22444180,$169.01,9528372,$85.80,4236091,$81.97,2943935,$100.79,4189877,$11.36,21069310,$100.00,7412050,0.21,0.52,0.74,4.32,1.2,1.77,2.39,2.58,2.66,2.73,2.72,2.99,2.82,107.55
04/11/2022,$165.75,72246710,$151.12,52112340,$128.82,36883060,$285.26,34569260,$216.46,20516590,$21.92,575206800,$46.95,3663048,$83.85,21800100,$165.56,10206070,$84.88,4464721,$82.49,3973778,$100.90,3706109,$11.05,15816970,$97.98,7002194,0.22,0.54,0.77,4.32,1.23,1.85,2.5,2.73,2.79,2.84,2.79,3.02,2.84,116.2
04/08/2022,$170.09,76575510,$154.46,46001660,$133.29,25142800,$296.97,24361920,$222.33,18375710,$23.12,524780600,$47.39,3707709,$86.84,24866510,$169.93,10801180,$86.90,5088894,$84.25,4686321,$103.22,3291393,$11.23,13504400,$103.05,6175229,0.2,0.49,0.7,4.32,1.19,1.81,2.53,2.73,2.76,2.79,2.72,2.94,2.76,114.2
04/07/2022,$172.14,77594650,$157.78,68136780,$135.89,26233600,$301.37,31411160,$222.95,21037190,$24.21,557992400,$47.69,6182882,$85.05,26121980,$167.10,8018385,$85.85,4205620,$83.08,7514565,$103.33,3700012,$11.04,17141630,$99.96,6285316,0.21,0.5,0.68,4.32,1.15,1.78,2.47,2.66,2.7,2.73,2.66,2.87,2.69,114.89
04/06/2022,$171.83,89058780,$158.76,79055760,$136.55,32468480,$299.50,40110370,$223.30,28995080,$24.41,703832600,$47.12,6815262,$83.65,24768200,$164.81,9268988,$85.57,4564461,$85.68,2563332,$103.30,3994341,$11.09,26494220,$97.54,5680173,0.21,0.44,0.67,4.32,1.15,1.79,2.5,2.67,2.7,2.69,2.61,2.81,2.63,111.03
04/05/2022,$175.06,73401790,$164.06,53728560,$140.59,21418120,$310.88,23156720,$231.84,29727180,$25.93,436614700,$48.66,3335211,$82.73,21753100,$163.36,9538219,$84.71,3789284,$85.91,3003192,$101.46,3818663,$11.19,16006100,$98.05,5708085,0.18,0.42,0.65,4.32,1.13,1.77,2.51,2.69,2.69,2.65,2.54,2.74,2.57,112.14
04/04/2022,$178.44,76545980,$168.35,50007960,$142.97,25970840,$314.97,24335870,$233.89,28100830,$27.36,397707800,$49.38,3327174,$83.16,20880040,$164.37,8723834,$85.07,3802330,$86.67,2411213,$100.74,2668209,$11.45,16770420,$100.55,4947996,0.18,0.42,0.66,4.32,1.14,1.72,2.43,2.61,2.56,2.52,2.42,2.64,2.48,104.69
04/01/2022,$174.31,78751330,$163.56,57089500,$140.15,25941440,$309.42,27110530,$224.85,19544760,$26.71,517235100,$48.80,8086340,$83.12,18671080,$164.22,8795255,$84.81,7411874,$85.96,3204443,$101.27,3301770,$11.52,20348940,$100.58,6934069,0.15,0.37,0.53,4.32,1.09,1.72,2.44,2.61,2.55,2.5,2.39,2.6,2.44,102.97
03/31/2022,$174.61,103049300,$163.00,59965780,$139.07,37524720,$308.31,33422070,$222.36,24192270,$27.29,523440200,$50.19,6459335,$82.59,27861460,$162.83,10395920,$85.50,7041173,$86.39,4830844,$101.54,5261458,$11.19,26131120,$100.00,9777896,0.17,0.35,0.52,4.32,1.06,1.63,2.28,2.45,2.42,2.4,2.32,2.59,2.44,94.85
03/30/2022,$177.77,92633150,$166.30,56167260,$141.94,19884760,$313.86,28163560,$227.85,25588050,$27.69,463487100,$54.32,2829016,$83.78,22079010,$165.48,9905997,$85.35,5880396,$87.44,4512742,$100.50,4192629,$11.53,43621750,$101.10,6069241,0.16,0.33,0.55,4.32,1.04,1.64,2.31,2.49,2.44,2.43,2.35,2.63,2.48,96.42
03/29/2022,$178.96,100589400,$169.32,66153600,$142.51,34317020,$315.41,30393400,$229.86,31417860,$28.66,488984400,$55.03,3417839,$82.37,27036250,$164.32,15102590,$83.14,4203765,$83.47,3546041,$96.68,2898543,$11.05,30900660,$100.69,10977580,0.18,0.34,0.55,4.32,1.06,1.67,2.35,2.54,2.49,2.5,2.41,2.68,2.53,103.22
03/28/2022,$175.60,90371920,$168.99,59853820,$141.46,35049260,$310.70,29578190,$223.59,26224140,$28.22,425493900,$54.30,2892084,$82.81,21552380,$166.35,9992000,$81.97,4447904,$82.29,4214582,$96.37,3087485,$10.88,44396710,$103.50,6091062,0.19,0.36,0.59,4.32,1.08,1.69,2.35,2.55,2.54,2.55,2.46,2.72,2.57,109.31
03/25/2022,$174.72,80546160,$164.77,49085500,$141.67,24143080,$303.68,22566450,$221.82,40039030,$27.69,579016200,$54.79,3715398,$85.20,22408180,$169.31,10258280,$82.23,5186737,$83.85,4292803,$97.25,3213612,$10.57,31861540,$107.50,7834438,0.17,0.32,0.55,4.32,1.01,1.67,2.3,2.51,2.55,2.56,2.48,2.74,2.6,105.93
03/24/2022,$174.07,90131420,$163.65,56798060,$141.57,26396560,$304.10,24484460,$219.57,31502310,$28.15,877379100,$53.51,2806082,$83.38,19871630,$166.30,9024821,$81.39,4247113,$81.12,3946908,$96.44,3398805,$10.25,17756700,$104.54,6192473,0.16,0.31,0.52,4.32,0.96,1.55,2.13,2.35,2.37,2.39,2.34,2.63,2.51,108.81
03/23/2022,$170.21,98062670,$163.41,55811860,$138.28,25153400,$299.49,25715380,$213.46,23717320,$25.63,502119900,$52.60,2895859,$83.13,27716310,$165.86,10755000,$80.46,4641248,$80.27,3446740,$95.52,3968302,$10.09,13925500,$104.37,7681542,0.15,0.27,0.5,4.32,0.93,1.52,2.13,2.32,2.34,2.37,2.32,2.65,2.52,123.64
03/22/2022,$168.82,81532010,$164.89,64086120,$139.87,35495540,$304.06,27599690,$216.65,31998800,$26.52,547007100,$52.99,2764921,$81.84,23132200,$164.09,11063910,$79.25,5131519,$79.79,3541669,$93.59,3529676,$10.20,17791980,$101.77,6377480,0.2,0.3,0.51,4.32,0.96,1.59,2.18,2.38,2.39,2.42,2.38,2.71,2.6,119.26
03/21/2022,$165.38,95811350,$161.49,66537520,$136.10,26831680,$299.16,28351250,$211.49,30142340,$26.73,591727100,$52.32,3853451,$82.20,33089290,$164.64,13180560,$79.98,6260927,$80.63,4278933,$94.26,4735685,$9.90,30193050,$102.76,8107359,0.22,0.33,0.54,4.32,0.95,1.4,2.14,2.34,2.33,2.36,2.32,2.67,2.55,115.77
03/18/2022,$163.98,123511700,$161.25,102962760,$136.13,44566900,$300.43,43390630,$216.49,52127980,$26.45,730718600,$51.83,4907179,$78.67,41461480,$161.73,23214730,$78.32,17588380,$78.76,8269590,$90.43,7593157,$9.79,21074970,$99.60,16146890,0.19,0.28,0.42,4.32,0.83,1.29,1.97,2.15,2.14,2.17,2.14,2.53,2.42,107.69
03/17/2022,$160.62,75615380,$157.24,72934840,$133.84,28263920,$295.22,30816630,$207.84,29499680,$24.77,471941200,$50.51,5634252,$78.98,34041920,$160.44,15750670,$77.15,7091300,$77.55,4840517,$89.09,4175658,$9.90,15636600,$98.83,8868334,0.2,0.3,0.4,4.32,0.81,1.3,1.94,2.14,2.17,2.22,2.2,2.6,2.5,110.74
03/16/2022,$159.59,102300200,$153.10,84957680,$133.28,35576980,$294.39,37826330,$203.63,40640260,$24.50,671421700,$51.97,5130671,$76.93,37812300,$157.71,22299740,$74.86,6809788,$76.50,4031763,$84.94,3399906,$9.84,16631080,$94.82,9314226,0.24,0.3,0.44,4.32,0.86,1.35,1.95,2.14,2.18,2.22,2.19,2.56,2.46,103.66
03/15/2022,$155.09,92964300,$147.37,75584600,$129.20,30919520,$287.15,34245090,$192.03,31721680,$22.97,491995700,$52.08,2477438,$77.22,47957900,$158.28,28534400,$74.40,7873049,$75.34,5925274,$84.41,6187563,$9.75,23121500,$95.05,8863644,0.22,0.31,0.46,4.32,0.86,1.28,1.85,2.04,2.1,2.16,2.15,2.57,2.49,96.13
03/14/2022,$150.62,108732100,$141.85,74086100,$125.95,38811260,$276.44,30660750,$186.63,31010460,$21.33,385354200,$50.74,3406394,$81.88,37462620,$166.72,25156190,$76.66,7896708,$78.27,5807218,$90.55,4746960,$9.82,26384790,$96.55,10532220,0.23,0.32,0.45,4.32,0.86,1.28,1.87,2.04,2.1,2.16,2.14,2.56,2.47,91.68
03/11/2022,$154.73,96970100,$145.52,68900560,$129.87,31526440,$280.07,27209330,$187.61,34694530,$22.10,367208600,$52.01,2977486,$84.92,35303370,$170.90,28423560,$78.51,8530014,$80.77,7198196,$91.67,6776752,$10.10,19338090,$98.41,7666506,0.17,0.28,0.4,4.32,0.78,1.22,1.75,1.91,1.96,2.01,2,2.45,2.36,92.77
03/10/2022,$158.52,105342000,$146.82,135062900,$132.43,27101400,$285.59,30628010,$195.21,24852980,$22.66,428065700,$51.97,3590435,$85.36,44644240,$170.82,34913610,$77.93,7369005,$81.21,10788650,$89.58,4537405,$10.31,23371040,$99.72,9480956,0.19,0.28,0.39,4.32,0.75,1.19,1.72,1.88,1.92,1.98,1.98,2.45,2.38,92.14
03/09/2022,$162.95,91454910,$139.28,82656660,$133.42,37025400,$288.50,35204480,$198.50,31894700,$23.01,492742000,$51.98,4199789,$82.79,65466650,$166.27,43429990,$75.43,8088733,$79.35,14161440,$87.14,7787144,$10.18,24909020,$96.21,12656210,0.18,0.26,0.38,4.32,0.75,1.15,1.68,1.83,1.87,1.92,1.94,2.38,2.29,92.11
03/08/2022,$157.44,131148300,$136.01,91662580,$127.10,40427100,$275.85,48159480,$190.29,37508150,$21.51,557467200,$50.24,5920803,$87.78,72082260,$170.53,57231030,$76.22,10534160,$84.31,16579770,$90.54,10814280,$10.42,47218430,$98.80,17231390,0.16,0.24,0.36,4.32,0.72,1.12,1.63,1.78,1.8,1.85,1.86,2.34,2.24,92.11
03/07/2022,$159.30,96418850,$137.45,86933860,$126.38,45112940,$278.91,43157180,$187.47,38560610,$21.35,450820900,$49.33,4649796,$87.12,55207910,$162.04,34824670,$74.54,9396739,$82.60,6183515,$84.01,5611660,$10.34,26783480,$101.27,13788830,0.17,0.23,0.38,4.32,0.75,1.07,1.55,1.68,1.71,1.77,1.78,2.29,2.19,91.26
03/04/2022,$163.17,83819590,$145.64,60983120,$131.91,30450640,$289.86,32369660,$200.06,32146260,$22.94,432010700,$51.96,2984614,$84.09,42844530,$158.65,29053440,$77.73,6663928,$84.30,4031564,$85.98,5881917,$10.43,15831950,$100.27,10980740,0.15,0.21,0.34,4.32,0.69,1.05,1.5,1.62,1.65,1.7,1.74,2.23,2.16,91.78
03/03/2022,$166.23,76678440,$147.90,65197200,$133.90,24603240,$295.92,27314470,$202.97,27263520,$23.71,365095000,$52.59,4004247,$81.04,30196610,$156.22,22492890,$77.37,5694478,$83.00,3894272,$84.19,3359026,$10.37,19441080,$97.41,8704944,0.19,0.25,0.38,4.32,0.69,1.08,1.53,1.69,1.74,1.82,1.86,2.32,2.24,93.83
03/02/2022,$166.56,79724750,$152.05,47334720,$134.57,23519800,$300.19,31873010,$208.11,29452150,$24.22,389641900,$53.60,6072267,$80.53,44321370,$154.14,31329540,$76.99,8013274,$84.31,3644171,$83.62,4917697,$10.49,25149630,$98.04,16168040,0.13,0.24,0.34,4.32,0.68,1.06,1.5,1.67,1.74,1.83,1.86,2.32,2.24,92.07
03/01/2022,$163.20,83474430,$151.14,44873580,$134.06,26495360,$294.95,31217780,$203.49,27094900,$23.48,412056000,$49.88,5359817,$79.17,40002340,$149.72,31159890,$75.01,6502342,$82.17,5324468,$80.63,5799248,$10.42,26126960,$96.96,14453520,0.11,0.21,0.32,4.32,0.6,0.91,1.31,1.47,1.56,1.67,1.72,2.19,2.11,95.52
02/28/2022,$165.12,95056630,$153.56,57683420,$135.06,38864420,$298.79,34627460,$211.03,34239800,$24.39,477318600,$50.96,6844403,$78.42,32204640,$144.00,24394290,$77.87,8031320,$84.24,4639411,$83.51,6226911,$10.14,26553210,$94.86,15095980,0.06,0.2,0.35,4.32,0.69,1.01,1.44,1.62,1.71,1.81,1.83,2.25,2.17,93.1
02/25/2022,$164.85,91974220,$153.79,62395360,$134.46,36405980,$297.31,32546720,$210.48,37627550,$24.16,528865500,$51.46,14711060,$77.84,28310260,$140.38,28028030,$76.54,5275916,$84.69,2999728,$84.87,3275398,$9.79,27782260,$91.27,10563010,0.03,0.2,0.33,4.32,0.71,1.13,1.55,1.76,1.86,1.96,1.97,2.37,2.29,89.83
02/24/2022,$162.74,141147500,$151.36,100785760,$132.69,54455080,$294.59,56989690,$207.60,49957170,$23.75,735800600,$55.84,6516014,$75.80,46199850,$134.85,22108910,$74.46,7497740,$83.48,3774956,$83.84,5802176,$9.70,26118650,$87.73,11509290,0.05,0.18,0.32,4.32,0.65,1.08,1.54,1.73,1.84,1.94,1.96,2.36,2.28,89.57
02/23/2022,$160.07,90009250,$144.83,64243560,$127.59,32786020,$280.27,37811170,$198.45,44481360,$22.39,566510800,$56.78,3477439,$76.77,25385010,$135.55,16134240,$75.72,5763739,$83.98,3261776,$86.35,3544179,$9.78,15103220,$88.23,7354969,0.02,0.2,0.34,4.32,0.74,1.16,1.58,1.78,1.89,1.98,1.99,2.36,2.29,89.32
02/22/2022,$164.32,91162760,$150.20,66128240,$129.81,44990740,$287.72,41736120,$202.08,39852390,$23.39,633422400,$57.13,3316468,$76.46,35947770,$132.40,19428740,$75.63,4872048,$84.10,3562070,$85.84,3638807,$9.76,24406810,$87.83,9267484,0.03,0.2,0.37,4.32,0.73,1.17,1.56,1.74,1.85,1.93,1.94,2.31,2.24,91.25
02/18/2022,$167.30,82772670,$152.60,63604100,$130.40,45619440,$287.93,34264010,$206.16,37128440,$23.64,761254900,$58.90,3198015,$77.36,23394780,$133.42,10691820,$77.02,4845357,$85.07,2487999,$86.72,2655706,$10.05,16897140,$89.63,6574777,0.03,0.19,0.35,4.32,0.65,1.03,1.47,1.68,1.82,1.9,1.92,2.3,2.24,90.17
02/17/2022,$168.88,69589340,$154.65,64032500,$132.54,38949500,$290.73,32461580,$207.71,38747530,$24.51,810595100,$59.26,2716331,$78.23,23738820,$133.61,10073940,$76.96,7034785,$87.04,2670670,$87.04,3024436,$10.22,23681480,$91.16,6842765,0.06,0.23,0.36,4.32,0.65,1.05,1.49,1.7,1.85,1.94,1.97,2.35,2.31,88.16
02/16/2022,$172.55,61177400,$158.10,52704280,$137.74,25021300,$299.50,29982120,$216.54,45817460,$26.51,732676300,$60.29,3001694,$78.35,21733750,$134.30,11348840,$78.06,5735140,$88.30,3426275,$88.04,4920065,$10.13,15206230,$90.21,6854358,0.03,0.17,0.38,4.32,0.67,1.09,1.52,1.75,1.9,2,2.03,2.39,2.34,88.22
02/15/2022,$172.79,64286320,$156.51,56970660,$136.61,26711260,$300.47,27379490,$221.00,42685470,$26.50,701752800,$59.82,3401074,$77.99,25089510,$134.26,11752000,$78.41,4313309,$88.42,3397421,$88.53,3627859,$10.17,13348580,$89.68,8381456,0.02,0.19,0.4,4.32,0.72,1.11,1.58,1.8,1.94,2.03,2.05,2.42,2.37,89.16
02/14/2022,$168.88,86185530,$155.17,83230700,$135.53,34301080,$295.00,36359490,$217.70,38184040,$24.27,440424400,$58.60,2902541,$78.98,34652780,$136.67,15944960,$79.16,6547174,$90.52,3951794,$89.72,4349108,$10.10,19489600,$91.55,7274373,0.03,0.25,0.43,4.32,0.76,1.13,1.58,1.8,1.9,1.98,1.98,2.35,2.29,87.67
02/11/2022,$168.64,98670690,$153.29,77100440,$134.28,39958340,$295.04,39175620,$219.55,46156940,$23.95,605472000,$59.51,2449937,$80.21,42002090,$138.81,12821230,$81.19,6516873,$93.20,4821312,$92.00,6433645,$10.30,25629900,$93.52,9580809,0.03,0.22,0.36,4.32,0.71,1.07,1.5,1.71,1.84,1.92,1.92,2.3,2.24,87.61
02/10/2022,$172.12,90865900,$159.00,68268120,$138.62,39330660,$302.38,45386200,$228.07,49310360,$25.82,513199700,$60.72,3676756,$78.24,28527660,$136.04,11012720,$79.74,6398131,$89.46,2660235,$89.89,5166474,$10.00,17514280,$91.91,7149932,0.05,0.31,0.4,4.32,0.74,1.14,1.61,1.82,1.96,2.03,2.03,2.37,2.3,88.33
02/09/2022,$176.28,71285040,$161.19,68785600,$141.59,40143880,$311.21,31284670,$232.00,86563280,$26.71,524281700,$60.77,3346881,$79.00,40106120,$137.79,10140780,$79.79,5570258,$89.45,2605879,$88.84,2464579,$9.98,15305190,$92.95,6973174,0.04,0.15,0.26,4.32,0.57,0.91,1.36,1.61,1.82,1.92,1.94,2.31,2.25,86.61
02/08/2022,$174.83,74829220,$161.41,76040360,$139.40,54283600,$304.56,32421190,$220.18,94729670,$25.11,410358600,$59.95,2933488,$80.26,34356260,$136.44,11021580,$79.29,7949606,$88.82,3048413,$88.49,3128643,$9.97,21334460,$91.33,7481571,0.03,0.14,0.25,4.32,0.59,0.91,1.35,1.59,1.81,1.93,1.96,2.31,2.25,84.48
02/07/2022,$171.66,77251200,$157.94,102624380,$139.20,54973300,$300.95,28533290,$224.91,88613830,$24.73,376867500,$58.96,2132526,$82.39,34949220,$138.55,18422550,$79.83,7263922,$90.29,4104940,$89.63,5173835,$9.93,19543990,$92.94,8420614,0.03,0.14,0.27,4.32,0.58,0.88,1.3,1.54,1.76,1.88,1.92,2.28,2.22,85.16
02/04/2022,$172.39,82465400,$157.64,253455800,$143.29,57998220,$305.94,35096490,$237.09,89342250,$24.32,354828500,$58.74,1952084,$81.41,32197540,$135.88,13034730,$78.19,6173156,$88.84,3256318,$86.70,3717493,$10.24,24994990,$91.87,12035310,0.05,0.12,0.23,4.32,0.56,0.89,1.31,1.55,1.78,1.9,1.93,2.29,2.23,86.29
02/03/2022,$172.90,89418070,$138.85,225531400,$143.09,71517220,$301.25,43729970,$237.76,188119900,$23.95,410177800,$59.20,2814897,$79.68,28529400,$134.20,9447690,$76.97,7069255,$87.22,2829436,$85.09,3121908,$10.24,30688630,$90.87,13258510,0.03,0.15,0.2,4.32,0.48,0.78,1.19,1.42,1.66,1.78,1.82,2.2,2.14,86.84
02/02/2022,$175.84,84914260,$150.61,87329760,$148.00,123199220,$313.46,36635990,$323.00,58458280,$25.24,543419400,$59.40,3886692,$80.62,30299320,$135.41,10906720,$78.50,12585440,$87.70,4159524,$86.61,4797194,$9.96,33777510,$92.21,8803363,0.04,0.1,0.19,4.32,0.45,0.76,1.16,1.38,1.6,1.74,1.78,2.17,2.11,85.42
02/01/2022,$174.61,86213910,$151.19,59219840,$137.64,68643640,$308.76,40950400,$319.00,18023800,$24.64,518925200,$58.57,3395185,$80.83,61033080,$134.79,16169730,$74.02,7660296,$87.66,3360113,$86.55,6046778,$9.80,21512850,$91.54,9424874,0.04,0.1,0.19,4.32,0.48,0.78,1.18,1.39,1.63,1.76,1.81,2.19,2.12,85.42
01/31/2022,$174.78,115541600,$149.57,78307440,$135.30,39986000,$310.98,46444540,$313.26,21579470,$24.49,564679700,$56.81,3318993,$75.96,36085480,$131.33,16401780,$71.75,6729390,$84.79,3778707,$82.97,4649374,$9.57,20479490,$88.62,7539845,0.03,0.13,0.22,4.32,0.49,0.78,1.18,1.39,1.62,1.75,1.79,2.17,2.11,83.82
01/28/2022,$170.33,179935700,$143.98,74391980,$133.35,34361480,$308.26,49743700,$301.71,21871620,$22.84,543774300,$56.24,3920545,$75.28,30595660,$130.61,24817830,$71.80,7761322,$84.25,6743044,$81.41,4647850,$9.50,20994030,$89.22,11561380,0.04,0.1,0.19,4.32,0.43,0.75,1.15,1.38,1.61,1.74,1.78,2.14,2.07,81.97
01/27/2022,$159.22,121954600,$139.64,77515800,$129.01,32018780,$299.84,53481320,$294.64,21629920,$21.94,573352700,$55.45,4359743,$75.12,29174690,$135.37,20654130,$71.90,9216685,$85.82,3920073,$81.98,5823139,$9.60,28850880,$89.66,9629577,0.04,0.14,0.2,4.32,0.43,0.75,1.18,1.43,1.66,1.78,1.81,2.17,2.09,82.51
01/26/2022,$159.69,108275300,$138.87,95601700,$129.23,49129500,$296.71,90428850,$294.63,28348800,$22.77,755958700,$55.34,3126660,$74.17,35252390,$132.69,17266510,$70.98,7942808,$85.05,3907904,$81.30,4132216,$9.69,39163110,$87.06,9416372,0.06,0.11,0.19,4.32,0.4,0.7,1.13,1.39,1.66,1.81,1.85,2.22,2.16,81.17
01/25/2022,$159.78,115798400,$139.99,90824660,$126.94,46960560,$288.49,72848640,$300.15,25108450,$22.32,664616400,$55.44,4421920,$74.93,39278420,$132.59,19984520,$71.50,10674240,$85.96,3122822,$81.16,4948080,$9.29,17401640,$87.11,8514773,0.05,0.09,0.19,4.32,0.39,0.65,1.02,1.28,1.56,1.73,1.78,2.18,2.12,78.11
01/24/2022,$161.62,162706700,$144.54,156044740,$130.80,76694240,$296.37,86035390,$308.71,38936900,$23.37,915810600,$55.42,5523740,$72.79,41576130,$127.18,19532200,$70.39,9625161,$82.83,3804943,$78.59,5075821,$9.18,31092480,$83.02,9506258,0.05,0.09,0.19,4.32,0.39,0.58,0.99,1.25,1.53,1.69,1.75,2.15,2.1,79
01/21/2022,$162.41,122848900,$142.64,163971440,$130.35,55651420,$296.03,57984400,$303.17,28710720,$23.37,718957800,$55.57,4212116,$72.17,35120460,$126.91,13055710,$70.70,10194340,$83.44,3592736,$79.29,5994934,$9.17,21973680,$82.72,10625730,0.05,0.08,0.17,4.32,0.35,0.58,1.01,1.28,1.54,1.7,1.75,2.13,2.07,79.47
01/20/2022,$164.51,91420520,$151.67,71973320,$133.31,29907140,$301.60,35380680,$316.56,16925030,$24.15,435180700,$57.40,2893882,$73.27,26774550,$128.45,11370410,$71.99,7200607,$85.50,2943521,$81.41,3868776,$9.53,19031670,$85.63,7707678,0.05,0.09,0.17,4.32,0.36,0.6,1.08,1.34,1.62,1.77,1.83,2.19,2.14,77.83
01/19/2022,$166.23,94814990,$156.30,53241920,$135.12,28647640,$303.33,45933860,$319.59,20814740,$25.07,488314500,$57.96,3957540,$73.11,26431640,$128.91,12064280,$73.35,6582839,$87.24,3086642,$84.21,2786852,$9.59,13518820,$87.28,7370103,0.05,0.06,0.17,4.32,0.36,0.57,1.04,1.33,1.62,1.78,1.83,2.2,2.14,77
01/18/2022,$169.80,91168730,$158.92,67441440,$136.00,34888100,$302.65,42434110,$318.15,22677330,$25.90,425306200,$59.48,5054233,$73.08,32862820,$129.38,12908560,$74.55,7810688,$88.66,3865032,$85.64,3514079,$9.70,20590760,$87.51,10783450,0.05,0.06,0.16,4.32,0.37,0.58,1.06,1.35,1.65,1.82,1.87,2.24,2.18,75.99
01/14/2022,$173.07,80440780,$162.14,45974860,$139.48,29661280,$310.20,39846410,$331.90,16868500,$26.94,395832400,$60.53,5790625,$71.87,23012870,$128.96,13281010,$74.74,7237116,$88.58,3389739,$85.20,3121437,$9.59,14440630,$86.74,7946637,0.05,0.05,0.13,4.32,0.3,0.51,0.99,1.26,1.55,1.72,1.78,2.18,2.12,76.83
01/13/2022,$172.19,84505760,$161.21,52188300,$138.59,31436600,$304.80,45365980,$326.48,14797110,$26.58,538868100,$60.17,4133003,$70.63,21043180,$126.80,9691264,$73.12,5486543,$86.78,3706627,$83.36,3033147,$9.44,13804150,$83.62,6814006,0.05,0.05,0.12,4.32,0.28,0.47,0.91,1.18,1.47,1.64,1.7,2.1,2.05,76.58
01/12/2022,$175.53,74805170,$165.21,50029120,$141.43,26112040,$318.27,34372220,$333.26,14104860,$28.00,383413500,$59.95,3098059,$71.14,23045050,$127.33,12469170,$73.08,6861786,$86.30,4263350,$84.37,3192545,$9.63,27000650,$84.40,7740127,0.04,0.06,0.12,4.32,0.27,0.48,0.92,1.21,1.5,1.67,1.74,2.13,2.08,76.01
01/11/2022,$175.08,76138310,$165.36,62805580,$139.74,28729700,$314.98,29386770,$334.37,16226850,$27.82,404089300,$60.25,7313480,$71.35,32936140,$127.97,14608980,$72.69,6882977,$86.15,4409607,$83.85,4174131,$9.33,14814830,$83.59,8510626,0.04,0.05,0.11,4.32,0.28,0.46,0.9,1.22,1.51,1.69,1.75,2.13,2.08,75.49
01/10/2022,$172.19,106765600,$161.49,87798300,$138.67,44408120,$314.27,44289470,$328.07,24942380,$27.40,594681000,$59.88,10511620,$68.47,22760320,$125.11,12626140,$70.45,5922719,$83.86,5816288,$81.03,3975934,$9.12,25295330,$81.03,9125394,0.05,0.06,0.13,4.32,0.28,0.46,0.92,1.21,1.53,1.71,1.78,2.15,2.11,75.49
01/07/2022,$172.17,86709150,$162.55,46605900,$137.02,29760560,$314.04,32720020,$331.79,14722020,$27.25,409938500,$57.99,3516191,$68.88,23985400,$125.03,14164600,$70.93,6443503,$81.96,3770954,$81.00,3723186,$9.24,21862140,$80.64,10838780,0.05,0.05,0.1,4.32,0.24,0.43,0.87,1.17,1.5,1.69,1.76,2.15,2.11,73.89
01/06/2022,$172.00,96903960,$163.25,51957780,$137.75,37347420,$313.88,39646150,$332.46,27962810,$28.18,454186400,$58.04,3751287,$68.32,30668510,$123.26,13318510,$70.15,7923752,$80.48,3631368,$80.16,4248163,$9.08,14648450,$78.49,8679016,0.04,0.05,0.1,4.32,0.23,0.45,0.88,1.15,1.47,1.66,1.73,2.12,2.09,72.82
01/05/2022,$174.92,94537600,$164.36,64302720,$137.78,54618280,$316.38,40054330,$324.17,20564520,$27.60,498063900,$57.98,6049085,$66.75,34033280,$122.22,15487060,$68.24,8747164,$78.32,4196435,$78.20,3999807,$8.81,16002220,$75.65,9034480,0.05,0.06,0.09,4.32,0.22,0.41,0.83,1.1,1.43,1.62,1.71,2.12,2.09,71.1
01/04/2022,$179.70,99310440,$167.52,70725160,$144.40,28399440,$329.01,32674310,$336.53,15997970,$29.29,527154400,$58.49,5745654,$65.93,38584050,$121.43,16413080,$67.81,8469169,$78.57,4484384,$78.51,4171720,$8.92,24559040,$76.97,9189329,0.06,0.05,0.08,4.32,0.22,0.38,0.77,1.02,1.37,1.57,1.66,2.1,2.07,68.69
01/03/2022,$182.01,104701200,$170.40,63869140,$144.99,28678940,$334.75,28918010,$338.54,14562850,$30.12,392402900,$56.98,2906777,$63.54,24290190,$119.26,10721650,$65.66,5856867,$75.74,3710593,$77.14,3568275,$8.71,29432480,$73.77,5769987,0.05,0.06,0.08,4.32,0.22,0.4,0.78,1.04,1.37,1.55,1.63,2.05,2.01,70.93
12/31/2021,$177.57,64062260,$166.72,47830380,$144.85,18135180,$336.32,18000800,$336.35,12870480,$29.41,266529900,$56.17,1252943,$61.19,14071970,$117.35,5706571,$63.99,3546378,$72.46,2317845,$75.11,2478088,$8.23,11778590,$72.18,3453908,0.06,0.05,0.06,4.32,0.19,0.39,0.73,0.97,1.26,1.44,1.52,1.94,1.9,72.34
12/30/2021,$178.20,59773010,$168.64,37583100,$146.20,15687720,$339.32,15994470,$344.36,10593350,$29.59,308864200,$56.51,1581322,$60.79,11940290,$117.43,6015963,$63.43,4049898,$72.45,2469226,$74.28,2202026,$8.16,15697570,$72.28,3340219,0.06,0.06,0.05,4.32,0.19,0.38,0.73,0.98,1.27,1.44,1.52,1.97,1.93,70.89
12/29/2021,$179.38,62348930,$169.20,35754040,$146.66,17787460,$341.95,15041960,$342.94,10747010,$30.00,343139300,$57.05,2207832,$61.15,12733600,$117.95,6957392,$63.95,5253724,$72.85,2693249,$74.65,2778119,$8.15,21207690,$72.92,3947322,0.01,0.02,0.05,4.32,0.19,0.38,0.75,0.99,1.29,1.47,1.55,2,1.96,70.57
12/28/2021,$179.29,79144340,$170.66,54711860,$146.69,18254300,$341.25,15661470,$346.22,16637610,$30.32,420591200,$56.95,2353781,$61.69,12786870,$118.56,6516975,$64.37,4775084,$73.93,2317432,$74.50,2784850,$8.27,11715900,$73.12,3383737,0.03,0.04,0.06,4.32,0.2,0.39,0.74,0.99,1.27,1.41,1.49,1.94,1.9,71.19
12/27/2021,$180.33,74919580,$169.67,58846820,$147.91,15984460,$342.45,19947030,$346.18,17795030,$30.95,403685900,$56.60,2009408,$61.89,12596340,$118.79,7746498,$64.08,4335128,$72.79,2230538,$73.13,2220065,$8.30,16431000,$73.21,3969758,0.04,0.05,0.06,4.32,0.21,0.33,0.76,0.98,1.26,1.41,1.48,1.92,1.88,71.71
12/23/2021,$176.28,68356570,$171.07,36788240,$146.92,26383440,$334.69,19617850,$335.24,13987700,$29.64,343021700,$55.88,2885881,$61.02,13543290,$116.41,7416618,$63.04,4658293,$71.90,2970139,$71.73,3644157,$8.22,17149780,$71.19,3902796,0.04,0.05,0.07,4.32,0.18,0.31,0.71,0.97,1.25,1.42,1.5,1.94,1.91,72.43
12/22/2021,$175.64,92135300,$171.04,55035460,$146.42,26322380,$333.20,24831490,$330.45,16764570,$29.40,395184400,$55.37,3787359,$60.99,14058340,$116.13,8345209,$63.10,5168382,$71.62,2320715,$71.30,1856921,$8.21,19095210,$71.08,3775254,0.03,0.04,0.08,4.32,0.16,0.28,0.68,0.96,1.23,1.39,1.46,1.89,1.86,71.94
12/21/2021,$172.99,91185910,$170.42,55955820,$143.47,28755360,$327.29,24740600,$334.20,16116780,$29.08,524384900,$55.45,3567227,$60.50,19798890,$115.47,11368240,$63.42,5679200,$72.14,5058536,$71.32,4584991,$8.18,22595890,$70.68,6324833,0.03,0.04,0.07,4.32,0.16,0.29,0.7,0.96,1.24,1.4,1.48,1.92,1.89,69.62
12/20/2021,$169.75,107499100,$167.08,57372660,$141.61,27192360,$319.91,28326530,$325.45,17901780,$27.72,461846800,$53.60,3697458,$59.16,21819310,$113.65,13464430,$60.91,7136692,$69.43,5883195,$68.69,4400760,$8.25,20430810,$68.60,11485030,0.03,0.05,0.07,4.32,0.16,0.27,0.65,0.91,1.17,1.34,1.43,1.9,1.85,66.39
12/17/2021,$171.14,195923400,$170.02,85755160,$141.73,51017880,$323.80,47983710,$333.79,40012640,$27.80,716622400,$54.65,5388979,$60.03,44454950,$113.60,22768790,$62.45,13809310,$71.80,5988214,$68.69,5213447,$8.35,22367260,$68.61,22942540,0.03,0.04,0.05,4.32,0.13,0.27,0.66,0.93,1.18,1.34,1.41,1.87,1.82,66.6
12/16/2021,$172.26,150185800,$168.87,60876840,$144.45,33650380,$324.90,35034830,$334.90,22635030,$28.39,707366000,$54.99,2863343,$61.37,21187780,$116.64,11344670,$62.77,6067909,$70.96,2965665,$68.75,3030689,$8.49,19965590,$71.70,7068170,0.04,0.06,0.05,4.32,0.13,0.26,0.64,0.92,1.19,1.36,1.44,1.91,1.87,65.44
12/15/2021,$179.30,131063300,$173.32,75794260,$146.44,36370460,$334.65,35381120,$341.66,24681330,$30.46,698296900,$56.04,3518136,$61.27,19961860,$115.56,11069550,$62.48,5561920,$70.52,2666139,$68.24,3136429,$8.36,20931320,$70.71,6805602,0.03,0.05,0.05,4.32,0.13,0.29,0.69,1,1.26,1.42,1.47,1.91,1.86,66.14
12/14/2021,$174.33,139380400,$169.09,55975280,$143.91,38446240,$328.34,44438700,$333.74,20461020,$28.34,667035400,$54.63,4771540,$61.54,22551150,$116.22,12245290,$62.45,5700766,$70.73,3360111,$68.19,2694005,$8.25,20589710,$70.68,6669332,0.02,0.05,0.05,4.32,0.13,0.26,0.67,0.98,1.23,1.39,1.44,1.87,1.82,69.88
12/13/2021,$175.74,153237000,$169.57,62169000,$145.83,27069400,$339.40,28899430,$334.49,22948660,$28.16,598343700,$55.72,3542392,$61.63,17793710,$115.88,8533029,$61.81,5416833,$69.64,2528025,$68.22,2859793,$8.23,27097330,$71.02,5719137,0.01,0.05,0.05,4.32,0.11,0.27,0.66,0.95,1.21,1.37,1.42,1.86,1.81,69.88
12/10/2021,$179.45,115402700,$172.21,60689760,$148.00,24462760,$342.54,38095690,$329.75,14527970,$30.20,488825100,$57.60,3037394,$63.01,17942380,$118.34,9090712,$63.69,4714347,$72.52,2268847,$70.85,2194231,$8.48,17172390,$73.49,6065173,0.03,0.06,0.06,4.32,0.13,0.27,0.67,0.98,1.25,1.42,1.48,1.91,1.88,69.88
12/09/2021,$174.56,108923700,$174.17,46061820,$147.64,23269720,$333.10,22214160,$329.82,16879170,$30.49,488507200,$57.65,4444983,$62.61,16910330,$118.14,8334720,$63.34,5373808,$72.30,3913365,$70.31,3247008,$8.57,24292610,$72.55,6511575,0.03,0.06,0.06,4.32,0.12,0.28,0.7,0.99,1.26,1.42,1.49,1.91,1.87,78.32
12/08/2021,$175.08,116998900,$176.16,45253660,$148.19,24270320,$334.97,24760990,$330.56,19937720,$31.83,475551500,$58.40,3505897,$62.45,18214420,$118.45,8827850,$64.06,5430423,$71.85,1947670,$70.72,2674541,$8.52,136660800,$74.11,6313232,0.04,0.05,0.07,4.32,0.13,0.29,0.68,0.99,1.27,1.44,1.52,1.93,1.87,78.32
12/07/2021,$171.18,120405400,$176.16,66410720,$147.27,32240300,$334.92,31021940,$322.81,18794050,$32.43,593053500,$58.91,4197531,$62.27,19800380,$117.92,11419640,$64.23,7347288,$72.48,2572870,$71.63,3384114,$8.36,31258590,$74.57,8136727,0.05,0.06,0.06,4.32,0.15,0.31,0.7,0.99,1.26,1.43,1.48,1.88,1.8,76.74
12/06/2021,$165.32,107497000,$171.37,68860000,$143.16,30618100,$326.19,30032560,$317.87,21758340,$30.04,658938500,$58.75,5165047,$61.58,19210510,$116.20,9833881,$62.86,5915346,$71.07,3866116,$70.41,2575734,$8.18,24924510,$72.81,6200074,0.05,0.05,0.05,4.32,0.12,0.28,0.65,0.91,1.21,1.38,1.43,1.84,1.75,76.11
12/03/2021,$161.84,118023100,$169.49,80711000,$142.00,41230160,$323.01,41779280,$306.84,27471010,$30.69,544325100,$58.48,8107211,$60.89,22014730,$114.41,10445110,$61.67,8031832,$70.00,3219673,$69.71,4134236,$8.23,19802430,$71.11,6995666,0.04,0.05,0.06,4.32,0.09,0.26,0.6,0.86,1.13,1.29,1.35,1.77,1.69,78.92
12/02/2021,$163.76,136739200,$171.87,64725760,$142.97,29194840,$329.49,30765980,$310.39,24396170,$32.13,472890300,$57.15,6671083,$61.28,29216050,$115.14,11392390,$63.33,6298492,$71.38,3617488,$71.17,5242754,$8.32,17486830,$71.26,8410854,0.05,0.05,0.05,4.32,0.09,0.27,0.63,0.9,1.21,1.38,1.44,1.87,1.76,78.32
12/01/2021,$164.77,152423000,$172.19,75139900,$141.05,34055240,$330.08,33401150,$310.60,30384080,$31.44,485802000,$55.70,6302142,$59.79,30670130,$112.10,12308070,$60.91,6552360,$68.67,3978361,$67.31,5872680,$8.16,20451160,$69.20,10071030,0.09,0.04,0.06,4.32,0.1,0.25,0.56,0.85,1.15,1.35,1.43,1.84,1.77,80.76
11/30/2021,$165.30,174048100,$175.35,80022140,$141.90,42067220,$330.59,42885610,$324.46,25390010,$32.68,622066500,$56.47,9760586,$59.84,34979830,$112.87,24451190,$60.85,14326150,$69.17,5819951,$66.94,9927907,$8.42,25309000,$70.13,15723650,0.11,0.05,0.05,4.32,0.1,0.24,0.52,0.81,1.14,1.36,1.43,1.85,1.78,80.85
11/29/2021,$160.24,88748220,$178.08,65311140,$145.53,32595040,$336.63,28563480,$338.03,16650950,$33.38,454964000,$57.57,5353615,$61.59,18946360,$114.85,12003850,$61.78,6166538,$69.86,3400458,$68.17,3889641,$8.61,26838790,$72.15,9191595,0.07,0.04,0.06,4.32,0.1,0.21,0.51,0.83,1.18,1.42,1.52,1.93,1.87,80.87
11/26/2021,$156.81,76959750,$175.23,59825940,$142.18,30469240,$329.68,24217240,$333.12,14750740,$31.50,283068900,$56.18,3858621,$61.25,24979590,$114.51,11861780,$61.35,5847867,$69.25,5044544,$68.01,5674446,$8.84,13182690,$71.48,10258740,0.11,0.04,0.06,4.32,0.1,0.2,0.5,0.81,1.16,1.4,1.48,1.89,1.83,81.47
11/24/2021,$161.94,69463620,$179.02,46560360,$146.12,18040140,$337.91,21661310,$341.06,13566180,$32.67,435162300,$57.30,13025080,$63.48,15869660,$117.19,8500870,$64.55,5191785,$73.87,2305228,$72.95,3636989,$9.04,8613837,$74.83,7215756,0.14,0.05,0.06,4.32,0.1,0.24,0.64,0.97,1.34,1.58,1.64,2.03,1.96,84.12
11/23/2021,$161.41,96041900,$179.00,73844920,$145.78,27231160,$337.68,30427560,$337.25,17224990,$31.75,532162700,$54.67,4646692,$63.13,21185930,$116.30,10375090,$63.85,6971193,$73.83,3452545,$72.55,3418275,$8.95,17374240,$73.78,9109782,0.06,0.04,0.06,4.32,0.07,0.21,0.6,0.95,1.33,1.58,1.67,2.08,2.02,81.96
11/22/2021,$161.02,117467900,$178.63,96957000,$146.30,30629200,$339.83,31031110,$341.01,27116810,$31.96,754335200,$55.13,6229593,$61.51,21998750,$113.91,9947752,$61.69,6274385,$72.19,3782909,$70.65,3631729,$8.82,17303960,$71.89,7445908,0.07,0.03,0.05,4.32,0.07,0.2,0.63,0.95,1.33,1.55,1.63,2.03,1.98,81.25
11/19/2021,$160.55,117305600,$183.83,98924060,$148.93,33699380,$343.11,21963400,$345.30,26488540,$32.99,533866700,$55.02,3830493,$60.67,32035480,$111.91,13538020,$60.28,7817222,$69.64,4692548,$69.07,5477544,$8.70,20603660,$69.61,8817836,0.11,0.04,0.05,4.32,0.06,0.18,0.52,0.86,1.22,1.45,1.54,1.95,1.91,78.88
11/18/2021,$157.87,137827700,$184.80,114070760,$149.84,35628220,$341.27,22463530,$338.69,17487240,$31.68,781710800,$55.90,5020282,$63.61,16948180,$114.45,8371422,$62.70,6912029,$73.71,2550189,$72.96,3985145,$8.88,14734900,$72.72,6549326,0.12,0.05,0.05,4.32,0.06,0.18,0.52,0.84,1.22,1.47,1.59,2.01,1.97,80.82
11/17/2021,$153.49,88807000,$177.45,51205400,$148.05,19599500,$339.12,19053380,$340.77,13602810,$29.26,428508000,$56.00,3566577,$64.31,15496980,$115.42,11108040,$63.58,5484979,$74.68,2300004,$73.45,4190428,$8.98,18831450,$71.97,7628627,0.06,0.05,0.05,4.32,0.06,0.18,0.52,0.85,1.24,1.49,1.6,2.04,2,83.91
11/16/2021,$151.00,59256210,$177.04,44341420,$147.88,18904000,$339.51,20886830,$342.96,18181110,$30.20,264483700,$56.70,6305691,$65.02,17028700,$117.28,10566260,$64.84,5281952,$76.99,2950027,$77.94,4544201,$9.24,12320440,$72.64,7451129,0.06,0.06,0.05,4.32,0.07,0.17,0.54,0.87,1.27,1.52,1.63,2.06,2.02,84.08
11/15/2021,$150.00,59222800,$177.28,58594380,$148.45,23507040,$336.07,16723010,$347.56,25076600,$30.03,384909000,$56.70,7123936,$64.37,18849160,$116.82,11050420,$66.12,6236698,$78.91,3720970,$77.35,4343083,$9.29,18279860,$72.72,6181437,0.06,0.06,0.05,4.32,0.06,0.18,0.53,0.87,1.26,1.51,1.63,2.05,2.01,83.5
11/12/2021,$149.99,63804010,$176.26,53788680,$148.68,22360000,$336.72,23831050,$340.89,25414310,$30.39,413054300,$56.00,3945625,$63.82,18158880,$114.23,8682840,$65.80,4044754,$77.47,2146479,$76.58,2847024,$9.13,15742830,$72.36,5329611,0.05,0.05,0.05,4.32,0.07,0.17,0.53,0.85,1.24,1.47,1.58,1.99,1.95,82.78
11/11/2021,$147.87,40999950,$173.63,45288120,$145.77,16517480,$332.43,16849840,$327.74,12376560,$30.39,332172100,$56.19,3695308,$64.31,13319300,$114.16,7317533,$66.00,5166946,$77.87,1510504,$77.22,2710394,$9.17,14251390,$72.14,7784695,0.05,0.05,0.05,4.32,0.07,0.17,0.53,0.85,1.24,1.47,1.58,1.99,1.95,82.66
11/10/2021,$147.92,65187090,$174.10,80548440,$145.89,29969800,$330.80,25500940,$327.64,21872610,$29.46,636205700,$56.62,5205307,$64.19,20177220,$114.15,10305100,$65.52,6560867,$77.53,2910335,$76.86,3523615,$9.08,19271480,$73.00,7484472,0.06,0.06,0.05,4.32,0.07,0.17,0.51,0.83,1.23,1.45,1.56,1.96,1.92,85.64
11/09/2021,$150.81,56787930,$178.81,85898440,$148.92,19529740,$335.95,21307370,$335.37,17556720,$30.66,646746200,$56.08,3980051,$66.36,18781340,$116.00,10945910,$67.13,6152231,$79.17,2363732,$78.25,3519902,$9.36,18025760,$75.75,6049786,0.04,0.05,0.04,4.32,0.06,0.14,0.41,0.71,1.08,1.32,1.46,1.86,1.83,84.64
11/08/2021,$150.44,55020870,$174.45,61479840,$149.03,23052500,$336.99,20897000,$338.62,18342460,$30.80,503100900,$55.53,4450598,$65.72,17696030,$115.15,7695949,$65.67,5393781,$77.99,1640797,$77.78,2701994,$9.35,21990090,$75.93,6957665,0.04,0.06,0.06,4.32,0.07,0.16,0.45,0.75,1.13,1.38,1.51,1.91,1.89,84.53
11/05/2021,$151.28,65463880,$175.95,99939020,$148.85,38354740,$336.06,22570100,$341.13,26872820,$29.75,851260200,$56.36,7625102,$65.02,18565130,$114.74,8102077,$65.81,10113810,$77.77,2682537,$77.92,3492629,$9.30,13054180,$75.45,6987702,0.05,0.06,0.05,4.32,0.07,0.14,0.39,0.66,1.04,1.3,1.45,1.88,1.87,82.64
11/04/2021,$150.96,60394620,$173.85,107060400,$148.27,38411260,$336.44,23992200,$335.85,22495280,$29.80,1153631000,$54.57,5980590,$64.41,17720120,$113.51,9672950,$63.57,9258865,$76.88,2859185,$76.35,3475100,$9.23,35133870,$73.31,8573540,0.05,0.05,0.04,4.32,0.07,0.14,0.41,0.69,1.1,1.37,1.53,1.96,1.96,84.4
11/03/2021,$151.49,54511530,$169.20,67943780,$146.60,27493240,$334.00,21500080,$331.62,20786500,$26.60,239910300,$55.20,9923048,$63.93,17372770,$113.01,10415960,$63.68,7830112,$78.94,4270800,$75.88,4436215,$9.68,21075210,$72.74,9311832,0.05,0.07,0.05,4.32,0.07,0.17,0.47,0.77,1.19,1.46,1.6,2.01,2,83.19
11/02/2021,$150.02,69121990,$165.64,52551800,$145.43,33482240,$333.13,26487110,$328.08,28352970,$26.40,294112400,$54.61,18238300,$64.82,16300050,$113.83,9189727,$64.64,8026660,$77.55,4552836,$75.86,3913054,$9.83,14971310,$73.03,10891890,0.05,0.06,0.05,4.32,0.07,0.15,0.46,0.73,1.15,1.42,1.56,1.97,1.96,82.62
11/01/2021,$148.96,74588260,$165.91,72177580,$143.50,46923240,$329.37,27073180,$329.98,31518890,$25.83,265739800,$56.66,3362968,$65.63,19656450,$114.53,11213770,$67.26,4761190,$78.14,5824619,$78.02,3375295,$9.93,16233940,$74.59,11944580,0.05,0.09,0.05,4.32,0.06,0.15,0.5,0.79,1.2,1.46,1.58,2.01,1.98,82.39
10/29/2021,$149.80,124953200,$168.62,129721540,$148.05,43320300,$331.62,34765980,$323.57,37059380,$25.57,292502800,$55.89,4517752,$64.47,23966330,$114.49,15294240,$65.93,7667957,$74.78,5110922,$77.33,4783990,$9.51,18529010,$74.49,8079336,0.06,0.08,0.05,4.32,0.07,0.15,0.48,0.75,1.18,1.44,1.55,1.98,1.93,81.43
10/28/2021,$152.57,100077900,$172.33,114174660,$145.85,36206380,$324.35,26297940,$316.92,50806840,$24.94,234204300,$55.93,3317387,$64.31,16626410,$113.12,7538156,$66.67,5548889,$76.75,3379977,$78.46,3366054,$9.68,18739040,$75.15,5195872,0.06,0.1,0.06,4.32,0.06,0.15,0.5,0.77,1.18,1.44,1.57,1.98,1.96,80.67
10/27/2021,$148.85,56094930,$169.62,54044480,$146.22,85781400,$323.17,52588690,$312.22,29971760,$24.45,245989900,$55.07,3601162,$64.13,21764460,$112.07,9096093,$66.15,6473899,$77.35,5417208,$78.67,3180245,$9.73,13465080,$74.43,9025555,0.06,0.07,0.06,4.32,0.07,0.12,0.5,0.77,1.16,1.41,1.54,1.93,1.95,80.75
10/26/2021,$149.32,60893400,$168.80,53966840,$139.31,49235020,$310.11,28107350,$315.81,65654040,$24.72,485898300,$56.00,2969462,$65.84,25585100,$114.10,7463012,$68.47,5532538,$82.22,3262743,$81.88,2363263,$9.86,12845620,$77.03,5898213,0.06,0.08,0.06,4.32,0.06,0.14,0.47,0.77,1.2,1.46,1.63,2.03,2.05,80.64
10/25/2021,$148.64,50720560,$166.02,44519120,$137.45,34412260,$308.13,17554470,$328.69,38408960,$23.17,230234800,$57.06,6784547,$64.35,17939770,$113.85,9579769,$68.20,4679377,$83.73,1939249,$82.69,2730625,$9.98,10942580,$76.52,7471151,0.07,0.1,0.06,4.32,0.06,0.14,0.47,0.76,1.19,1.47,1.64,2.07,2.09,79.55
10/22/2021,$148.69,58883440,$166.78,62781060,$137.57,50588960,$309.16,17449330,$324.61,35224540,$22.73,249383800,$58.20,2661588,$63.12,14266850,$112.80,8673794,$67.52,3977804,$82.89,1880319,$80.99,3923659,$9.88,16151700,$75.72,7170189,0.05,0.09,0.06,4.32,0.07,0.13,0.48,0.79,1.22,1.49,1.66,2.06,2.08,78.46
10/21/2021,$149.48,61420990,$171.75,37627700,$141.89,26292260,$310.76,16918100,$341.88,16354420,$22.69,187590300,$57.41,3715046,$62.69,16564640,$111.74,9372562,$67.03,5806608,$82.73,2536207,$82.00,4558519,$9.89,20363230,$74.59,5836250,0.06,0.08,0.06,4.32,0.06,0.12,0.45,0.78,1.23,1.52,1.68,2.1,2.13,77.66
10/20/2021,$149.26,58418790,$170.75,42795540,$141.77,23288060,$307.41,16537070,$340.78,13639470,$22.10,146275900,$56.72,3768238,$63.85,14305160,$113.16,10811370,$67.21,5194868,$83.32,2016929,$81.04,3897415,$10.19,9154089,$76.02,5505969,0.06,0.07,0.05,4.32,0.06,0.1,0.4,0.7,1.16,1.46,1.65,2.09,2.12,79.17
10/19/2021,$148.76,76378890,$172.21,47721580,$143.24,20163000,$308.23,17682140,$339.99,18786320,$22.29,161473300,$56.30,3769330,$63.50,18933150,$111.70,10362810,$66.83,4881167,$82.78,2880026,$80.15,3560463,$10.07,9690172,$75.32,6589365,0.06,0.09,0.05,4.32,0.06,0.11,0.41,0.71,1.17,1.47,1.65,2.07,2.09,77.68
10/18/2021,$146.55,85589180,$172.34,63482300,$142.78,20396160,$307.29,22729300,$335.34,21585020,$22.22,189493600,$55.21,2536785,$62.56,18282800,$109.56,10677440,$66.40,4911302,$80.87,2534548,$78.13,3525362,$10.05,12843750,$74.50,9918013,0.05,0.09,0.06,4.32,0.06,0.11,0.44,0.72,1.16,1.43,1.59,1.99,2.01,76.01
10/15/2021,$144.84,67940330,$170.45,103598820,$141.37,30274440,$304.21,25384800,$324.76,21596370,$21.86,226994000,$54.73,1695434,$62.59,16092610,$109.61,9968079,$66.80,6186156,$81.22,2093211,$78.66,2568345,$9.99,10513500,$74.14,6945104,0.04,0.08,0.05,4.32,0.06,0.12,0.41,0.7,1.13,1.42,1.59,2.02,2.05,75.22
10/14/2021,$143.76,69907100,$164.99,42240400,$141.15,31927940,$302.75,27262900,$328.53,14302150,$21.75,243588800,$53.86,1834067,$62.00,18594500,$108.81,7650588,$66.68,6837894,$82.16,2283380,$79.17,2533405,$9.94,15950080,$73.85,8154064,0.05,0.08,0.05,4.32,0.06,0.1,0.36,0.62,1.05,1.34,1.52,1.97,2.02,75.06
10/13/2021,$140.91,78762720,$164.21,48501720,$137.58,19662320,$296.31,23424030,$324.54,14761470,$20.94,180651900,$52.68,2725307,$61.07,14991720,$107.79,9221384,$65.26,5142304,$81.87,3511912,$78.14,3072965,$9.96,8810020,$73.23,8517762,0.03,0.06,0.05,4.32,0.06,0.11,0.37,0.66,1.09,1.38,1.56,2,2.05,75.44
10/12/2021,$141.51,73035860,$162.37,36391420,$136.45,36332240,$292.88,17974140,$323.77,31658680,$20.67,162133500,$52.72,1941536,$61.24,20198560,$107.15,9085018,$64.74,6470260,$82.63,2217544,$78.92,2567851,$9.90,10619610,$73.41,7635584,0.03,0.07,0.06,4.32,0.06,0.1,0.35,0.64,1.08,1.39,1.59,2.05,2.1,75.54
10/11/2021,$142.81,64452220,$162.32,40684060,$138.91,17953620,$294.23,19298630,$325.45,14708220,$20.70,163387500,$53.45,1405149,$61.56,22121490,$107.13,9794816,$64.56,4831978,$82.04,2671866,$77.80,4028870,$9.93,13947400,$73.97,9585222,0.03,0.07,0.06,4.32,0.06,0.1,0.35,0.64,1.08,1.39,1.59,2.05,2.1,74.18
10/08/2021,$142.90,58773160,$164.43,39964340,$139.79,26525840,$294.85,17685700,$330.05,15946110,$20.83,151257900,$53.38,2679774,$62.18,22186890,$108.05,10586720,$65.16,6425053,$82.13,3274088,$78.60,3476795,$9.94,10588890,$74.92,12310520,0.02,0.07,0.05,4.32,0.07,0.09,0.32,0.59,1.05,1.39,1.61,2.11,2.16,73.43
10/07/2021,$143.29,61732660,$165.12,48181500,$139.23,25110140,$294.85,20430470,$329.22,28307460,$21.08,256918900,$54.39,2080732,$60.66,19513600,$105.68,8830858,$63.50,6021767,$79.30,2746519,$75.90,3904624,$9.64,19730050,$71.51,11521270,0.03,0.09,0.05,4.32,0.06,0.1,0.32,0.57,1.02,1.36,1.58,2.08,2.13,72.37
10/06/2021,$142.00,83221120,$163.10,50659540,$137.57,24364280,$293.11,28002560,$333.64,26443010,$20.70,297201800,$53.61,1553071,$60.49,25284920,$104.93,10630110,$62.86,9077654,$78.39,4437321,$75.37,4529377,$9.42,21201490,$71.81,10613460,0.06,0.04,0.04,4.32,0.06,0.1,0.3,0.55,0.99,1.32,1.53,2.02,2.08,70.51
10/05/2021,$141.11,80861060,$161.05,65384160,$136.02,32403260,$288.76,24993020,$332.96,35377950,$20.45,279281700,$53.82,1699520,$61.62,29641560,$105.86,13017310,$63.25,7908182,$77.35,5064952,$74.30,4785457,$9.86,34984420,$71.73,11270070,0.1,0.04,0.04,4.32,0.06,0.09,0.28,0.54,0.98,1.32,1.54,2.04,2.1,70.41
10/04/2021,$139.14,98322010,$159.49,90461140,$133.66,51201940,$283.11,31350750,$326.23,42884980,$19.73,345635000,$53.47,2074026,$61.72,33946680,$104.72,13305380,$63.02,9084677,$75.71,6311962,$75.02,4074465,$10.08,16861170,$71.49,12423520,0.09,0.04,0.04,4.32,0.06,0.09,0.27,0.52,0.95,1.27,1.49,1.99,2.05,72.09
10/01/2021,$142.65,94639580,$164.16,56712340,$136.54,35360180,$289.10,30086280,$343.01,14905310,$20.74,240978000,$53.75,1910256,$60.93,24407340,$104.33,10854910,$63.56,6868174,$72.57,2859395,$73.62,5098837,$9.75,12262840,$70.10,13482280,0.08,0.04,0.04,4.32,0.05,0.09,0.27,0.49,0.93,1.26,1.48,1.99,2.04,72.69
09/30/2021,$141.50,89056660,$164.25,56940660,$133.68,38028800,$281.92,32343640,$339.39,16547090,$20.72,221009100,$52.86,2463030,$58.82,31289620,$101.45,15324110,$61.81,6536991,$70.03,3439043,$70.57,4088773,$9.58,11858500,$67.77,15851480,0.07,0.05,0.04,4.32,0.05,0.09,0.28,0.53,0.98,1.32,1.52,2.02,2.08,72.59
09/29/2021,$142.83,74602040,$165.06,51245360,$134.35,30848700,$284.00,26353700,$339.61,14452240,$20.52,218393600,$53.55,2421771,$59.88,23422800,$103.33,10268050,$61.93,4963257,$69.96,2352137,$70.31,2820968,$9.58,13236340,$68.04,10563680,0.05,0.04,0.04,4.32,0.05,0.09,0.3,0.55,1.01,1.34,1.55,2.04,2.09,70.53
09/28/2021,$141.91,108972300,$165.80,88616380,$135.83,45772200,$283.52,43186240,$340.65,21710290,$20.70,343069000,$53.50,2079868,$59.92,37619270,$103.36,15560820,$62.51,6093460,$70.91,3790438,$71.17,4656729,$9.51,11353220,$67.80,14995160,0.07,0.04,0.04,4.32,0.06,0.09,0.31,0.55,1.02,1.34,1.54,2.02,2.07,70.54
09/27/2021,$145.37,74150730,$170.29,72689000,$141.07,21881960,$294.17,23571740,$353.58,15205840,$21.66,245215100,$53.29,2175797,$59.30,32972240,$102.97,12697520,$63.09,7532895,$71.13,3136273,$70.78,5049566,$9.63,13915750,$66.71,13508740,0.06,0.03,0.04,4.32,0.05,0.09,0.31,0.56,0.98,1.3,1.48,1.95,1.99,69.82
09/24/2021,$146.92,53477870,$171.28,42324820,$142.22,22983900,$299.35,14998980,$352.96,18801930,$22.08,217655500,$52.78,3201311,$57.59,22328570,$100.60,8225292,$61.89,3860888,$68.04,2424696,$67.63,2297939,$9.28,9280847,$65.02,11128280,0.06,0.04,0.03,4.32,0.05,0.08,0.29,0.55,0.97,1.27,1.47,1.94,1.99,68.26
09/23/2021,$146.83,64838170,$170.80,47588280,$141.22,20951000,$299.56,18604600,$345.96,21806260,$22.48,248554900,$52.18,5904311,$57.08,23069410,$100.06,10094870,$61.80,5851870,$68.61,2520553,$67.17,3373788,$9.49,14236690,$63.71,11886810,0.05,0.04,0.03,4.32,0.04,0.08,0.27,0.53,0.94,1.22,1.41,1.87,1.92,69.36
09/22/2021,$145.85,76404340,$169.00,48228060,$140.28,25055560,$298.58,26626340,$343.21,43692860,$21.94,268725600,$50.44,2917894,$55.21,25690630,$97.64,13292800,$59.91,7604315,$67.01,4003699,$65.32,4729307,$9.25,18429040,$62.26,15753040,0.04,0.04,0.03,4.32,0.05,0.08,0.25,0.48,0.86,1.13,1.32,1.78,1.84,68.49
09/21/2021,$143.43,75833960,$167.18,55617560,$139.03,25331900,$294.80,22364100,$357.48,11751920,$21.25,204688100,$50.48,2775323,$53.64,19696790,$94.85,10958440,$57.84,4525227,$64.34,2170007,$63.32,3019560,$8.85,17265950,$59.33,13923150,0.05,0.04,0.03,4.32,0.04,0.07,0.22,0.46,0.84,1.13,1.33,1.81,1.86,68.49
09/20/2021,$142.94,123478900,$167.79,93382600,$138.72,46518040,$294.30,38278660,$355.70,19822770,$21.11,349440500,$51.25,4164806,$53.69,27555060,$94.78,15796140,$57.13,6919995,$64.27,2989687,$62.97,3801882,$8.73,29487020,$57.07,10001840,0.06,0.05,0.04,4.32,0.05,0.07,0.23,0.45,0.83,1.12,1.31,1.79,1.85,69.34
09/17/2021,$146.06,129868800,$173.13,92331120,$140.80,53384460,$299.87,41372460,$364.72,26298970,$21.90,294502800,$51.08,4594792,$55.16,30034430,$96.76,16008920,$58.86,7621077,$66.02,6201971,$65.60,4780533,$9.10,22790840,$58.92,13741560,0.06,0.06,0.04,4.32,0.05,0.07,0.23,0.47,0.88,1.17,1.37,1.85,1.91,70.07
09/16/2021,$148.79,68034150,$174.41,51671960,$143.61,26195420,$305.22,19550820,$373.06,11934220,$22.24,156033400,$51.52,2776523,$55.82,17907200,$97.32,10617020,$59.10,4135818,$65.76,2426996,$65.46,2308125,$9.14,22153920,$59.23,8773081,0.06,0.06,0.04,4.32,0.05,0.07,0.23,0.46,0.84,1.13,1.34,1.83,1.88,68.63
09/15/2021,$149.03,83281320,$173.79,59150740,$144.43,27407580,$304.82,28356300,$373.92,17940300,$22.34,166538000,$51.04,2943299,$56.42,23240880,$98.24,11623450,$59.57,6875217,$66.03,4584466,$66.51,4031971,$9.24,23802020,$59.32,10765990,0.04,0.06,0.04,4.32,0.05,0.07,0.21,0.43,0.81,1.1,1.31,1.8,1.87,68.43
09/14/2021,$148.12,109296300,$172.50,38737940,$142.54,19673860,$299.79,21853430,$376.53,8711569,$22.24,199754600,$49.51,2815464,$54.58,19940300,$96.20,15294110,$57.56,5609150,$65.24,3572503,$64.70,2956348,$9.30,25697460,$56.94,7880750,0.05,0.06,0.04,4.32,0.05,0.07,0.21,0.43,0.79,1.07,1.28,1.78,1.85,69.28
09/13/2021,$149.55,102404300,$172.86,51380440,$142.33,22093840,$296.99,23652950,$376.51,13026280,$22.15,297499900,$50.25,5946135,$55.37,22052270,$97.97,11500860,$58.61,5885415,$67.26,3545053,$66.18,4432782,$9.34,14967260,$57.59,8456504,0.06,0.08,0.06,4.32,0.06,0.07,0.21,0.44,0.81,1.11,1.33,1.83,1.91,68.84
09/10/2021,$148.97,140893200,$173.46,47945380,$140.88,36839340,$295.71,19633360,$378.69,11549600,$22.48,248375700,$48.39,2059236,$53.98,15123690,$96.07,11005960,$56.87,4866452,$66.38,2477451,$63.41,3212121,$9.30,8297097,$55.73,5055193,0.06,0.06,0.05,4.32,0.06,0.08,0.23,0.45,0.82,1.12,1.35,1.86,1.94,67.42
09/09/2021,$154.07,57305730,$174.21,54384820,$143.54,15317100,$297.25,19927000,$378.00,9098941,$22.18,196856000,$48.97,1852442,$54.09,19110780,$96.00,10219380,$57.25,5004928,$66.74,3575665,$63.54,2827854,$9.32,8608446,$55.58,6285820,0.07,0.06,0.04,4.32,0.05,0.07,0.23,0.43,0.79,1.08,1.3,1.83,1.9,68.54
09/08/2021,$155.11,74420210,$176.28,61067280,$143.69,18350220,$300.21,15046820,$377.57,11067170,$22.34,254434200,$48.22,1967114,$54.05,18756730,$96.39,10775870,$57.11,7420249,$66.99,2498366,$63.70,3396751,$9.44,6989946,$55.28,5228937,0.05,0.06,0.05,4.32,0.06,0.08,0.22,0.43,0.81,1.11,1.35,1.88,1.95,67.5
09/07/2021,$156.69,82278260,$175.46,54823680,$144.28,20131900,$300.18,17184080,$382.18,10798920,$22.66,198107200,$48.78,2590857,$54.55,14356410,$97.06,9239168,$58.57,4953583,$68.74,2108782,$65.52,3021897,$9.50,9655650,$55.98,6632600,0.04,0.07,0.05,4.32,0.06,0.08,0.22,0.45,0.82,1.14,1.38,1.91,1.99,65.65
09/03/2021,$154.30,57866070,$173.90,51566480,$143.74,19854360,$301.14,14751610,$376.26,7511356,$22.84,280832000,$49.36,2549399,$54.87,13847890,$97.49,9099427,$58.24,5010211,$69.62,1606198,$64.70,2091932,$9.65,8365922,$56.24,7954693,0.04,0.07,0.05,4.32,0.05,0.08,0.21,0.42,0.78,1.09,1.33,1.87,1.94,63.69
09/02/2021,$153.65,71171320,$173.16,58511880,$143.29,32358140,$301.15,16290550,$375.28,14838270,$22.40,188109600,$49.32,2177179,$55.08,23302230,$97.71,12341250,$57.90,5402409,$69.92,2336526,$65.20,3503394,$9.67,10776150,$56.60,6697427,0.05,0.07,0.05,4.32,0.06,0.07,0.2,0.42,0.78,1.07,1.29,1.83,1.9,65.36
09/01/2021,$152.51,80313710,$173.95,72598220,$145.22,21936100,$301.83,18983830,$382.05,11567160,$22.44,201767000,$49.16,1808518,$53.77,21644070,$95.71,10557260,$57.25,6489310,$69.21,3334483,$63.95,5186884,$9.44,10217000,$54.65,9319767,0.04,0.06,0.05,4.32,0.06,0.07,0.2,0.42,0.78,1.08,1.31,1.84,1.92,66.5
08/31/2021,$151.83,86453120,$173.54,87128260,$144.70,22448760,$301.88,26285340,$379.38,12345350,$22.39,259849700,$49.52,2457156,$54.52,27104130,$96.77,15676850,$59.27,6464059,$71.09,3333522,$66.31,6113151,$9.30,10310270,$55.53,10500510,0.03,0.05,0.04,4.32,0.06,0.07,0.2,0.4,0.77,1.08,1.3,1.85,1.92,67.44
08/30/2021,$153.12,90956720,$171.08,63844880,$144.59,24434200,$303.59,16348070,$380.66,13547260,$22.69,262579900,$49.87,2900479,$55.16,14086120,$98.39,8127183,$58.93,6139022,$71.57,1790399,$66.02,2653287,$9.30,8520767,$56.20,4838609,0.04,0.07,0.05,4.32,0.05,0.08,0.2,0.4,0.77,1.07,1.29,1.82,1.9,68.36
08/27/2021,$148.60,55802390,$167.48,48047380,$144.00,28780200,$299.72,22605730,$372.63,11219140,$22.64,304722200,$49.26,5389751,$55.77,15822450,$98.64,10281180,$60.02,6556036,$72.61,2349882,$67.11,3200349,$9.49,8944143,$56.74,6549362,0.04,0.06,0.05,4.32,0.05,0.07,0.22,0.41,0.79,1.09,1.31,1.84,1.91,69.12
08/26/2021,$147.54,48597200,$165.80,41975220,$141.44,20609320,$299.09,17666080,$364.38,7888683,$22.07,237940400,$51.60,2106564,$54.71,11842620,$97.22,8124768,$58.09,4982566,$70.68,2518503,$65.46,2726012,$9.20,8204317,$55.13,5208974,0.04,0.06,0.05,4.32,0.06,0.07,0.25,0.46,0.84,1.13,1.34,1.87,1.94,69.3
08/25/2021,$148.36,58991300,$164.96,33606120,$142.08,15851480,$302.01,20006060,$368.39,9684519,$22.21,347701000,$51.86,1762036,$55.46,13270320,$98.51,9342304,$58.63,5268758,$72.18,2229491,$66.34,3064648,$9.48,7347386,$56.02,6125496,0.04,0.05,0.06,4.32,0.06,0.07,0.23,0.47,0.84,1.13,1.35,1.88,1.96,68.33
08/24/2021,$149.62,48606430,$165.29,51036820,$141.26,19267220,$302.62,18175770,$365.51,9235148,$21.79,297298900,$51.19,2455249,$55.36,17915560,$97.84,8924936,$57.96,4597434,$70.93,3351854,$65.23,3833670,$9.33,9931830,$55.41,6245456,0.03,0.05,0.05,4.32,0.05,0.06,0.24,0.44,0.8,1.08,1.29,1.83,1.91,66.56
08/23/2021,$149.71,60131810,$163.29,65362620,$140.04,28453400,$304.65,22830160,$363.35,10942010,$21.96,575806600,$50.87,1648677,$54.91,21632610,$96.73,10277760,$56.82,4499584,$68.80,3549901,$63.11,4826286,$9.21,9312799,$54.79,8022227,0.04,0.05,0.05,4.32,0.06,0.07,0.23,0.43,0.78,1.05,1.25,1.79,1.87,68.26
08/20/2021,$148.19,60549630,$160.00,67168560,$137.43,31193160,$304.36,40817650,$359.37,8697667,$20.82,675741300,$50.05,1539679,$52.74,16918280,$94.30,9707644,$54.77,5964061,$65.95,4518639,$60.20,4871041,$9.02,12235240,$52.77,7068297,0.04,0.05,0.05,4.32,0.05,0.06,0.23,0.44,0.8,1.06,1.26,1.79,1.87,69.1
08/19/2021,$146.70,86960310,$159.39,75657240,$135.68,21782540,$296.77,29850460,$355.12,12004540,$19.80,766554800,$48.89,1139667,$52.73,30923510,$94.29,17423360,$54.23,8185944,$66.27,4008930,$60.24,5267936,$8.95,19139060,$52.44,11306390,0.04,0.05,0.06,4.32,0.05,0.06,0.22,0.44,0.78,1.04,1.24,1.8,1.88,68.19
08/18/2021,$146.36,86325990,$160.06,56086220,$135.45,19258940,$290.73,21812990,$355.45,10042380,$19.04,285913500,$49.27,793751,$54.39,21890520,$96.70,12893610,$56.28,4413998,$68.15,3895199,$62.24,3082602,$9.10,14747110,$53.53,6647900,0.03,0.05,0.07,4.32,0.05,0.07,0.23,0.43,0.79,1.06,1.27,1.84,1.91,70.64
08/17/2021,$150.19,92229740,$162.10,67758440,$136.66,21715200,$293.08,20075250,$358.45,12328740,$19.46,204584900,$49.70,1218964,$55.56,16243660,$100.73,10937470,$57.10,5789055,$69.97,3161415,$63.51,3256770,$9.32,11383530,$54.52,6480266,0.03,0.05,0.07,4.32,0.06,0.07,0.23,0.43,0.77,1.05,1.26,1.82,1.92,71.31
08/16/2021,$151.12,103558800,$164.95,66569880,$138.31,22398360,$294.60,22516030,$366.56,11232270,$19.95,211152800,$50.63,899047,$55.94,16969050,$100.92,9479436,$58.38,5633228,$71.85,4753318,$64.54,2993513,$9.51,11864780,$54.81,7464883,0.04,0.05,0.06,4.32,0.05,0.08,0.21,0.42,0.75,1.04,1.26,1.82,1.92,73.93
08/13/2021,$149.10,59375010,$164.70,41133980,$137.73,15947440,$292.85,18249050,$363.18,7195724,$20.19,183062900,$50.83,1293454,$56.77,20062990,$101.96,6572623,$59.15,3639809,$73.89,2214774,$66.25,1944195,$9.51,6818253,$55.97,7399776,0.04,0.05,0.06,4.32,0.05,0.08,0.23,0.44,0.79,1.08,1.29,1.85,1.94,73.62
08/12/2021,$148.89,73779110,$165.18,46476460,$137.19,16518860,$289.81,14570390,$362.65,7175206,$19.91,151861600,$51.07,1035248,$57.35,19227450,$102.64,7378419,$59.54,4951460,$74.44,1792048,$67.25,1905057,$9.72,8041335,$57.04,4730872,0.05,0.06,0.06,4.32,0.06,0.09,0.23,0.46,0.83,1.13,1.36,1.92,2.03,72.37
08/11/2021,$145.86,48493460,$164.61,58944980,$136.28,15352000,$286.95,13955930,$359.96,8400332,$19.70,185924800,$51.00,1233188,$58.35,18278630,$102.85,7079767,$59.14,4856562,$74.41,2021356,$66.84,4869417,$9.54,9146428,$57.19,6072133,0.05,0.05,0.05,4.32,0.06,0.08,0.23,0.45,0.81,1.11,1.35,1.9,1.99,71.68
08/10/2021,$145.60,69023080,$166.03,48251020,$136.81,19414080,$286.44,18616580,$361.13,7469878,$19.94,179237800,$50.01,870403,$58.18,16340240,$102.08,9762631,$58.48,6051609,$74.23,2823889,$66.90,3721137,$9.40,11246300,$56.48,6781846,0.05,0.05,0.05,4.32,0.05,0.08,0.24,0.47,0.82,1.12,1.36,1.9,1.99,72.15
08/09/2021,$146.09,48908690,$167.09,42964400,$136.91,17766000,$288.33,16117630,$361.61,7798872,$20.30,146443100,$50.05,1077416,$57.20,17828210,$100.25,9243086,$57.22,5451672,$73.01,2220786,$66.00,2736320,$9.23,12244690,$55.45,5410558,0.04,0.05,0.06,4.32,0.06,0.08,0.23,0.43,0.79,1.09,1.33,1.87,1.96,72.24
08/06/2021,$146.14,54126810,$167.25,52752880,$135.74,20488120,$289.46,16589340,$363.51,8925017,$20.37,178496600,$50.07,742258,$57.86,14888490,$101.95,6475592,$57.41,6352480,$73.96,1808025,$66.50,2850978,$9.27,11782510,$56.50,5039096,0.04,0.05,0.06,4.32,0.06,0.09,0.21,0.42,0.77,1.07,1.31,1.85,1.94,72.15
08/05/2021,$147.06,46397670,$168.80,48670060,$136.25,17869000,$289.52,13900170,$362.97,10247210,$20.64,211435400,$49.97,876445,$57.20,15180190,$101.23,7986071,$56.49,7163170,$73.37,2183159,$65.71,3311982,$9.12,17071760,$55.95,6573080,0.05,0.05,0.05,4.32,0.06,0.08,0.21,0.38,0.72,1.01,1.23,1.77,1.86,70.26
08/04/2021,$146.95,56368270,$167.74,43678900,$135.13,19676020,$286.51,16191300,$358.92,14180570,$20.27,231309400,$49.49,838070,$56.84,20868320,$100.30,10389810,$54.38,6117996,$71.64,4259696,$64.18,6121236,$9.27,25329210,$54.93,7629754,0.05,0.05,0.05,4.32,0.05,0.07,0.17,0.34,0.67,0.96,1.19,1.74,1.83,67.32
08/03/2021,$147.36,64786620,$168.31,83146860,$135.63,20761880,$287.12,17879050,$351.24,12406050,$19.82,301810700,$50.01,1591734,$58.20,18208180,$102.60,8437326,$55.94,4892466,$76.07,3148671,$69.01,4367166,$9.71,14816930,$56.64,9888408,0.05,0.05,0.05,4.32,0.06,0.07,0.17,0.33,0.65,0.95,1.19,1.76,1.85,66.45
08/02/2021,$145.52,62879960,$166.57,67078300,$134.85,21634200,$284.82,16267360,$351.95,13180440,$19.75,217444000,$48.93,1219382,$57.58,20873770,$101.63,8911806,$54.46,5258615,$73.48,4061231,$66.40,4398363,$9.70,11833450,$55.38,8469537,0.05,0.05,0.05,4.32,0.06,0.07,0.17,0.33,0.66,0.96,1.2,1.77,1.86,71.76
07/30/2021,$145.86,70440630,$166.38,199311860,$134.73,25575780,$284.91,20944850,$356.30,15976180,$19.50,183497500,$49.09,804301,$57.57,28652810,$101.81,12295290,$55.22,3642459,$73.43,3300998,$66.97,3587891,$9.86,7948118,$56.06,8660052,0.05,0.05,0.06,4.32,0.05,0.07,0.19,0.35,0.69,1,1.24,1.81,1.89,71.67
07/29/2021,$145.64,56699480,$180.00,110399040,$135.78,31715720,$286.50,18168290,$358.32,33413240,$19.66,190780900,$49.18,799248,$58.93,18607820,$102.57,8681341,$55.93,3210835,$74.78,1938356,$67.64,4526813,$9.97,7823719,$57.08,6306398,0.05,0.05,0.06,4.32,0.05,0.08,0.2,0.37,0.73,1.04,1.28,1.84,1.91,73.06
07/28/2021,$144.98,118931200,$181.52,59987560,$136.09,95130600,$286.22,33566850,$373.28,29676910,$19.50,202191200,$48.72,578099,$58.22,16855290,$101.18,8546112,$55.28,3196533,$75.22,1957971,$67.30,4606166,$9.95,11873860,$56.72,6167171,0.04,0.05,0.05,4.32,0.05,0.07,0.2,0.38,0.72,1.01,1.26,1.83,1.9,75.24
07/27/2021,$146.77,104818600,$181.32,82637800,$131.90,54709480,$286.54,33604070,$367.81,15705450,$19.21,248862600,$48.83,879412,$57.83,16861420,$100.61,8332082,$54.34,3625590,$74.54,1932835,$65.58,4769289,$9.75,12037050,$56.33,7363559,0.04,0.05,0.05,4.32,0.05,0.07,0.2,0.37,0.71,1.01,1.25,1.81,1.89,74.21
07/26/2021,$148.99,72434090,$184.99,58001360,$134.04,30571480,$289.05,23176070,$372.46,14925220,$19.29,203943200,$49.01,1248681,$58.48,18387610,$100.95,10227460,$54.66,3948237,$74.32,2168139,$65.54,3800199,$10.03,9480316,$56.87,8756272,0.05,0.05,0.05,4.32,0.06,0.08,0.22,0.38,0.73,1.04,1.29,1.85,1.93,74.56
07/23/2021,$148.56,71447420,$182.83,48725840,$133.02,41506420,$289.67,22768070,$369.79,33694330,$19.56,195672000,$49.06,1045597,$57.04,14088190,$98.86,7570757,$53.43,3058369,$72.17,2126090,$63.71,3964685,$10.00,12263820,$55.34,10623750,0.05,0.05,0.05,4.32,0.05,0.07,0.22,0.38,0.72,1.04,1.3,1.85,1.92,74.56
07/22/2021,$146.80,77338160,$181.90,65307040,$128.42,14301880,$286.14,23384060,$351.19,12385440,$19.59,323826000,$48.75,1387501,$57.11,13493810,$98.82,7694255,$53.39,3179290,$72.31,2807086,$63.48,3307947,$9.94,11042590,$56.67,6765540,0.04,0.04,0.05,4.32,0.05,0.07,0.2,0.37,0.71,1.02,1.27,1.82,1.9,74.56
07/21/2021,$145.40,74993460,$179.26,46379780,$127.55,20746180,$281.40,24364320,$346.23,9279657,$19.41,371017400,$48.89,1675720,$57.76,20908730,$99.82,11478150,$54.08,5799010,$73.76,4450187,$64.91,5129675,$9.97,15327390,$57.02,9377963,0.04,0.04,0.05,4.32,0.05,0.07,0.22,0.39,0.74,1.05,1.3,1.87,1.94,74.56
07/20/2021,$146.15,96350040,$178.66,65113600,$126.21,26316440,$279.32,26259740,$341.66,11024280,$18.61,434686500,$48.46,2498496,$55.96,26756120,$96.53,12114570,$52.12,5664684,$71.13,4956907,$62.57,5525389,$9.77,13064240,$54.47,9358222,0.05,0.05,0.05,4.32,0.06,0.08,0.2,0.37,0.69,0.98,1.23,1.79,1.88,74.56
07/19/2021,$142.45,121434600,$177.48,75691900,$124.58,27967580,$277.01,32935630,$336.95,14372350,$18.78,749058800,$47.19,2208935,$55.35,37969060,$95.96,17385520,$50.88,10787800,$70.55,5171620,$61.92,7318704,$9.31,30570860,$53.70,13342150,0.05,0.05,0.05,4.32,0.06,0.07,0.21,0.38,0.7,0.97,1.19,1.74,1.81,74.56
07/16/2021,$146.39,93251430,$178.68,80874120,$126.97,20424540,$280.75,26186850,$341.16,11026090,$18.16,688222800,$46.89,1968915,$57.32,27049510,$98.62,12199110,$53.26,6763734,$74.48,3305414,$64.88,4696630,$9.68,13564100,$55.50,8805604,0.05,0.05,0.05,4.32,0.05,0.08,0.25,0.43,0.79,1.08,1.31,1.86,1.93,74.56
07/15/2021,$148.48,106820300,$181.56,63705840,$127.01,24218800,$281.03,22604230,$344.46,14781590,$18.97,550564400,$47.58,2631568,$58.95,15851100,$101.30,9665662,$54.25,7349022,$77.17,3481013,$66.80,4787820,$9.79,23731730,$57.08,8723253,0.05,0.05,0.05,4.32,0.05,0.07,0.23,0.43,0.78,1.07,1.31,1.85,1.92,74.56
07/14/2021,$149.15,127050800,$184.08,65931360,$128.24,23745660,$282.51,23113660,$347.63,13894220,$19.84,380099200,$47.46,2617147,$59.53,21573590,$101.97,9216621,$55.12,7799825,$78.54,4263746,$67.67,5213701,$10.08,10930160,$57.67,8489637,0.06,0.05,0.06,4.32,0.05,0.08,0.23,0.44,0.8,1.11,1.37,1.91,1.98,74.56
07/13/2021,$145.64,100827100,$183.87,76918340,$127.34,19246940,$280.98,26120130,$352.09,11455960,$20.25,290706320,$47.64,3536476,$60.88,17147350,$103.93,6737964,$57.40,4935171,$81.65,3340560,$70.47,3394317,$10.28,6476740,$59.46,6510447,0.05,0.05,0.05,4.32,0.06,0.08,0.26,0.47,0.85,1.16,1.42,1.96,2.04,74.56
07/12/2021,$144.50,76299720,$185.93,51432700,$126.98,17667780,$277.32,18931700,$353.16,10018620,$20.51,321984760,$49.35,2071537,$61.17,21809420,$104.28,9898606,$58.33,4943608,$82.40,3251865,$71.68,2728291,$10.46,7883219,$59.80,6063123,0.05,0.05,0.05,4.32,0.06,0.08,0.23,0.43,0.81,1.13,1.38,1.93,2,74.56